,date,time,open,high,low,close,volume,ts,HH,HL,LH,LL
0,2020-12-11,00:00:00,61.0,71.91,48.98,58.9,9249222,2020-12-11 00:00:00+00:00,0.0,0.0,0.0,0.0
1,2020-12-14,00:00:00,56.9262,60.6905,50.0,50.01,1487276,2020-12-14 00:00:00+00:00,0.0,0.0,0.0,0.0
2,2020-12-15,00:00:00,50.81,52.21,45.26,46.99,3957992,2020-12-15 00:00:00+00:00,0.0,0.0,0.0,0.0
3,2020-12-16,00:00:00,47.13,49.73,42.15,47.53,1688698,2020-12-16 00:00:00+00:00,0.0,0.0,0.0,0.0
4,2020-12-17,00:00:00,48.54,50.5,48.14,48.6,636322,2020-12-17 00:00:00+00:00,0.0,0.0,0.0,0.0
5,2020-12-18,00:00:00,49.2,49.8,48.16,49.22,424815,2020-12-18 00:00:00+00:00,0.0,0.0,0.0,0.0
6,2020-12-21,00:00:00,48.5,48.99,43.6316,45.3,912680,2020-12-21 00:00:00+00:00,0.0,0.0,0.0,0.0
7,2020-12-22,00:00:00,47.62,47.99,42.565,47.12,970373,2020-12-22 00:00:00+00:00,0.0,0.0,0.0,0.0
8,2020-12-23,00:00:00,45.68,45.99,42.6,43.26,1407058,2020-12-23 00:00:00+00:00,0.0,0.0,0.0,0.0
9,2020-12-24,00:00:00,43.26,44.0,40.85,42.42,607747,2020-12-24 00:00:00+00:00,0.0,0.0,0.0,0.0
10,2020-12-28,00:00:00,42.65,42.96,38.3,40.55,1116797,2020-12-28 00:00:00+00:00,0.0,0.0,0.0,0.0
11,2020-12-29,00:00:00,41.13,41.5,38.0,39.0,1672019,2020-12-29 00:00:00+00:00,0.0,0.0,0.0,0.0
12,2020-12-30,00:00:00,38.59,41.1,37.62,41.1,851306,2020-12-30 00:00:00+00:00,0.0,0.0,0.0,0.0
13,2020-12-31,00:00:00,41.45,41.5,38.6,40.24,1200980,2020-12-31 00:00:00+00:00,0.0,0.0,0.0,0.0
14,2021-01-04,00:00:00,40.0,40.3,38.775,39.1,1122039,2021-01-04 00:00:00+00:00,0.0,0.0,0.0,0.0
15,2021-01-05,00:00:00,38.81,39.5,37.7,38.51,1727152,2021-01-05 00:00:00+00:00,0.0,0.0,0.0,0.0
16,2021-01-06,00:00:00,38.75,40.05,36.82,39.61,2752783,2021-01-06 00:00:00+00:00,0.0,0.0,0.0,0.0
17,2021-01-07,00:00:00,40.7,40.96,38.64,39.32,992754,2021-01-07 00:00:00+00:00,0.0,0.0,0.0,0.0
18,2021-01-08,00:00:00,39.32,42.48,38.78,39.72,1076722,2021-01-08 00:00:00+00:00,0.0,0.0,0.0,0.0
19,2021-01-11,00:00:00,40.36,40.5,36.27,36.59,872651,2021-01-11 00:00:00+00:00,0.0,0.0,0.0,0.0
20,2021-01-12,00:00:00,37.0,40.35,36.7701,39.95,1447704,2021-01-12 00:00:00+00:00,0.0,0.0,0.0,0.0
21,2021-01-13,00:00:00,39.9,44.9899,39.72,43.88,1914280,2021-01-13 00:00:00+00:00,0.0,0.0,0.0,0.0
22,2021-01-14,00:00:00,44.39,47.0,41.46,46.64,965054,2021-01-14 00:00:00+00:00,0.0,0.0,0.0,0.0
23,2021-01-15,00:00:00,45.51,46.55,44.07,44.41,1000888,2021-01-15 00:00:00+00:00,0.0,0.0,0.0,0.0
24,2021-01-19,00:00:00,44.94,49.32,44.94,49.08,1252178,2021-01-19 00:00:00+00:00,0.0,0.0,0.0,0.0
25,2021-01-20,00:00:00,49.53,49.74,47.5,48.2,475537,2021-01-20 00:00:00+00:00,0.0,0.0,0.0,0.0
26,2021-01-21,00:00:00,49.0,51.49,48.07,50.9,1003831,2021-01-21 00:00:00+00:00,0.0,0.0,0.0,0.0
27,2021-01-22,00:00:00,50.04,51.3583,49.08,50.5,694532,2021-01-22 00:00:00+00:00,0.0,0.0,0.0,0.0
28,2021-01-25,00:00:00,51.2,51.24,46.43,48.79,478824,2021-01-25 00:00:00+00:00,0.0,0.0,0.0,0.0
29,2021-01-26,00:00:00,49.29,49.96,46.0558,47.77,500142,2021-01-26 00:00:00+00:00,0.0,0.0,0.0,0.0
30,2021-01-27,00:00:00,45.89,48.92,45.1,46.85,687259,2021-01-27 00:00:00+00:00,0.0,0.0,0.0,0.0
31,2021-01-28,00:00:00,46.45,52.5,46.14,51.5,998935,2021-01-28 00:00:00+00:00,0.0,0.0,0.0,0.0
32,2021-01-29,00:00:00,52.1,55.22,50.3301,52.83,1070405,2021-01-29 00:00:00+00:00,0.0,0.0,0.0,0.0
33,2021-02-01,00:00:00,53.25,54.2597,52.86,53.2,1248178,2021-02-01 00:00:00+00:00,0.0,0.0,0.0,0.0
34,2021-02-02,00:00:00,53.19,54.0,47.5209,47.95,744173,2021-02-02 00:00:00+00:00,0.0,0.0,0.0,0.0
35,2021-02-03,00:00:00,49.72,49.97,48.15,48.55,579603,2021-02-03 00:00:00+00:00,0.0,0.0,0.0,0.0
36,2021-02-04,00:00:00,49.0,49.0758,46.0,46.58,373990,2021-02-04 00:00:00+00:00,0.0,0.0,0.0,0.0
37,2021-02-05,00:00:00,46.9,47.45,45.6802,46.55,458800,2021-02-05 00:00:00+00:00,0.0,0.0,0.0,0.0
38,2021-02-08,00:00:00,49.0,49.37,44.57,45.03,580107,2021-02-08 00:00:00+00:00,0.0,0.0,0.0,0.0
39,2021-02-09,00:00:00,47.75,49.7,46.175,47.0,973907,2021-02-09 00:00:00+00:00,0.0,0.0,0.0,0.0
40,2021-02-10,00:00:00,53.0,53.03,46.97,46.99,1126181,2021-02-10 00:00:00+00:00,0.0,0.0,0.0,0.0
41,2021-02-11,00:00:00,48.0,48.41,44.5887,46.0,807339,2021-02-11 00:00:00+00:00,0.0,0.0,0.0,0.0
42,2021-02-12,00:00:00,46.2,46.2,42.66,42.97,714656,2021-02-12 00:00:00+00:00,0.0,0.0,0.0,0.0
43,2021-02-16,00:00:00,44.1978,44.7,42.6001,44.04,1443125,2021-02-16 00:00:00+00:00,0.0,0.0,0.0,0.0
44,2021-02-17,00:00:00,44.2,46.72,43.5201,45.64,609710,2021-02-17 00:00:00+00:00,0.0,0.0,0.0,0.0
45,2021-02-18,00:00:00,45.65,45.65,43.36,43.8,499360,2021-02-18 00:00:00+00:00,0.0,0.0,0.0,0.0
46,2021-02-19,00:00:00,43.56,45.44,43.56,44.07,415947,2021-02-19 00:00:00+00:00,0.0,0.0,0.0,0.0
47,2021-02-22,00:00:00,44.25,44.95,39.8,40.37,597562,2021-02-22 00:00:00+00:00,0.0,0.0,0.0,0.0
48,2021-02-23,00:00:00,39.61,40.0,35.7301,38.83,911360,2021-02-23 00:00:00+00:00,0.0,0.0,0.0,0.0
49,2021-02-24,00:00:00,40.91,41.36,39.56,40.1,661193,2021-02-24 00:00:00+00:00,0.0,0.0,0.0,0.0
50,2021-02-25,00:00:00,40.38,41.65,38.7,39.06,481263,2021-02-25 00:00:00+00:00,0.0,0.0,0.0,0.0
51,2021-02-26,00:00:00,38.95,39.2739,36.24,37.71,797457,2021-02-26 00:00:00+00:00,0.0,0.0,0.0,0.0
52,2021-03-01,00:00:00,38.46,40.6,38.46,39.69,291396,2021-03-01 00:00:00+00:00,0.0,0.0,0.0,0.0
53,2021-03-02,00:00:00,39.7,40.13,37.41,38.0,300926,2021-03-02 00:00:00+00:00,0.0,0.0,0.0,0.0
54,2021-03-03,00:00:00,39.0,39.0,35.5,35.67,493198,2021-03-03 00:00:00+00:00,0.0,0.0,0.0,0.0
55,2021-03-04,00:00:00,35.5,35.5,29.569,30.05,2272546,2021-03-04 00:00:00+00:00,0.0,0.0,0.0,0.0
56,2021-03-05,00:00:00,30.5099,31.7364,26.1601,28.61,1793973,2021-03-05 00:00:00+00:00,0.0,0.0,0.0,0.0
57,2021-03-08,00:00:00,31.19,31.4684,26.375,26.76,930293,2021-03-08 00:00:00+00:00,0.0,0.0,0.0,0.0
58,2021-03-09,00:00:00,28.71,31.17,27.89,30.64,1005814,2021-03-09 00:00:00+00:00,0.0,0.0,0.0,0.0
59,2021-03-10,00:00:00,31.03,32.89,30.2101,32.22,941362,2021-03-10 00:00:00+00:00,0.0,0.0,0.0,0.0
60,2021-03-11,00:00:00,34.22,36.22,32.9,36.0,1066128,2021-03-11 00:00:00+00:00,0.0,0.0,0.0,0.0
61,2021-03-12,00:00:00,36.21,36.845,34.85,36.54,432782,2021-03-12 00:00:00+00:00,0.0,0.0,0.0,0.0
62,2021-03-15,00:00:00,37.41,38.25,36.45,37.55,891669,2021-03-15 00:00:00+00:00,0.0,0.0,0.0,0.0
63,2021-03-16,00:00:00,37.87,39.19,37.35,37.88,963949,2021-03-16 00:00:00+00:00,0.0,0.0,0.0,0.0
64,2021-03-17,00:00:00,36.55,36.9099,34.745,36.29,446013,2021-03-17 00:00:00+00:00,0.0,0.0,0.0,0.0
65,2021-03-18,00:00:00,36.0,36.15,30.7501,31.37,1089417,2021-03-18 00:00:00+00:00,0.0,0.0,0.0,0.0
66,2021-03-19,00:00:00,31.5,32.19,30.81,31.2,859039,2021-03-19 00:00:00+00:00,0.0,0.0,0.0,0.0
67,2021-03-22,00:00:00,31.99,32.34,30.22,30.58,543200,2021-03-22 00:00:00+00:00,0.0,0.0,0.0,0.0
68,2021-03-23,00:00:00,30.65,30.77,28.5,29.23,565435,2021-03-23 00:00:00+00:00,0.0,0.0,0.0,0.0
69,2021-03-24,00:00:00,29.47,29.97,27.61,27.79,634984,2021-03-24 00:00:00+00:00,0.0,0.0,0.0,0.0
70,2021-03-25,00:00:00,27.05,28.0,26.19,26.58,1788296,2021-03-25 00:00:00+00:00,0.0,0.0,0.0,0.0
71,2021-03-26,00:00:00,26.898,27.11,24.07,24.75,1703207,2021-03-26 00:00:00+00:00,0.0,0.0,0.0,0.0
72,2021-03-29,00:00:00,25.2658,25.9999,23.2,23.29,1366504,2021-03-29 00:00:00+00:00,0.0,0.0,0.0,0.0
73,2021-03-30,00:00:00,27.52,27.947,24.57,26.68,3580189,2021-03-30 00:00:00+00:00,0.0,0.0,0.0,0.0
74,2021-03-31,00:00:00,28.2,36.7799,27.5,33.96,3243933,2021-03-31 00:00:00+00:00,0.0,0.0,0.0,0.0
75,2021-04-01,00:00:00,36.25,39.06,30.0001,30.71,4230924,2021-04-01 00:00:00+00:00,0.0,0.0,0.0,0.0
76,2021-04-05,00:00:00,31.71,31.78,27.9,28.09,1648203,2021-04-05 00:00:00+00:00,0.0,0.0,0.0,0.0
77,2021-04-06,00:00:00,28.0,29.14,26.77,29.0,1432111,2021-04-06 00:00:00+00:00,0.0,0.0,0.0,0.0
78,2021-04-07,00:00:00,28.41,31.32,27.86,31.29,1443216,2021-04-07 00:00:00+00:00,0.0,0.0,0.0,0.0
79,2021-04-08,00:00:00,30.79,31.62,29.63,30.59,814110,2021-04-08 00:00:00+00:00,0.0,0.0,0.0,0.0
80,2021-04-09,00:00:00,29.96,30.75,27.61,28.35,2392322,2021-04-09 00:00:00+00:00,0.0,0.0,0.0,0.0
81,2021-04-12,00:00:00,28.115,28.68,26.8,27.92,1606095,2021-04-12 00:00:00+00:00,0.0,0.0,0.0,0.0
82,2021-04-13,00:00:00,27.98,28.81,27.32,28.26,886076,2021-04-13 00:00:00+00:00,0.0,0.0,0.0,0.0
83,2021-04-14,00:00:00,28.22,30.64,27.72,28.25,1170798,2021-04-14 00:00:00+00:00,0.0,0.0,0.0,0.0
84,2021-04-15,00:00:00,29.62,30.24,28.43,29.0,1795796,2021-04-15 00:00:00+00:00,0.0,0.0,0.0,0.0
85,2021-04-16,00:00:00,29.31,30.64,28.35,29.82,690745,2021-04-16 00:00:00+00:00,0.0,0.0,0.0,0.0
86,2021-04-19,00:00:00,29.21,29.904,29.1011,29.65,698352,2021-04-19 00:00:00+00:00,0.0,0.0,0.0,0.0
87,2021-04-20,00:00:00,29.64,29.76,27.01,27.73,1617267,2021-04-20 00:00:00+00:00,0.0,0.0,0.0,0.0
88,2021-04-21,00:00:00,27.8,29.3,27.3762,29.06,814849,2021-04-21 00:00:00+00:00,0.0,0.0,0.0,0.0
89,2021-04-22,00:00:00,29.5,29.98,28.26,29.23,439128,2021-04-22 00:00:00+00:00,0.0,0.0,0.0,0.0
90,2021-04-23,00:00:00,28.76,29.89,28.76,29.33,415541,2021-04-23 00:00:00+00:00,0.0,0.0,0.0,0.0
91,2021-04-26,00:00:00,29.55,31.81,29.132,31.6,679672,2021-04-26 00:00:00+00:00,0.0,0.0,0.0,0.0
92,2021-04-27,00:00:00,31.31,31.445,29.18,29.48,855439,2021-04-27 00:00:00+00:00,0.0,0.0,0.0,0.0
93,2021-04-28,00:00:00,29.0,30.62,28.96,30.03,516122,2021-04-28 00:00:00+00:00,0.0,0.0,0.0,0.0
94,2021-04-29,00:00:00,30.06,30.3,28.66,28.78,719070,2021-04-29 00:00:00+00:00,0.0,0.0,0.0,0.0
95,2021-04-30,00:00:00,28.63,29.07,26.5,26.65,1062202,2021-04-30 00:00:00+00:00,0.0,0.0,0.0,0.0
96,2021-05-03,00:00:00,27.0,27.22,25.5,26.0,696998,2021-05-03 00:00:00+00:00,0.0,0.0,0.0,0.0
97,2021-05-04,00:00:00,25.83,28.51,25.58,28.0,1719602,2021-05-04 00:00:00+00:00,0.0,0.0,0.0,0.0
98,2021-05-05,00:00:00,28.72,30.35,28.53,29.42,1360628,2021-05-05 00:00:00+00:00,0.0,0.0,0.0,0.0
99,2021-05-06,00:00:00,28.502,29.01,27.55,28.7,850458,2021-05-06 00:00:00+00:00,0.0,0.0,0.0,0.0
100,2021-05-07,00:00:00,28.4,29.9,28.2,29.09,484657,2021-05-07 00:00:00+00:00,0.0,0.0,0.0,0.0
101,2021-05-10,00:00:00,28.89,29.09,27.56,27.67,784445,2021-05-10 00:00:00+00:00,0.0,0.0,0.0,0.0
102,2021-05-11,00:00:00,26.5,28.4988,26.25,28.25,577889,2021-05-11 00:00:00+00:00,0.0,0.0,0.0,0.0
103,2021-05-12,00:00:00,28.0,30.97,27.73,30.72,906771,2021-05-12 00:00:00+00:00,0.0,0.0,0.0,0.0
104,2021-05-13,00:00:00,29.67,35.0,29.67,34.14,1797991,2021-05-13 00:00:00+00:00,0.0,0.0,0.0,0.0
105,2021-05-14,00:00:00,31.75,32.88,30.5,31.75,902161,2021-05-14 00:00:00+00:00,0.0,0.0,0.0,0.0
106,2021-05-17,00:00:00,31.5,36.05,31.5,34.17,895898,2021-05-17 00:00:00+00:00,0.0,0.0,0.0,0.0
107,2021-05-18,00:00:00,33.87,34.0,32.6,32.99,659579,2021-05-18 00:00:00+00:00,0.0,0.0,0.0,0.0
108,2021-05-19,00:00:00,32.56,32.57,31.32,32.35,327194,2021-05-19 00:00:00+00:00,0.0,0.0,0.0,0.0
109,2021-05-20,00:00:00,32.35,32.96,31.13,31.79,365210,2021-05-20 00:00:00+00:00,0.0,0.0,0.0,0.0
110,2021-05-21,00:00:00,31.21,32.7007,31.21,32.03,409539,2021-05-21 00:00:00+00:00,0.0,0.0,0.0,0.0
111,2021-05-24,00:00:00,31.84,33.2287,31.84,32.62,343711,2021-05-24 00:00:00+00:00,0.0,0.0,0.0,0.0
112,2021-05-25,00:00:00,32.26,33.6376,32.06,32.56,800149,2021-05-25 00:00:00+00:00,0.0,0.0,0.0,0.0
113,2021-05-26,00:00:00,32.31,32.56,28.11,28.5,1947732,2021-05-26 00:00:00+00:00,0.0,0.0,0.0,0.0
114,2021-05-27,00:00:00,28.2,28.5,26.78,27.15,1581894,2021-05-27 00:00:00+00:00,0.0,0.0,0.0,0.0
115,2021-05-28,00:00:00,27.3,28.36,26.65,26.83,1238702,2021-05-28 00:00:00+00:00,0.0,0.0,0.0,0.0
116,2021-06-01,00:00:00,27.25,27.47,26.05,26.44,1149458,2021-06-01 00:00:00+00:00,0.0,0.0,0.0,0.0
117,2021-06-02,00:00:00,26.5,27.6,26.16,26.87,928751,2021-06-02 00:00:00+00:00,0.0,0.0,0.0,0.0
118,2021-06-03,00:00:00,26.7,26.9342,25.17,25.57,1042451,2021-06-03 00:00:00+00:00,0.0,0.0,0.0,0.0
119,2021-06-04,00:00:00,25.69,26.0045,25.2,25.97,769830,2021-06-04 00:00:00+00:00,0.0,0.0,0.0,0.0
120,2021-06-07,00:00:00,25.8,27.4603,25.62,26.23,815165,2021-06-07 00:00:00+00:00,0.0,0.0,0.0,0.0
121,2021-06-08,00:00:00,26.31,26.83,24.75,24.98,1328751,2021-06-08 00:00:00+00:00,0.0,0.0,0.0,0.0
122,2021-06-09,00:00:00,23.5,24.84,23.25,23.84,3872647,2021-06-09 00:00:00+00:00,0.0,0.0,0.0,0.0
123,2021-06-10,00:00:00,24.475,25.02,23.85,24.84,3645825,2021-06-10 00:00:00+00:00,0.0,0.0,0.0,0.0
124,2021-06-11,00:00:00,25.47,26.49,24.99,25.9,4290240,2021-06-11 00:00:00+00:00,0.0,0.0,0.0,0.0
125,2021-06-14,00:00:00,26.6021,26.6021,24.18,24.55,3569452,2021-06-14 00:00:00+00:00,0.0,0.0,0.0,0.0
126,2021-06-15,00:00:00,24.88,24.88,23.47,23.53,2295977,2021-06-15 00:00:00+00:00,0.0,0.0,0.0,0.0
127,2021-06-16,00:00:00,23.6,24.0,22.88,23.04,1910698,2021-06-16 00:00:00+00:00,0.0,0.0,0.0,0.0
128,2021-06-17,00:00:00,23.01,23.09,22.35,22.81,2114562,2021-06-17 00:00:00+00:00,0.0,0.0,0.0,0.0
129,2021-06-18,00:00:00,22.8,23.4,22.345,23.19,2929406,2021-06-18 00:00:00+00:00,0.0,0.0,0.0,0.0
130,2021-06-21,00:00:00,23.2,23.23,21.83,22.72,2506795,2021-06-21 00:00:00+00:00,0.0,0.0,0.0,0.0
131,2021-06-22,00:00:00,22.5,22.85,21.9327,22.07,1539317,2021-06-22 00:00:00+00:00,0.0,0.0,0.0,0.0
132,2021-06-23,00:00:00,21.0,21.77,19.8,21.71,6377653,2021-06-23 00:00:00+00:00,0.0,0.0,0.0,0.0
133,2021-06-24,00:00:00,22.274,22.38,20.8,21.26,3417107,2021-06-24 00:00:00+00:00,0.0,0.0,0.0,0.0
134,2021-06-25,00:00:00,21.12,21.2,20.15,20.74,3134732,2021-06-25 00:00:00+00:00,0.0,0.0,0.0,0.0
135,2021-06-28,00:00:00,20.54,20.8327,20.05,20.19,2760848,2021-06-28 00:00:00+00:00,0.0,0.0,0.0,0.0
136,2021-06-29,00:00:00,20.36,21.4,20.12,21.28,2300298,2021-06-29 00:00:00+00:00,0.0,0.0,0.0,0.0
137,2021-06-30,00:00:00,21.29,22.4997,20.83,22.0,2137207,2021-06-30 00:00:00+00:00,0.0,0.0,0.0,0.0
138,2021-07-01,00:00:00,22.51,22.51,20.5,20.56,1963372,2021-07-01 00:00:00+00:00,0.0,0.0,0.0,0.0
139,2021-07-02,00:00:00,20.22,20.59,19.83,20.48,1781991,2021-07-02 00:00:00+00:00,0.0,0.0,0.0,0.0
140,2021-07-06,00:00:00,20.46,21.1,19.575,19.62,1840657,2021-07-06 00:00:00+00:00,0.0,0.0,0.0,0.0
141,2021-07-07,00:00:00,19.8,19.9,18.3,19.0,3085765,2021-07-07 00:00:00+00:00,0.0,0.0,0.0,0.0
142,2021-07-08,00:00:00,18.49,18.77,17.88,18.52,1897244,2021-07-08 00:00:00+00:00,0.0,0.0,0.0,0.0
143,2021-07-09,00:00:00,18.75,19.42,17.91,19.37,1782234,2021-07-09 00:00:00+00:00,0.0,0.0,0.0,0.0
144,2021-07-12,00:00:00,19.39,20.2,18.62,18.65,1150584,2021-07-12 00:00:00+00:00,0.0,0.0,0.0,0.0
145,2021-07-13,00:00:00,18.58,18.67,17.78,17.83,1624967,2021-07-13 00:00:00+00:00,0.0,0.0,0.0,0.0
146,2021-07-14,00:00:00,17.83,18.07,16.75,16.88,2871574,2021-07-14 00:00:00+00:00,0.0,0.0,0.0,0.0
147,2021-07-15,00:00:00,17.14,17.29,16.3,16.53,2254809,2021-07-15 00:00:00+00:00,0.0,0.0,0.0,0.0
148,2021-07-16,00:00:00,16.51,17.02,16.06,16.93,1544584,2021-07-16 00:00:00+00:00,0.0,0.0,0.0,0.0
149,2021-07-19,00:00:00,16.58,16.9499,16.08,16.42,1195905,2021-07-19 00:00:00+00:00,0.0,0.0,0.0,0.0
150,2021-07-20,00:00:00,16.3,16.59,15.8,16.34,1168810,2021-07-20 00:00:00+00:00,0.0,0.0,0.0,0.0
151,2021-07-21,00:00:00,16.37,16.97,16.36,16.62,893097,2021-07-21 00:00:00+00:00,0.0,0.0,0.0,0.0
152,2021-07-22,00:00:00,16.75,16.8612,16.0,16.03,1029817,2021-07-22 00:00:00+00:00,0.0,0.0,0.0,0.0
153,2021-07-23,00:00:00,16.05,16.35,15.72,15.79,1387506,2021-07-23 00:00:00+00:00,0.0,0.0,0.0,0.0
154,2021-07-26,00:00:00,15.88,16.44,15.01,15.39,1914475,2021-07-26 00:00:00+00:00,0.0,0.0,0.0,0.0
155,2021-07-27,00:00:00,15.35,15.45,14.51,14.85,1993625,2021-07-27 00:00:00+00:00,0.0,0.0,0.0,0.0
156,2021-07-28,00:00:00,14.95,16.4299,14.93,16.08,1990669,2021-07-28 00:00:00+00:00,0.0,0.0,0.0,0.0
157,2021-07-29,00:00:00,16.2,16.55,15.39,15.62,1302289,2021-07-29 00:00:00+00:00,0.0,0.0,0.0,0.0
158,2021-07-30,00:00:00,15.6,16.17,15.08,15.17,1014682,2021-07-30 00:00:00+00:00,0.0,0.0,0.0,0.0
159,2021-08-02,00:00:00,15.35,16.31,15.2627,15.82,1000642,2021-08-02 00:00:00+00:00,0.0,0.0,0.0,0.0
160,2021-08-03,00:00:00,16.0,16.0,15.35,15.75,1029181,2021-08-03 00:00:00+00:00,0.0,0.0,0.0,0.0
161,2021-08-04,00:00:00,15.77,15.77,15.06,15.23,1159453,2021-08-04 00:00:00+00:00,0.0,0.0,0.0,0.0
162,2021-08-05,00:00:00,15.472,15.83,15.1,15.61,1228261,2021-08-05 00:00:00+00:00,0.0,0.0,0.0,0.0
163,2021-08-06,00:00:00,15.85,15.85,14.775,14.97,1636573,2021-08-06 00:00:00+00:00,0.0,0.0,0.0,0.0
164,2021-08-09,00:00:00,15.03,16.49,14.98,16.2,1848510,2021-08-09 00:00:00+00:00,0.0,0.0,0.0,0.0
165,2021-08-10,00:00:00,16.5,16.58,15.16,15.59,1756899,2021-08-10 00:00:00+00:00,0.0,0.0,0.0,0.0
166,2021-08-11,00:00:00,15.63,15.735,14.93,15.28,1471135,2021-08-11 00:00:00+00:00,0.0,0.0,0.0,0.0
167,2021-08-12,00:00:00,15.28,15.95,15.11,15.19,1865147,2021-08-12 00:00:00+00:00,0.0,0.0,0.0,1.0
168,2021-08-13,00:00:00,15.0,18.95,15.0,17.89,9978213,2021-08-13 00:00:00+00:00,0.0,0.0,0.0,1.0
169,2021-08-16,00:00:00,17.83,17.94,16.68,17.66,2014998,2021-08-16 00:00:00+00:00,0.0,0.0,0.0,1.0
170,2021-08-17,00:00:00,16.66,17.22,15.5,16.59,3084146,2021-08-17 00:00:00+00:00,0.0,0.0,0.0,1.0
171,2021-08-18,00:00:00,16.98,17.26,16.36,16.75,2366094,2021-08-18 00:00:00+00:00,0.0,0.0,0.0,1.0
172,2021-08-19,00:00:00,16.5,16.5,15.45,15.79,3200083,2021-08-19 00:00:00+00:00,0.0,0.0,0.0,1.0
173,2021-08-20,00:00:00,15.8,16.28,15.52,16.04,1470478,2021-08-20 00:00:00+00:00,0.0,0.0,0.0,1.0
174,2021-08-23,00:00:00,16.49,17.17,16.15,16.91,1524639,2021-08-23 00:00:00+00:00,0.0,0.0,0.0,1.0
175,2021-08-24,00:00:00,17.09,17.29,16.8,17.06,1030493,2021-08-24 00:00:00+00:00,0.0,0.0,0.0,1.0
176,2021-08-25,00:00:00,17.07,18.3399,16.96,17.65,1856547,2021-08-25 00:00:00+00:00,0.0,0.0,0.0,1.0
177,2021-08-26,00:00:00,17.82,17.8553,16.86,17.37,933810,2021-08-26 00:00:00+00:00,0.0,0.0,0.0,1.0
178,2021-08-27,00:00:00,17.35,18.16,17.04,17.58,1682360,2021-08-27 00:00:00+00:00,0.0,0.0,0.0,1.0
179,2021-08-30,00:00:00,17.86,17.99,16.9,17.35,1032100,2021-08-30 00:00:00+00:00,0.0,0.0,0.0,1.0
180,2021-08-31,00:00:00,17.5,17.605,16.62,16.78,1710656,2021-08-31 00:00:00+00:00,0.0,0.0,0.0,1.0
181,2021-09-01,00:00:00,16.78,17.41,16.545,16.93,1567631,2021-09-01 00:00:00+00:00,0.0,0.0,0.0,1.0
182,2021-09-02,00:00:00,17.14,17.68,16.78,17.55,1315529,2021-09-02 00:00:00+00:00,0.0,0.0,0.0,1.0
183,2021-09-03,00:00:00,17.661,19.12,17.44,18.74,3005023,2021-09-03 00:00:00+00:00,0.0,0.0,0.0,1.0
184,2021-09-07,00:00:00,19.46,19.52,18.7,18.95,2866451,2021-09-07 00:00:00+00:00,0.0,0.0,0.0,1.0
185,2021-09-08,00:00:00,19.035,19.24,18.11,18.24,1432360,2021-09-08 00:00:00+00:00,0.0,0.0,0.0,1.0
186,2021-09-09,00:00:00,18.24,18.59,17.96,18.43,1135286,2021-09-09 00:00:00+00:00,0.0,0.0,0.0,1.0
187,2021-09-10,00:00:00,19.72,19.72,18.51,18.99,1588594,2021-09-10 00:00:00+00:00,0.0,0.0,0.0,1.0
188,2021-09-13,00:00:00,18.93,18.99,17.6275,17.73,2875112,2021-09-13 00:00:00+00:00,0.0,0.0,0.0,1.0
189,2021-09-14,00:00:00,17.8,17.96,17.4,17.56,1982913,2021-09-14 00:00:00+00:00,0.0,0.0,0.0,1.0
190,2021-09-15,00:00:00,19.18,19.54,17.95,18.81,7188110,2021-09-15 00:00:00+00:00,0.0,0.0,0.0,1.0
191,2021-09-16,00:00:00,18.79,19.88,18.37,19.8,6508789,2021-09-16 00:00:00+00:00,0.0,0.0,0.0,1.0
192,2021-09-17,00:00:00,22.63,22.6337,19.81,20.36,14636230,2021-09-17 00:00:00+00:00,0.0,0.0,0.0,1.0
193,2021-09-20,00:00:00,19.37,21.29,19.17,20.65,4906015,2021-09-20 00:00:00+00:00,0.0,0.0,0.0,1.0
194,2021-09-21,00:00:00,20.53,21.1787,19.75,21.08,3426074,2021-09-21 00:00:00+00:00,0.0,0.0,0.0,1.0
195,2021-09-22,00:00:00,21.21,21.62,20.62,21.34,3220894,2021-09-22 00:00:00+00:00,0.0,0.0,0.0,1.0
196,2021-09-23,00:00:00,21.41,22.0879,20.68,21.15,3962837,2021-09-23 00:00:00+00:00,0.0,0.0,0.0,1.0
197,2021-09-24,00:00:00,21.0,21.31,20.76,21.15,1663151,2021-09-24 00:00:00+00:00,0.0,0.0,0.0,1.0
198,2021-09-27,00:00:00,21.17,21.46,20.47,20.99,2619165,2021-09-27 00:00:00+00:00,0.0,0.0,0.0,1.0
199,2021-09-28,00:00:00,20.57,20.68,19.3275,19.61,3738078,2021-09-28 00:00:00+00:00,0.0,0.0,0.0,1.0
200,2021-09-29,00:00:00,19.69,20.02,19.11,19.45,1262410,2021-09-29 00:00:00+00:00,0.0,0.0,0.0,1.0
201,2021-09-30,00:00:00,19.4,20.3,19.12,20.04,1558781,2021-09-30 00:00:00+00:00,0.0,0.0,0.0,1.0
202,2021-10-01,00:00:00,19.06,19.41,16.765,17.2,8070482,2021-10-01 00:00:00+00:00,0.0,0.0,0.0,1.0
203,2021-10-04,00:00:00,16.98,17.0,16.22,16.43,2086827,2021-10-04 00:00:00+00:00,0.0,0.0,0.0,1.0
204,2021-10-05,00:00:00,16.43,16.88,16.18,16.53,1672736,2021-10-05 00:00:00+00:00,0.0,0.0,0.0,1.0
205,2021-10-06,00:00:00,16.18,16.29,15.45,15.55,2424094,2021-10-06 00:00:00+00:00,0.0,0.0,0.0,1.0
206,2021-10-07,00:00:00,15.67,16.2,15.41,15.78,1827682,2021-10-07 00:00:00+00:00,0.0,0.0,0.0,1.0
207,2021-10-08,00:00:00,15.79,15.9,15.24,15.37,1797165,2021-10-08 00:00:00+00:00,0.0,0.0,0.0,1.0
208,2021-10-11,00:00:00,15.39,15.41,14.8,14.85,2016420,2021-10-11 00:00:00+00:00,0.0,0.0,0.0,1.0
209,2021-10-12,00:00:00,14.9,15.35,14.78,15.12,1215921,2021-10-12 00:00:00+00:00,0.0,0.0,0.0,1.0
210,2021-10-13,00:00:00,15.15,15.58,14.97,15.52,1224436,2021-10-13 00:00:00+00:00,0.0,0.0,1.0,1.0
211,2021-10-14,00:00:00,15.58,16.37,15.54,15.91,1304131,2021-10-14 00:00:00+00:00,0.0,0.0,1.0,1.0
212,2021-10-15,00:00:00,15.96,16.02,15.4,15.53,1076329,2021-10-15 00:00:00+00:00,0.0,0.0,1.0,1.0
213,2021-10-18,00:00:00,15.42,15.75,15.17,15.28,1075783,2021-10-18 00:00:00+00:00,0.0,0.0,1.0,1.0
214,2021-10-19,00:00:00,15.3,16.3782,15.3,15.97,1395284,2021-10-19 00:00:00+00:00,0.0,0.0,1.0,1.0
215,2021-10-20,00:00:00,15.99,16.12,15.79,16.04,717776,2021-10-20 00:00:00+00:00,0.0,0.0,1.0,1.0
216,2021-10-21,00:00:00,15.99,16.49,15.98,16.3,974846,2021-10-21 00:00:00+00:00,0.0,0.0,1.0,1.0
217,2021-10-22,00:00:00,16.16,16.2011,15.6,15.97,839467,2021-10-22 00:00:00+00:00,0.0,0.0,1.0,1.0
218,2021-10-25,00:00:00,15.92,16.51,15.92,16.47,997465,2021-10-25 00:00:00+00:00,0.0,0.0,1.0,1.0
219,2021-10-26,00:00:00,16.16,16.47,15.41,15.58,2001764,2021-10-26 00:00:00+00:00,0.0,0.0,1.0,1.0
220,2021-10-27,00:00:00,15.54,15.73,15.03,15.37,1068864,2021-10-27 00:00:00+00:00,0.0,0.0,1.0,1.0
221,2021-10-28,00:00:00,15.39,16.05,15.19,15.92,1239616,2021-10-28 00:00:00+00:00,0.0,0.0,1.0,1.0
222,2021-10-29,00:00:00,15.75,16.219,15.62,15.71,799266,2021-10-29 00:00:00+00:00,0.0,1.0,1.0,0.0
223,2021-11-01,00:00:00,15.77,17.25,15.76,17.03,1649863,2021-11-01 00:00:00+00:00,0.0,1.0,1.0,0.0
224,2021-11-02,00:00:00,16.96,17.9,16.57,17.73,1777476,2021-11-02 00:00:00+00:00,0.0,1.0,1.0,0.0
225,2021-11-03,00:00:00,17.93,17.93,17.2,17.62,898478,2021-11-03 00:00:00+00:00,0.0,1.0,1.0,0.0
226,2021-11-04,00:00:00,17.57,17.7,16.96,17.37,775598,2021-11-04 00:00:00+00:00,0.0,1.0,1.0,0.0
227,2021-11-05,00:00:00,15.91,16.15,15.0,15.09,5201336,2021-11-05 00:00:00+00:00,0.0,1.0,1.0,0.0
228,2021-11-08,00:00:00,15.19,15.65,15.155,15.33,2193552,2021-11-08 00:00:00+00:00,0.0,1.0,1.0,0.0
229,2021-11-09,00:00:00,15.4,15.5,14.66,14.71,2436665,2021-11-09 00:00:00+00:00,0.0,1.0,1.0,0.0
230,2021-11-10,00:00:00,13.54,15.13,13.18,14.14,3332081,2021-11-10 00:00:00+00:00,0.0,1.0,1.0,0.0
231,2021-11-11,00:00:00,14.22,15.11,14.21,15.05,1724808,2021-11-11 00:00:00+00:00,0.0,1.0,1.0,0.0
232,2021-11-12,00:00:00,15.13,15.51,14.78,15.02,2082773,2021-11-12 00:00:00+00:00,0.0,1.0,1.0,0.0
233,2021-11-15,00:00:00,15.57,16.77,15.51,16.39,3135438,2021-11-15 00:00:00+00:00,0.0,1.0,1.0,0.0
234,2021-11-16,00:00:00,16.3,16.68,15.94,16.36,1600283,2021-11-16 00:00:00+00:00,0.0,1.0,1.0,0.0
235,2021-11-17,00:00:00,16.25,16.25,14.65,14.82,2108051,2021-11-17 00:00:00+00:00,0.0,1.0,1.0,0.0
236,2021-11-18,00:00:00,15.0,15.31,14.75,15.31,1442866,2021-11-18 00:00:00+00:00,0.0,1.0,1.0,0.0
237,2021-11-19,00:00:00,15.57,15.9,15.13,15.8,1819028,2021-11-19 00:00:00+00:00,0.0,1.0,1.0,0.0
238,2021-11-22,00:00:00,15.78,15.79,14.32,14.42,1826915,2021-11-22 00:00:00+00:00,0.0,1.0,1.0,0.0
239,2021-11-23,00:00:00,14.33,14.39,13.47,13.96,1809780,2021-11-23 00:00:00+00:00,0.0,1.0,1.0,0.0
240,2021-11-24,00:00:00,13.91,14.45,13.6,14.44,774736,2021-11-24 00:00:00+00:00,0.0,1.0,1.0,0.0
241,2021-11-26,00:00:00,14.45,14.47,13.75,13.99,1096105,2021-11-26 00:00:00+00:00,0.0,1.0,1.0,0.0
242,2021-11-29,00:00:00,14.22,14.27,13.73,14.1,1376007,2021-11-29 00:00:00+00:00,0.0,1.0,1.0,0.0
243,2021-11-30,00:00:00,14.0,15.3507,13.96,14.96,2263790,2021-11-30 00:00:00+00:00,0.0,1.0,1.0,0.0
244,2021-12-01,00:00:00,14.79,15.17,14.5,14.58,1509578,2021-12-01 00:00:00+00:00,0.0,1.0,1.0,0.0
245,2021-12-02,00:00:00,14.38,14.9149,14.09,14.83,1140429,2021-12-02 00:00:00+00:00,0.0,1.0,1.0,0.0
246,2021-12-03,00:00:00,14.87,14.94,13.69,14.02,2936662,2021-12-03 00:00:00+00:00,0.0,1.0,1.0,0.0
247,2021-12-06,00:00:00,13.92,13.92,13.02,13.5,2532988,2021-12-06 00:00:00+00:00,0.0,1.0,1.0,0.0
248,2021-12-07,00:00:00,13.68,14.61,13.68,14.55,1878404,2021-12-07 00:00:00+00:00,0.0,1.0,1.0,0.0
249,2021-12-08,00:00:00,14.66,15.37,14.4589,15.12,1923686,2021-12-08 00:00:00+00:00,0.0,1.0,1.0,0.0
250,2021-12-09,00:00:00,15.07,15.1,14.5,14.55,946816,2021-12-09 00:00:00+00:00,0.0,1.0,1.0,0.0
251,2021-12-10,00:00:00,14.45,14.93,13.81,13.97,2007268,2021-12-10 00:00:00+00:00,0.0,1.0,1.0,0.0
252,2021-12-13,00:00:00,14.11,14.45,13.43,13.78,1864365,2021-12-13 00:00:00+00:00,0.0,1.0,1.0,0.0
253,2021-12-14,00:00:00,13.53,13.75,13.12,13.16,2010237,2021-12-14 00:00:00+00:00,0.0,1.0,1.0,0.0
254,2021-12-15,00:00:00,13.12,13.2284,12.2,12.99,3512439,2021-12-15 00:00:00+00:00,0.0,1.0,1.0,0.0
255,2021-12-16,00:00:00,12.47,13.76,12.47,13.69,3896900,2021-12-16 00:00:00+00:00,0.0,1.0,1.0,0.0
256,2021-12-17,00:00:00,13.93,15.55,13.27,14.98,5273583,2021-12-17 00:00:00+00:00,0.0,1.0,1.0,0.0
257,2021-12-20,00:00:00,14.58,15.28,14.36,14.6,1409907,2021-12-20 00:00:00+00:00,0.0,1.0,1.0,0.0
258,2021-12-21,00:00:00,14.92,15.7999,14.6,15.74,1510888,2021-12-21 00:00:00+00:00,0.0,1.0,1.0,0.0
259,2021-12-22,00:00:00,15.53,15.9,15.14,15.4,1014467,2021-12-22 00:00:00+00:00,0.0,1.0,1.0,0.0
260,2021-12-23,00:00:00,15.43,15.4879,14.51,14.93,1765783,2021-12-23 00:00:00+00:00,0.0,1.0,1.0,0.0
261,2021-12-27,00:00:00,14.93,15.65,14.71,14.75,1374917,2021-12-27 00:00:00+00:00,0.0,1.0,1.0,0.0
262,2021-12-28,00:00:00,14.6,14.74,13.705,13.71,1622796,2021-12-28 00:00:00+00:00,0.0,1.0,1.0,0.0
263,2021-12-29,00:00:00,13.64,13.95,13.3,13.67,2014519,2021-12-29 00:00:00+00:00,0.0,1.0,1.0,0.0
264,2021-12-30,00:00:00,13.68,14.7,13.585,14.34,2779456,2021-12-30 00:00:00+00:00,0.0,1.0,1.0,0.0
265,2021-12-31,00:00:00,14.34,14.93,14.22,14.3,1026587,2021-12-31 00:00:00+00:00,0.0,1.0,1.0,0.0
266,2022-01-03,00:00:00,14.47,14.79,13.93,14.14,1022767,2022-01-03 00:00:00+00:00,0.0,1.0,1.0,0.0
267,2022-01-04,00:00:00,14.28,14.28,13.0408,13.27,1943083,2022-01-04 00:00:00+00:00,0.0,1.0,1.0,0.0
268,2022-01-05,00:00:00,13.32,13.56,12.23,12.26,1952131,2022-01-05 00:00:00+00:00,0.0,1.0,1.0,0.0
269,2022-01-06,00:00:00,12.316,12.4,11.432,12.09,2127164,2022-01-06 00:00:00+00:00,0.0,1.0,1.0,0.0
270,2022-01-07,00:00:00,12.17,12.59,11.5,11.82,1573070,2022-01-07 00:00:00+00:00,0.0,1.0,1.0,0.0
271,2022-01-10,00:00:00,11.71,11.93,11.005,11.88,1961910,2022-01-10 00:00:00+00:00,0.0,1.0,1.0,0.0
272,2022-01-11,00:00:00,11.94,12.45,11.765,12.06,2263883,2022-01-11 00:00:00+00:00,0.0,1.0,1.0,0.0
273,2022-01-12,00:00:00,12.3,12.345,11.63,11.67,1204996,2022-01-12 00:00:00+00:00,0.0,1.0,1.0,0.0
274,2022-01-13,00:00:00,11.61,11.63,10.83,10.86,2121048,2022-01-13 00:00:00+00:00,0.0,1.0,1.0,0.0
275,2022-01-14,00:00:00,10.77,10.8,9.92,10.05,3533317,2022-01-14 00:00:00+00:00,0.0,1.0,1.0,0.0
276,2022-01-18,00:00:00,9.96,10.03,9.6,9.71,3793792,2022-01-18 00:00:00+00:00,0.0,1.0,1.0,0.0
277,2022-01-19,00:00:00,9.82,10.09,9.39,9.42,1778961,2022-01-19 00:00:00+00:00,0.0,1.0,1.0,0.0
278,2022-01-20,00:00:00,9.51,9.79,9.05,9.08,1577858,2022-01-20 00:00:00+00:00,0.0,1.0,1.0,0.0
279,2022-01-21,00:00:00,9.1195,9.1195,8.51,8.64,2611417,2022-01-21 00:00:00+00:00,0.0,1.0,1.0,0.0
280,2022-01-24,00:00:00,8.46,8.61,7.42,8.57,4980145,2022-01-24 00:00:00+00:00,0.0,1.0,1.0,0.0
281,2022-01-25,00:00:00,8.4,8.74,8.1,8.37,1566803,2022-01-25 00:00:00+00:00,0.0,1.0,1.0,0.0
282,2022-01-26,00:00:00,8.63,8.67,7.78,7.81,2465820,2022-01-26 00:00:00+00:00,0.0,1.0,1.0,0.0
283,2022-01-27,00:00:00,8.05,8.05,7.6211,7.77,2161898,2022-01-27 00:00:00+00:00,0.0,1.0,1.0,0.0
284,2022-01-28,00:00:00,8.22,8.62,7.71,8.59,2707532,2022-01-28 00:00:00+00:00,0.0,1.0,1.0,0.0
285,2022-01-31,00:00:00,8.64,9.09,8.64,8.99,1941175,2022-01-31 00:00:00+00:00,0.0,1.0,1.0,0.0
286,2022-02-01,00:00:00,9.1,9.53,8.77,9.31,1694550,2022-02-01 00:00:00+00:00,0.0,1.0,1.0,0.0
287,2022-02-02,00:00:00,9.385,9.435,9.08,9.28,2889793,2022-02-02 00:00:00+00:00,0.0,1.0,1.0,0.0
288,2022-02-03,00:00:00,9.1,9.55,8.95,9.34,2552428,2022-02-03 00:00:00+00:00,0.0,1.0,1.0,0.0
289,2022-02-04,00:00:00,9.23,9.47,9.0,9.3,1827795,2022-02-04 00:00:00+00:00,0.0,1.0,1.0,0.0
290,2022-02-07,00:00:00,9.3,9.75,9.25,9.46,1311598,2022-02-07 00:00:00+00:00,0.0,1.0,1.0,0.0
291,2022-02-08,00:00:00,9.38,9.54,9.19,9.24,1474211,2022-02-08 00:00:00+00:00,0.0,1.0,1.0,0.0
292,2022-02-09,00:00:00,9.45,9.93,9.43,9.68,1899887,2022-02-09 00:00:00+00:00,0.0,1.0,1.0,0.0
293,2022-02-10,00:00:00,9.58,9.8,9.3,9.6,5188978,2022-02-10 00:00:00+00:00,0.0,1.0,1.0,0.0
294,2022-02-11,00:00:00,9.968,10.09,9.53,9.64,4503570,2022-02-11 00:00:00+00:00,0.0,1.0,1.0,0.0
295,2022-02-14,00:00:00,9.64,10.0778,9.42,9.5,2106014,2022-02-14 00:00:00+00:00,0.0,1.0,1.0,0.0
296,2022-02-15,00:00:00,9.62,10.02,9.62,9.98,1771390,2022-02-15 00:00:00+00:00,0.0,1.0,1.0,0.0
297,2022-02-16,00:00:00,9.98,9.99,9.7,9.8,1434546,2022-02-16 00:00:00+00:00,0.0,0.0,1.0,1.0
298,2022-02-17,00:00:00,9.62,9.75,9.16,9.3,1208746,2022-02-17 00:00:00+00:00,0.0,0.0,1.0,1.0
299,2022-02-18,00:00:00,9.27,9.45,9.03,9.16,1148779,2022-02-18 00:00:00+00:00,0.0,0.0,1.0,1.0
300,2022-02-22,00:00:00,9.04,9.28,8.7,8.81,2066623,2022-02-22 00:00:00+00:00,0.0,0.0,1.0,1.0
301,2022-02-23,00:00:00,8.89,8.93,8.25,8.26,1716213,2022-02-23 00:00:00+00:00,0.0,0.0,1.0,1.0
302,2022-02-24,00:00:00,7.91,8.49,7.85,8.45,2959968,2022-02-24 00:00:00+00:00,0.0,0.0,1.0,1.0
303,2022-02-25,00:00:00,9.36,9.36,8.565,8.93,3536265,2022-02-25 00:00:00+00:00,0.0,0.0,1.0,1.0
304,2022-02-28,00:00:00,8.99,8.99,8.41,8.71,2996817,2022-02-28 00:00:00+00:00,0.0,0.0,1.0,1.0
305,2022-03-01,00:00:00,8.6,9.3,8.6,9.04,1944857,2022-03-01 00:00:00+00:00,0.0,0.0,1.0,1.0
306,2022-03-02,00:00:00,9.4,9.7,9.06,9.43,1821042,2022-03-02 00:00:00+00:00,0.0,0.0,1.0,1.0
307,2022-03-03,00:00:00,9.46,9.4998,8.95,9.04,1216111,2022-03-03 00:00:00+00:00,0.0,0.0,1.0,1.0
308,2022-03-04,00:00:00,8.92,9.115,8.51,8.53,1224943,2022-03-04 00:00:00+00:00,0.0,0.0,1.0,1.0
309,2022-03-07,00:00:00,8.45,8.82,8.18,8.28,1648392,2022-03-07 00:00:00+00:00,0.0,0.0,1.0,1.0
310,2022-03-08,00:00:00,8.22,8.545,7.81,8.19,1984348,2022-03-08 00:00:00+00:00,0.0,0.0,1.0,1.0
311,2022-03-09,00:00:00,8.38,8.6986,8.31,8.54,1555568,2022-03-09 00:00:00+00:00,0.0,0.0,1.0,1.0
312,2022-03-10,00:00:00,8.39,8.5,8.0999,8.38,1339864,2022-03-10 00:00:00+00:00,0.0,0.0,1.0,1.0
313,2022-03-11,00:00:00,8.45,8.46,7.73,7.75,1948748,2022-03-11 00:00:00+00:00,0.0,0.0,1.0,1.0
314,2022-03-14,00:00:00,7.99,8.12,7.35,7.46,2052200,2022-03-14 00:00:00+00:00,0.0,0.0,1.0,1.0
315,2022-03-15,00:00:00,7.53,7.93,7.42,7.77,2808628,2022-03-15 00:00:00+00:00,0.0,0.0,1.0,1.0
316,2022-03-16,00:00:00,8.0,8.52,7.96,8.5,1696015,2022-03-16 00:00:00+00:00,0.0,0.0,1.0,1.0
317,2022-03-17,00:00:00,8.41,9.0,8.26,8.82,1026510,2022-03-17 00:00:00+00:00,0.0,0.0,1.0,1.0
318,2022-03-18,00:00:00,8.71,9.0,8.71,8.83,1651567,2022-03-18 00:00:00+00:00,0.0,0.0,1.0,1.0
319,2022-03-21,00:00:00,8.82,9.0,8.64,8.82,1270011,2022-03-21 00:00:00+00:00,0.0,0.0,1.0,1.0
320,2022-03-22,00:00:00,8.85,9.595,8.7001,9.41,1812786,2022-03-22 00:00:00+00:00,0.0,0.0,1.0,1.0
321,2022-03-23,00:00:00,9.27,9.73,9.11,9.42,2129649,2022-03-23 00:00:00+00:00,0.0,0.0,1.0,1.0
322,2022-03-24,00:00:00,9.505,9.72,9.2,9.71,1479918,2022-03-24 00:00:00+00:00,0.0,0.0,1.0,1.0
323,2022-03-25,00:00:00,9.83,9.83,9.194,9.54,2501502,2022-03-25 00:00:00+00:00,0.0,0.0,1.0,1.0
324,2022-03-28,00:00:00,9.47,9.6999,9.2,9.49,1777777,2022-03-28 00:00:00+00:00,0.0,0.0,1.0,1.0
325,2022-03-29,00:00:00,9.6,9.9,9.33,9.78,2623751,2022-03-29 00:00:00+00:00,0.0,0.0,1.0,1.0
326,2022-03-30,00:00:00,9.78,10.22,9.6046,9.75,1601873,2022-03-30 00:00:00+00:00,0.0,0.0,1.0,1.0
327,2022-03-31,00:00:00,9.7,9.85,9.47,9.75,907987,2022-03-31 00:00:00+00:00,0.0,0.0,1.0,1.0
328,2022-04-01,00:00:00,9.83,10.27,9.83,10.13,1379563,2022-04-01 00:00:00+00:00,0.0,0.0,1.0,1.0
329,2022-04-04,00:00:00,10.18,10.545,10.12,10.41,1333136,2022-04-04 00:00:00+00:00,0.0,0.0,1.0,1.0
330,2022-04-05,00:00:00,10.38,10.49,9.92,10.06,1901202,2022-04-05 00:00:00+00:00,0.0,0.0,1.0,1.0
331,2022-04-06,00:00:00,9.88,9.95,9.5738,9.93,2045686,2022-04-06 00:00:00+00:00,0.0,0.0,1.0,1.0
332,2022-04-07,00:00:00,9.94,9.99,9.525,9.75,1059536,2022-04-07 00:00:00+00:00,0.0,0.0,1.0,1.0
333,2022-04-08,00:00:00,9.71,9.71,8.78,9.04,2165611,2022-04-08 00:00:00+00:00,0.0,0.0,1.0,1.0
334,2022-04-11,00:00:00,8.95,8.95,8.56,8.83,1369028,2022-04-11 00:00:00+00:00,0.0,0.0,1.0,1.0
335,2022-04-12,00:00:00,8.95,9.1,8.47,8.66,1239994,2022-04-12 00:00:00+00:00,0.0,0.0,1.0,1.0
336,2022-04-13,00:00:00,8.7,9.065,8.57,9.01,831173,2022-04-13 00:00:00+00:00,0.0,0.0,1.0,1.0
337,2022-04-14,00:00:00,8.98,9.17,8.74,8.99,865497,2022-04-14 00:00:00+00:00,0.0,0.0,1.0,1.0
338,2022-04-18,00:00:00,8.92,8.92,8.21,8.41,1045791,2022-04-18 00:00:00+00:00,0.0,0.0,1.0,1.0
339,2022-04-19,00:00:00,8.33,8.75,8.29,8.67,759431,2022-04-19 00:00:00+00:00,0.0,0.0,1.0,1.0
340,2022-04-20,00:00:00,8.82,8.82,8.37,8.46,758626,2022-04-20 00:00:00+00:00,0.0,0.0,1.0,1.0
341,2022-04-21,00:00:00,8.54,8.68,8.13,8.17,1395260,2022-04-21 00:00:00+00:00,0.0,0.0,1.0,1.0
342,2022-04-22,00:00:00,8.11,8.34,7.9,7.98,896892,2022-04-22 00:00:00+00:00,0.0,0.0,1.0,1.0
343,2022-04-25,00:00:00,7.9,8.12,7.69,8.06,1489226,2022-04-25 00:00:00+00:00,0.0,0.0,1.0,1.0
344,2022-04-26,00:00:00,7.99,7.99,7.51,7.56,1166382,2022-04-26 00:00:00+00:00,0.0,0.0,1.0,1.0
345,2022-04-27,00:00:00,7.7,7.84,7.43,7.76,991619,2022-04-27 00:00:00+00:00,0.0,0.0,1.0,1.0
346,2022-04-28,00:00:00,7.85,7.89,7.292,7.88,1215491,2022-04-28 00:00:00+00:00,0.0,0.0,1.0,1.0
347,2022-04-29,00:00:00,7.94,7.985,7.64,7.67,812033,2022-04-29 00:00:00+00:00,0.0,0.0,1.0,1.0
348,2022-05-02,00:00:00,7.63,8.1,7.58,8.07,1305527,2022-05-02 00:00:00+00:00,0.0,0.0,1.0,1.0
349,2022-05-03,00:00:00,8.01,8.34,7.94,8.04,1383229,2022-05-03 00:00:00+00:00,0.0,0.0,1.0,1.0
350,2022-05-04,00:00:00,8.1,8.43,7.7001,8.28,1343435,2022-05-04 00:00:00+00:00,0.0,0.0,1.0,1.0
351,2022-05-05,00:00:00,8.13,8.13,7.53,7.76,1195722,2022-05-05 00:00:00+00:00,0.0,0.0,1.0,1.0
352,2022-05-06,00:00:00,7.75,7.75,7.0566,7.44,1934227,2022-05-06 00:00:00+00:00,0.0,0.0,1.0,1.0
353,2022-05-09,00:00:00,7.17,7.215,6.49,6.5,2660982,2022-05-09 00:00:00+00:00,0.0,0.0,1.0,1.0
354,2022-05-10,00:00:00,6.48,6.95,6.1,6.64,3363344,2022-05-10 00:00:00+00:00,0.0,0.0,1.0,1.0
355,2022-05-11,00:00:00,6.96,6.96,5.7,5.72,6202221,2022-05-11 00:00:00+00:00,0.0,0.0,1.0,1.0
356,2022-05-12,00:00:00,5.61,6.78,5.42,6.71,7056891,2022-05-12 00:00:00+00:00,0.0,0.0,1.0,1.0
357,2022-05-13,00:00:00,6.86,7.41,6.81,7.23,3211301,2022-05-13 00:00:00+00:00,0.0,0.0,1.0,1.0
358,2022-05-16,00:00:00,7.22,7.91,6.92,7.81,2600277,2022-05-16 00:00:00+00:00,0.0,0.0,1.0,1.0
359,2022-05-17,00:00:00,8.0,8.24,7.79,8.15,2464082,2022-05-17 00:00:00+00:00,0.0,0.0,1.0,1.0
360,2022-05-18,00:00:00,7.92,8.57,7.9001,8.03,1675688,2022-05-18 00:00:00+00:00,0.0,0.0,1.0,1.0
361,2022-05-19,00:00:00,7.95,8.52,7.92,8.3,1312215,2022-05-19 00:00:00+00:00,0.0,0.0,1.0,1.0
362,2022-05-20,00:00:00,8.45,8.48,7.65,7.9,1300387,2022-05-20 00:00:00+00:00,0.0,0.0,1.0,1.0
363,2022-05-23,00:00:00,7.95,7.96,7.59,7.67,865203,2022-05-23 00:00:00+00:00,0.0,0.0,1.0,1.0
364,2022-05-24,00:00:00,7.54,7.6,7.05,7.26,1454400,2022-05-24 00:00:00+00:00,0.0,0.0,1.0,1.0
365,2022-05-25,00:00:00,7.22,7.54,7.22,7.5,937563,2022-05-25 00:00:00+00:00,0.0,0.0,1.0,1.0
366,2022-05-26,00:00:00,7.52,7.71,7.4,7.5,1335206,2022-05-26 00:00:00+00:00,0.0,0.0,1.0,1.0
367,2022-05-27,00:00:00,7.58,7.985,7.45,7.9,2135707,2022-05-27 00:00:00+00:00,0.0,0.0,1.0,1.0
368,2022-05-31,00:00:00,7.86,7.98,7.54,7.62,1445285,2022-05-31 00:00:00+00:00,0.0,0.0,1.0,1.0
369,2022-06-01,00:00:00,7.69,8.15,7.5,7.8,3597177,2022-06-01 00:00:00+00:00,0.0,0.0,1.0,1.0
370,2022-06-02,00:00:00,7.8,7.9499,7.63,7.72,1785050,2022-06-02 00:00:00+00:00,0.0,0.0,1.0,1.0
371,2022-06-03,00:00:00,7.6,7.68,7.41,7.54,1744515,2022-06-03 00:00:00+00:00,0.0,0.0,1.0,1.0
372,2022-06-06,00:00:00,7.71,7.83,7.375,7.67,1970216,2022-06-06 00:00:00+00:00,0.0,0.0,1.0,1.0
373,2022-06-07,00:00:00,7.62,8.0907,7.55,7.83,1414370,2022-06-07 00:00:00+00:00,0.0,0.0,1.0,1.0
374,2022-06-08,00:00:00,7.82,8.105,7.735,7.96,1442511,2022-06-08 00:00:00+00:00,0.0,0.0,1.0,1.0
375,2022-06-09,00:00:00,8.48,9.1,8.39,8.39,6200762,2022-06-09 00:00:00+00:00,0.0,0.0,1.0,1.0
376,2022-06-10,00:00:00,8.21,8.6,8.18,8.34,3327211,2022-06-10 00:00:00+00:00,0.0,0.0,1.0,1.0
377,2022-06-13,00:00:00,7.92,8.36,7.88,8.2,3109832,2022-06-13 00:00:00+00:00,0.0,0.0,1.0,1.0
378,2022-06-14,00:00:00,8.24,9.0,8.045,8.8,3267393,2022-06-14 00:00:00+00:00,0.0,0.0,1.0,1.0
379,2022-06-15,00:00:00,8.84,9.5623,8.79,9.27,3058558,2022-06-15 00:00:00+00:00,0.0,0.0,1.0,1.0
380,2022-06-16,00:00:00,9.07,9.39,8.89,9.26,2715385,2022-06-16 00:00:00+00:00,0.0,0.0,1.0,1.0
381,2022-06-17,00:00:00,9.32,10.45,9.3,10.12,4625239,2022-06-17 00:00:00+00:00,0.0,0.0,1.0,1.0
382,2022-06-21,00:00:00,10.16,10.46,9.78,9.81,4728706,2022-06-21 00:00:00+00:00,0.0,0.0,1.0,1.0
383,2022-06-22,00:00:00,9.67,10.71,9.611,10.29,4343586,2022-06-22 00:00:00+00:00,0.0,0.0,1.0,1.0
384,2022-06-23,00:00:00,10.36,10.8,10.29,10.55,3078330,2022-06-23 00:00:00+00:00,0.0,0.0,1.0,1.0
385,2022-06-24,00:00:00,10.64,10.76,10.12,10.65,25520210,2022-06-24 00:00:00+00:00,0.0,0.0,1.0,1.0
386,2022-06-27,00:00:00,10.68,10.69,10.025,10.27,3133326,2022-06-27 00:00:00+00:00,0.0,0.0,1.0,1.0
387,2022-06-28,00:00:00,10.22,10.485,9.97,10.26,2121880,2022-06-28 00:00:00+00:00,0.0,0.0,1.0,1.0
388,2022-06-29,00:00:00,10.17,10.41,9.855,10.11,3132493,2022-06-29 00:00:00+00:00,0.0,0.0,1.0,1.0
389,2022-06-30,00:00:00,9.98,10.95,9.94,10.65,3061669,2022-06-30 00:00:00+00:00,0.0,0.0,1.0,1.0
390,2022-07-01,00:00:00,10.61,10.92,10.43,10.64,1979933,2022-07-01 00:00:00+00:00,0.0,0.0,1.0,1.0
391,2022-07-05,00:00:00,10.33,10.55,10.06,10.38,2620716,2022-07-05 00:00:00+00:00,0.0,0.0,1.0,1.0
392,2022-07-06,00:00:00,10.37,10.84,10.31,10.58,1870148,2022-07-06 00:00:00+00:00,0.0,0.0,1.0,1.0
393,2022-07-07,00:00:00,10.55,11.595,10.4935,11.49,2490631,2022-07-07 00:00:00+00:00,0.0,0.0,1.0,1.0
394,2022-07-08,00:00:00,11.34,11.88,11.07,11.58,1604976,2022-07-08 00:00:00+00:00,0.0,0.0,1.0,1.0
395,2022-07-11,00:00:00,11.44,11.65,11.085,11.11,1199429,2022-07-11 00:00:00+00:00,0.0,0.0,1.0,1.0
396,2022-07-12,00:00:00,11.2,11.485,10.91,11.39,1599320,2022-07-12 00:00:00+00:00,0.0,0.0,1.0,1.0
397,2022-07-13,00:00:00,11.11,12.0,11.01,11.32,1637066,2022-07-13 00:00:00+00:00,0.0,0.0,1.0,1.0
398,2022-07-14,00:00:00,11.3,11.41,10.91,11.1,1839048,2022-07-14 00:00:00+00:00,0.0,0.0,1.0,1.0
399,2022-07-15,00:00:00,10.95,11.0396,10.09,10.54,3313892,2022-07-15 00:00:00+00:00,0.0,0.0,1.0,1.0
400,2022-07-18,00:00:00,10.69,10.86,10.34,10.45,1796771,2022-07-18 00:00:00+00:00,0.0,0.0,1.0,1.0
401,2022-07-19,00:00:00,10.58,10.83,10.47,10.65,1241546,2022-07-19 00:00:00+00:00,0.0,0.0,1.0,1.0
402,2022-07-20,00:00:00,10.63,11.13,10.3103,10.65,1803520,2022-07-20 00:00:00+00:00,0.0,0.0,1.0,1.0
403,2022-07-21,00:00:00,10.65,10.66,10.36,10.47,1399683,2022-07-21 00:00:00+00:00,0.0,0.0,1.0,1.0
404,2022-07-22,00:00:00,10.48,10.48,9.93,10.07,1586779,2022-07-22 00:00:00+00:00,0.0,0.0,1.0,1.0
405,2022-07-25,00:00:00,10.08,10.225,9.91,10.1,1203669,2022-07-25 00:00:00+00:00,0.0,0.0,1.0,1.0
406,2022-07-26,00:00:00,10.11,10.355,9.8736,10.19,1280959,2022-07-26 00:00:00+00:00,0.0,0.0,1.0,1.0
407,2022-07-27,00:00:00,10.24,10.63,10.025,10.51,1202867,2022-07-27 00:00:00+00:00,0.0,0.0,1.0,1.0
408,2022-07-28,00:00:00,10.56,10.64,10.2,10.43,946472,2022-07-28 00:00:00+00:00,0.0,0.0,1.0,1.0
409,2022-07-29,00:00:00,10.41,10.6,10.01,10.04,1830083,2022-07-29 00:00:00+00:00,0.0,0.0,1.0,1.0
410,2022-08-01,00:00:00,10.04,10.195,9.88,10.145,1981541,2022-08-01 00:00:00+00:00,0.0,0.0,1.0,1.0
411,2022-08-02,00:00:00,10.11,11.005,10.11,10.72,1733116,2022-08-02 00:00:00+00:00,0.0,0.0,1.0,1.0
412,2022-08-03,00:00:00,10.93,11.01,10.645,10.98,1084422,2022-08-03 00:00:00+00:00,0.0,0.0,1.0,1.0
413,2022-08-04,00:00:00,11.0,11.46,11.0,11.33,1343902,2022-08-04 00:00:00+00:00,0.0,0.0,1.0,1.0
414,2022-08-05,00:00:00,11.12,11.655,10.87,11.32,1661083,2022-08-05 00:00:00+00:00,0.0,0.0,1.0,1.0
415,2022-08-08,00:00:00,11.65,11.92,11.045,11.76,3015868,2022-08-08 00:00:00+00:00,0.0,0.0,1.0,1.0
416,2022-08-09,00:00:00,11.8,11.92,10.86,11.11,2718839,2022-08-09 00:00:00+00:00,0.0,0.0,1.0,1.0
417,2022-08-10,00:00:00,10.72,13.74,10.64,13.34,7495171,2022-08-10 00:00:00+00:00,0.0,0.0,1.0,1.0
418,2022-08-11,00:00:00,13.35,14.5,12.96,13.36,4235413,2022-08-11 00:00:00+00:00,0.0,0.0,1.0,1.0
419,2022-08-12,00:00:00,13.51,13.97,13.14,13.68,1836582,2022-08-12 00:00:00+00:00,0.0,0.0,1.0,1.0
420,2022-08-15,00:00:00,13.7,14.08,13.48,13.54,1647525,2022-08-15 00:00:00+00:00,0.0,0.0,1.0,1.0
421,2022-08-16,00:00:00,13.47,13.53,12.645,12.75,2407792,2022-08-16 00:00:00+00:00,0.0,0.0,1.0,1.0
422,2022-08-17,00:00:00,12.56,13.13,12.27,13.01,2335237,2022-08-17 00:00:00+00:00,0.0,0.0,1.0,1.0
423,2022-08-18,00:00:00,12.97,12.99,12.12,12.45,1978902,2022-08-18 00:00:00+00:00,0.0,0.0,1.0,1.0
424,2022-08-19,00:00:00,12.32,12.39,11.1401,11.44,3320022,2022-08-19 00:00:00+00:00,0.0,0.0,1.0,1.0
425,2022-08-22,00:00:00,11.22,11.46,10.61,11.01,2563542,2022-08-22 00:00:00+00:00,0.0,0.0,1.0,1.0
426,2022-08-23,00:00:00,11.09,11.61,11.01,11.47,1693629,2022-08-23 00:00:00+00:00,0.0,0.0,1.0,1.0
427,2022-08-24,00:00:00,11.53,11.97,11.38,11.85,1196239,2022-08-24 00:00:00+00:00,0.0,0.0,1.0,1.0
428,2022-08-25,00:00:00,12.0,12.2,11.65,12.18,1137205,2022-08-25 00:00:00+00:00,0.0,0.0,1.0,1.0
429,2022-08-26,00:00:00,12.15,12.17,11.1,11.26,1813447,2022-08-26 00:00:00+00:00,0.0,0.0,1.0,1.0
430,2022-08-29,00:00:00,11.07,11.35,10.59,10.63,1643421,2022-08-29 00:00:00+00:00,0.0,0.0,1.0,1.0
431,2022-08-30,00:00:00,10.83,10.86,10.35,10.66,1591261,2022-08-30 00:00:00+00:00,0.0,0.0,1.0,1.0
432,2022-08-31,00:00:00,10.82,10.92,10.54,10.68,767561,2022-08-31 00:00:00+00:00,1.0,0.0,0.0,1.0
433,2022-09-01,00:00:00,10.54,11.09,10.47,11.07,1415686,2022-09-01 00:00:00+00:00,1.0,0.0,0.0,1.0
434,2022-09-02,00:00:00,11.18,11.2,10.69,10.84,1024929,2022-09-02 00:00:00+00:00,1.0,0.0,0.0,1.0
435,2022-09-06,00:00:00,10.94,10.94,10.43,10.46,1265309,2022-09-06 00:00:00+00:00,1.0,0.0,0.0,1.0
436,2022-09-07,00:00:00,10.49,10.94,10.4,10.86,1205436,2022-09-07 00:00:00+00:00,1.0,0.0,0.0,1.0
437,2022-09-08,00:00:00,10.73,11.32,10.71,11.3,1047966,2022-09-08 00:00:00+00:00,1.0,0.0,0.0,1.0
438,2022-09-09,00:00:00,11.39,11.57,11.19,11.2,1003701,2022-09-09 00:00:00+00:00,1.0,0.0,0.0,1.0
439,2022-09-12,00:00:00,11.22,11.275,10.98,11.08,1166933,2022-09-12 00:00:00+00:00,1.0,0.0,0.0,1.0
440,2022-09-13,00:00:00,10.71,10.86,10.6,10.74,1227378,2022-09-13 00:00:00+00:00,1.0,0.0,0.0,1.0
441,2022-09-14,00:00:00,10.76,10.885,10.5501,10.84,1211952,2022-09-14 00:00:00+00:00,1.0,0.0,0.0,1.0
442,2022-09-15,00:00:00,10.78,11.12,10.77,10.88,1370408,2022-09-15 00:00:00+00:00,1.0,0.0,0.0,1.0
443,2022-09-16,00:00:00,10.7,10.76,10.28,10.35,2203569,2022-09-16 00:00:00+00:00,1.0,0.0,0.0,1.0
444,2022-09-19,00:00:00,10.21,10.44,9.8,10.42,2101212,2022-09-19 00:00:00+00:00,1.0,0.0,0.0,1.0
445,2022-09-20,00:00:00,10.24,10.455,10.13,10.29,914447,2022-09-20 00:00:00+00:00,1.0,0.0,0.0,1.0
446,2022-09-21,00:00:00,10.33,10.58,10.01,10.23,1447072,2022-09-21 00:00:00+00:00,1.0,0.0,0.0,1.0
447,2022-09-22,00:00:00,10.14,10.175,9.57,9.69,1615462,2022-09-22 00:00:00+00:00,1.0,0.0,0.0,1.0
448,2022-09-23,00:00:00,9.59,9.61,9.09,9.2,1792564,2022-09-23 00:00:00+00:00,1.0,0.0,0.0,1.0
449,2022-09-26,00:00:00,9.19,9.5101,9.0913,9.22,1846102,2022-09-26 00:00:00+00:00,1.0,0.0,0.0,1.0
450,2022-09-27,00:00:00,9.36,9.515,9.24,9.43,1693494,2022-09-27 00:00:00+00:00,1.0,0.0,0.0,1.0
451,2022-09-28,00:00:00,9.54,10.05,9.525,9.97,2268581,2022-09-28 00:00:00+00:00,1.0,0.0,0.0,1.0
452,2022-09-29,00:00:00,9.82,9.905,9.575,9.85,1913292,2022-09-29 00:00:00+00:00,1.0,0.0,0.0,1.0
453,2022-09-30,00:00:00,9.77,10.105,9.73,9.89,1778267,2022-09-30 00:00:00+00:00,1.0,0.0,0.0,1.0
454,2022-10-03,00:00:00,10.08,10.32,9.68,10.25,2791842,2022-10-03 00:00:00+00:00,1.0,0.0,0.0,1.0
455,2022-10-04,00:00:00,10.51,11.24,10.34,11.24,2597128,2022-10-04 00:00:00+00:00,1.0,0.0,0.0,1.0
456,2022-10-05,00:00:00,11.0,11.4,10.761,11.23,2369013,2022-10-05 00:00:00+00:00,1.0,0.0,0.0,1.0
457,2022-10-06,00:00:00,11.23,11.45,11.03,11.41,1543319,2022-10-06 00:00:00+00:00,1.0,0.0,0.0,1.0
458,2022-10-07,00:00:00,11.09,11.3,10.71,10.75,1378617,2022-10-07 00:00:00+00:00,1.0,0.0,0.0,1.0
459,2022-10-10,00:00:00,10.73,11.08,10.32,10.92,1283190,2022-10-10 00:00:00+00:00,1.0,0.0,0.0,1.0
460,2022-10-11,00:00:00,10.88,11.135,10.38,10.94,1355810,2022-10-11 00:00:00+00:00,1.0,0.0,0.0,1.0
461,2022-10-12,00:00:00,10.98,10.99,10.35,10.64,1141530,2022-10-12 00:00:00+00:00,1.0,0.0,0.0,1.0
462,2022-10-13,00:00:00,10.32,10.8,10.05,10.73,1276575,2022-10-13 00:00:00+00:00,1.0,0.0,0.0,1.0
463,2022-10-14,00:00:00,10.84,10.9499,10.29,10.34,855445,2022-10-14 00:00:00+00:00,1.0,0.0,0.0,1.0
464,2022-10-17,00:00:00,10.58,10.8899,10.49,10.64,898527,2022-10-17 00:00:00+00:00,1.0,0.0,0.0,1.0
465,2022-10-18,00:00:00,10.93,11.06,10.51,10.64,1093942,2022-10-18 00:00:00+00:00,1.0,0.0,0.0,1.0
466,2022-10-19,00:00:00,10.45,10.5135,9.97,10.19,1521366,2022-10-19 00:00:00+00:00,1.0,0.0,0.0,1.0
467,2022-10-20,00:00:00,10.15,10.41,10.01,10.1,1395023,2022-10-20 00:00:00+00:00,1.0,0.0,0.0,1.0
468,2022-10-21,00:00:00,10.18,10.35,9.83,10.31,1441823,2022-10-21 00:00:00+00:00,1.0,0.0,0.0,1.0
469,2022-10-24,00:00:00,10.13,10.275,9.83,10.25,1231305,2022-10-24 00:00:00+00:00,1.0,0.0,0.0,1.0
470,2022-10-25,00:00:00,10.36,10.93,10.35,10.73,2064564,2022-10-25 00:00:00+00:00,1.0,0.0,0.0,1.0
471,2022-10-26,00:00:00,10.76,11.05,10.46,10.82,1850842,2022-10-26 00:00:00+00:00,1.0,0.0,0.0,1.0
472,2022-10-27,00:00:00,10.95,10.95,10.56,10.74,1595226,2022-10-27 00:00:00+00:00,1.0,0.0,0.0,1.0
473,2022-10-28,00:00:00,10.8,11.765,10.68,11.71,3019423,2022-10-28 00:00:00+00:00,1.0,0.0,0.0,1.0
474,2022-10-31,00:00:00,11.63,12.07,11.6227,11.83,2244129,2022-10-31 00:00:00+00:00,1.0,1.0,0.0,0.0
475,2022-11-01,00:00:00,12.01,12.32,11.32,11.5,2348667,2022-11-01 00:00:00+00:00,1.0,1.0,0.0,0.0
476,2022-11-02,00:00:00,11.61,12.47,11.51,12.0,2134840,2022-11-02 00:00:00+00:00,1.0,1.0,0.0,0.0
477,2022-11-03,00:00:00,11.84,12.465,11.72,12.11,2096908,2022-11-03 00:00:00+00:00,1.0,1.0,0.0,0.0
478,2022-11-04,00:00:00,12.2,12.36,11.7,11.91,1857251,2022-11-04 00:00:00+00:00,1.0,1.0,0.0,0.0
479,2022-11-07,00:00:00,11.94,12.32,11.86,12.01,1393650,2022-11-07 00:00:00+00:00,1.0,1.0,0.0,0.0
480,2022-11-08,00:00:00,12.0,12.55,11.82,12.24,2499727,2022-11-08 00:00:00+00:00,1.0,1.0,0.0,0.0
481,2022-11-09,00:00:00,12.99,12.995,11.554,11.81,5098382,2022-11-09 00:00:00+00:00,1.0,1.0,0.0,0.0
482,2022-11-10,00:00:00,12.41,12.93,11.89,12.91,2506601,2022-11-10 00:00:00+00:00,1.0,1.0,0.0,0.0
483,2022-11-11,00:00:00,12.85,13.8296,12.78,13.58,3200755,2022-11-11 00:00:00+00:00,1.0,1.0,0.0,0.0
484,2022-11-14,00:00:00,13.425,14.68,13.425,14.27,3158548,2022-11-14 00:00:00+00:00,1.0,1.0,0.0,0.0
485,2022-11-15,00:00:00,14.56,14.97,14.13,14.49,2602476,2022-11-15 00:00:00+00:00,1.0,1.0,0.0,0.0
486,2022-11-16,00:00:00,14.73,14.8,14.071,14.52,1677983,2022-11-16 00:00:00+00:00,1.0,1.0,0.0,0.0
487,2022-11-17,00:00:00,14.27,14.27,13.81,14.08,2080311,2022-11-17 00:00:00+00:00,1.0,1.0,0.0,0.0
488,2022-11-18,00:00:00,14.4,14.42,14.01,14.16,1377953,2022-11-18 00:00:00+00:00,1.0,1.0,0.0,0.0
489,2022-11-21,00:00:00,13.97,14.175,13.7406,14.06,1351777,2022-11-21 00:00:00+00:00,1.0,1.0,0.0,0.0
490,2022-11-22,00:00:00,14.1,14.1,13.78,13.98,1288883,2022-11-22 00:00:00+00:00,1.0,1.0,0.0,0.0
491,2022-11-23,00:00:00,14.03,14.15,13.7681,14.0,1040774,2022-11-23 00:00:00+00:00,1.0,1.0,0.0,0.0
492,2022-11-25,00:00:00,13.98,14.14,13.39,13.52,598559,2022-11-25 00:00:00+00:00,1.0,1.0,0.0,0.0
493,2022-11-28,00:00:00,13.5,13.73,13.36,13.56,1245541,2022-11-28 00:00:00+00:00,1.0,1.0,0.0,0.0
494,2022-11-29,00:00:00,13.56,13.6993,13.25,13.36,1168976,2022-11-29 00:00:00+00:00,1.0,1.0,0.0,0.0
495,2022-11-30,00:00:00,13.49,14.0,11.8601,12.87,4888353,2022-11-30 00:00:00+00:00,1.0,1.0,0.0,0.0
496,2022-12-01,00:00:00,12.77,13.78,12.76,13.18,2009794,2022-12-01 00:00:00+00:00,1.0,1.0,0.0,0.0
497,2022-12-02,00:00:00,13.08,13.08,12.19,12.71,1640002,2022-12-02 00:00:00+00:00,1.0,1.0,0.0,0.0
498,2022-12-05,00:00:00,12.65,12.72,11.85,11.91,5553220,2022-12-05 00:00:00+00:00,1.0,1.0,0.0,0.0
499,2022-12-06,00:00:00,11.99,11.99,11.4,11.51,1486004,2022-12-06 00:00:00+00:00,1.0,1.0,0.0,0.0
500,2022-12-07,00:00:00,11.38,11.47,11.08,11.14,2655512,2022-12-07 00:00:00+00:00,1.0,1.0,0.0,0.0
501,2022-12-08,00:00:00,11.23,11.2643,10.91,11.14,2658255,2022-12-08 00:00:00+00:00,1.0,1.0,0.0,0.0
502,2022-12-09,00:00:00,11.03,11.14,10.44,10.47,1736981,2022-12-09 00:00:00+00:00,1.0,1.0,0.0,0.0
503,2022-12-12,00:00:00,10.57,10.6296,10.32,10.49,1550012,2022-12-12 00:00:00+00:00,1.0,1.0,0.0,0.0
504,2022-12-13,00:00:00,10.97,11.03,10.015,10.08,2476921,2022-12-13 00:00:00+00:00,1.0,1.0,0.0,0.0
505,2022-12-14,00:00:00,10.08,10.3399,9.96,10.13,1716888,2022-12-14 00:00:00+00:00,1.0,1.0,0.0,0.0
506,2022-12-15,00:00:00,11.14,11.3,10.24,10.4,4483651,2022-12-15 00:00:00+00:00,1.0,1.0,0.0,0.0
507,2022-12-16,00:00:00,10.17,10.39,9.95,10.21,3225038,2022-12-16 00:00:00+00:00,1.0,1.0,0.0,0.0
508,2022-12-19,00:00:00,10.2,10.25,9.865,9.94,1679837,2022-12-19 00:00:00+00:00,1.0,1.0,0.0,0.0
509,2022-12-20,00:00:00,9.85,10.43,9.81,10.41,1914081,2022-12-20 00:00:00+00:00,1.0,1.0,0.0,0.0
510,2022-12-21,00:00:00,10.51,10.88,10.51,10.6,1592967,2022-12-21 00:00:00+00:00,1.0,1.0,0.0,0.0
511,2022-12-22,00:00:00,10.52,10.56,10.27,10.54,1256414,2022-12-22 00:00:00+00:00,1.0,1.0,0.0,0.0
512,2022-12-23,00:00:00,10.49,10.54,10.2743,10.33,1234923,2022-12-23 00:00:00+00:00,1.0,1.0,0.0,0.0
513,2022-12-27,00:00:00,10.44,10.44,9.435,9.48,1573835,2022-12-27 00:00:00+00:00,1.0,1.0,0.0,0.0
514,2022-12-28,00:00:00,9.41,9.635,9.345,9.57,1565110,2022-12-28 00:00:00+00:00,1.0,1.0,0.0,0.0
515,2022-12-29,00:00:00,9.67,10.14,9.51,10.05,1634861,2022-12-29 00:00:00+00:00,1.0,1.0,0.0,0.0
516,2022-12-30,00:00:00,9.92,10.16,9.9,10.13,1413948,2022-12-30 00:00:00+00:00,1.0,1.0,0.0,0.0
517,2023-01-03,00:00:00,10.3,10.37,9.47,9.49,1799585,2023-01-03 00:00:00+00:00,1.0,1.0,0.0,0.0
518,2023-01-04,00:00:00,9.58,9.6,9.25,9.37,1455720,2023-01-04 00:00:00+00:00,1.0,1.0,0.0,0.0
519,2023-01-05,00:00:00,9.3,9.685,9.03,9.65,1661623,2023-01-05 00:00:00+00:00,1.0,1.0,0.0,0.0
520,2023-01-06,00:00:00,9.7,9.7,9.41,9.51,1673767,2023-01-06 00:00:00+00:00,1.0,1.0,0.0,0.0
521,2023-01-09,00:00:00,9.71,9.75,9.36,9.55,5366464,2023-01-09 00:00:00+00:00,1.0,1.0,0.0,0.0
522,2023-01-10,00:00:00,9.5,9.63,9.33,9.38,1228541,2023-01-10 00:00:00+00:00,1.0,1.0,0.0,0.0
523,2023-01-11,00:00:00,9.42,9.61,9.16,9.6,1613946,2023-01-11 00:00:00+00:00,1.0,1.0,0.0,0.0
524,2023-01-12,00:00:00,9.7,10.215,9.405,10.2,1909325,2023-01-12 00:00:00+00:00,1.0,1.0,0.0,0.0
525,2023-01-13,00:00:00,10.07,10.65,10.07,10.38,1620924,2023-01-13 00:00:00+00:00,1.0,1.0,0.0,0.0
526,2023-01-17,00:00:00,10.45,10.55,10.22,10.54,1050543,2023-01-17 00:00:00+00:00,1.0,1.0,0.0,0.0
527,2023-01-18,00:00:00,10.64,10.83,10.36,10.38,1422796,2023-01-18 00:00:00+00:00,1.0,1.0,0.0,0.0
528,2023-01-19,00:00:00,10.22,10.38,10.035,10.16,930821,2023-01-19 00:00:00+00:00,1.0,1.0,0.0,0.0
529,2023-01-20,00:00:00,10.33,10.43,10.05,10.34,1023040,2023-01-20 00:00:00+00:00,1.0,1.0,0.0,0.0
530,2023-01-23,00:00:00,10.31,10.41,10.17,10.28,947479,2023-01-23 00:00:00+00:00,1.0,1.0,0.0,0.0
531,2023-01-24,00:00:00,10.2,10.2,9.85,10.05,1264567,2023-01-24 00:00:00+00:00,1.0,1.0,0.0,0.0
532,2023-01-25,00:00:00,9.95,10.44,9.78,10.41,1370539,2023-01-25 00:00:00+00:00,1.0,1.0,0.0,0.0
533,2023-01-26,00:00:00,10.53,10.6919,10.22,10.52,1060068,2023-01-26 00:00:00+00:00,1.0,1.0,0.0,0.0
534,2023-01-27,00:00:00,10.46,10.845,10.39,10.76,1247688,2023-01-27 00:00:00+00:00,1.0,1.0,0.0,0.0
535,2023-01-30,00:00:00,10.67,10.78,10.27,10.4,1283368,2023-01-30 00:00:00+00:00,1.0,1.0,0.0,0.0
536,2023-01-31,00:00:00,10.42,10.69,10.36,10.53,1307789,2023-01-31 00:00:00+00:00,1.0,1.0,0.0,0.0
537,2023-02-01,00:00:00,10.58,10.845,10.215,10.76,1594968,2023-02-01 00:00:00+00:00,1.0,1.0,0.0,0.0
538,2023-02-02,00:00:00,10.92,11.11,10.82,11.01,1331443,2023-02-02 00:00:00+00:00,1.0,1.0,0.0,0.0
539,2023-02-03,00:00:00,10.83,11.375,10.73,11.18,1253830,2023-02-03 00:00:00+00:00,1.0,1.0,0.0,0.0
540,2023-02-06,00:00:00,11.1,11.29,10.94,10.97,1139083,2023-02-06 00:00:00+00:00,1.0,1.0,0.0,0.0
541,2023-02-07,00:00:00,10.94,11.025,10.56,10.81,1304003,2023-02-07 00:00:00+00:00,1.0,1.0,0.0,0.0
542,2023-02-08,00:00:00,10.84,10.97,10.36,10.42,1293254,2023-02-08 00:00:00+00:00,1.0,1.0,0.0,0.0
543,2023-02-09,00:00:00,10.5,10.5899,9.72,9.78,1754234,2023-02-09 00:00:00+00:00,1.0,1.0,0.0,0.0
544,2023-02-10,00:00:00,9.76,10.0,9.5701,9.83,1918948,2023-02-10 00:00:00+00:00,1.0,1.0,0.0,0.0
545,2023-02-13,00:00:00,9.9,9.925,9.62,9.77,1259436,2023-02-13 00:00:00+00:00,1.0,1.0,0.0,0.0
546,2023-02-14,00:00:00,9.7,10.035,9.6582,9.97,1420616,2023-02-14 00:00:00+00:00,1.0,1.0,0.0,0.0
547,2023-02-15,00:00:00,9.9,10.21,9.62,9.98,2355706,2023-02-15 00:00:00+00:00,1.0,1.0,0.0,0.0
548,2023-02-16,00:00:00,9.85,10.06,9.475,9.5,2520810,2023-02-16 00:00:00+00:00,0.0,1.0,1.0,0.0
549,2023-02-17,00:00:00,9.45,9.66,9.2607,9.59,2806823,2023-02-17 00:00:00+00:00,0.0,1.0,1.0,0.0
550,2023-02-21,00:00:00,9.48,9.54,8.87,8.89,3522469,2023-02-21 00:00:00+00:00,0.0,1.0,1.0,0.0
551,2023-02-22,00:00:00,8.7,8.81,8.235,8.79,3904077,2023-02-22 00:00:00+00:00,0.0,1.0,1.0,0.0
552,2023-02-23,00:00:00,8.83,8.83,8.34,8.51,2095734,2023-02-23 00:00:00+00:00,0.0,1.0,1.0,0.0
553,2023-02-24,00:00:00,8.37,8.525,8.3,8.37,2234694,2023-02-24 00:00:00+00:00,0.0,1.0,1.0,0.0
554,2023-02-27,00:00:00,8.558,8.59,8.345,8.43,1533308,2023-02-27 00:00:00+00:00,0.0,1.0,1.0,0.0
555,2023-02-28,00:00:00,8.49,8.63,8.4,8.4,1535814,2023-02-28 00:00:00+00:00,0.0,1.0,1.0,0.0
556,2023-03-01,00:00:00,8.4,8.48,8.1,8.15,1339187,2023-03-01 00:00:00+00:00,0.0,1.0,1.0,0.0
557,2023-03-02,00:00:00,8.1,8.195,7.885,8.18,1677860,2023-03-02 00:00:00+00:00,0.0,1.0,1.0,0.0
558,2023-03-03,00:00:00,8.26,8.485,8.18,8.38,1139537,2023-03-03 00:00:00+00:00,0.0,1.0,1.0,0.0
559,2023-03-06,00:00:00,8.38,8.41,8.075,8.1,1594605,2023-03-06 00:00:00+00:00,0.0,1.0,1.0,0.0
560,2023-03-07,00:00:00,8.08,8.155,7.9609,8.0,1436676,2023-03-07 00:00:00+00:00,0.0,1.0,1.0,0.0
561,2023-03-08,00:00:00,8.0,8.175,7.93,8.16,1234983,2023-03-08 00:00:00+00:00,0.0,1.0,1.0,0.0
562,2023-03-09,00:00:00,8.13,8.17,7.79,7.87,1860955,2023-03-09 00:00:00+00:00,0.0,1.0,1.0,0.0
563,2023-03-10,00:00:00,7.94,7.94,7.33,7.55,3242100,2023-03-10 00:00:00+00:00,0.0,1.0,1.0,0.0
564,2023-03-13,00:00:00,7.44,7.68,7.39,7.42,2130689,2023-03-13 00:00:00+00:00,0.0,1.0,1.0,0.0
565,2023-03-14,00:00:00,7.65,7.79,7.41,7.57,1721164,2023-03-14 00:00:00+00:00,0.0,1.0,1.0,0.0
566,2023-03-15,00:00:00,7.43,7.47,7.235,7.43,1570017,2023-03-15 00:00:00+00:00,0.0,1.0,1.0,0.0
567,2023-03-16,00:00:00,7.35,7.52,7.215,7.48,1269104,2023-03-16 00:00:00+00:00,0.0,1.0,1.0,0.0
568,2023-03-17,00:00:00,7.45,7.57,7.295,7.39,3022096,2023-03-17 00:00:00+00:00,0.0,1.0,1.0,0.0
569,2023-03-20,00:00:00,7.33,7.615,7.29,7.57,1201700,2023-03-20 00:00:00+00:00,0.0,1.0,1.0,0.0
570,2023-03-21,00:00:00,7.71,7.75,7.5,7.62,1037252,2023-03-21 00:00:00+00:00,0.0,1.0,1.0,0.0
571,2023-03-22,00:00:00,7.69,7.7,7.3,7.31,1181673,2023-03-22 00:00:00+00:00,0.0,1.0,1.0,0.0
572,2023-03-23,00:00:00,7.35,7.4499,7.16,7.31,1736165,2023-03-23 00:00:00+00:00,0.0,1.0,1.0,0.0
573,2023-03-24,00:00:00,7.26,7.375,7.13,7.34,1204397,2023-03-24 00:00:00+00:00,0.0,1.0,1.0,0.0
574,2023-03-27,00:00:00,7.435,7.665,7.35,7.58,1097462,2023-03-27 00:00:00+00:00,0.0,1.0,1.0,0.0
575,2023-03-28,00:00:00,7.5,7.74,7.5,7.55,962500,2023-03-28 00:00:00+00:00,0.0,1.0,1.0,0.0
576,2023-03-29,00:00:00,7.62,7.65,7.48,7.62,1364355,2023-03-29 00:00:00+00:00,0.0,1.0,1.0,0.0
577,2023-03-30,00:00:00,7.69,7.69,7.39,7.42,902294,2023-03-30 00:00:00+00:00,0.0,1.0,1.0,0.0
578,2023-03-31,00:00:00,7.48,7.585,7.45,7.54,1394538,2023-03-31 00:00:00+00:00,0.0,1.0,1.0,0.0
579,2023-04-03,00:00:00,7.59,7.59,7.125,7.48,1671195,2023-04-03 00:00:00+00:00,0.0,1.0,1.0,0.0
580,2023-04-04,00:00:00,7.47,7.47,7.18,7.21,1343145,2023-04-04 00:00:00+00:00,0.0,1.0,1.0,0.0
581,2023-04-05,00:00:00,7.19,7.3,7.1,7.15,1130091,2023-04-05 00:00:00+00:00,0.0,1.0,1.0,0.0
582,2023-04-06,00:00:00,7.14,7.34,7.1,7.24,1274224,2023-04-06 00:00:00+00:00,0.0,1.0,1.0,0.0
583,2023-04-10,00:00:00,7.2,7.24,7.065,7.2,1533186,2023-04-10 00:00:00+00:00,0.0,1.0,1.0,0.0
584,2023-04-11,00:00:00,7.22,7.415,7.065,7.28,1963221,2023-04-11 00:00:00+00:00,0.0,1.0,1.0,0.0
585,2023-04-12,00:00:00,7.345,7.46,7.205,7.29,1184248,2023-04-12 00:00:00+00:00,0.0,1.0,1.0,0.0
586,2023-04-13,00:00:00,7.34,7.64,7.32,7.59,1285795,2023-04-13 00:00:00+00:00,0.0,1.0,1.0,0.0
587,2023-04-14,00:00:00,7.63,7.63,7.28,7.38,1260840,2023-04-14 00:00:00+00:00,0.0,1.0,1.0,0.0
588,2023-04-17,00:00:00,7.4,7.6287,7.24,7.39,1438265,2023-04-17 00:00:00+00:00,0.0,1.0,1.0,0.0
589,2023-04-18,00:00:00,7.39,7.39,7.13,7.19,1435157,2023-04-18 00:00:00+00:00,0.0,0.0,1.0,1.0
590,2023-04-19,00:00:00,7.11,7.27,7.1,7.21,1185565,2023-04-19 00:00:00+00:00,0.0,0.0,1.0,1.0
591,2023-04-20,00:00:00,7.1,7.23,7.06,7.12,1195288,2023-04-20 00:00:00+00:00,0.0,0.0,1.0,1.0
592,2023-04-21,00:00:00,7.13,7.365,7.079,7.21,1683061,2023-04-21 00:00:00+00:00,0.0,0.0,1.0,1.0
593,2023-04-24,00:00:00,7.22,7.24,7.01,7.17,1573568,2023-04-24 00:00:00+00:00,0.0,0.0,1.0,1.0
594,2023-04-25,00:00:00,7.1,7.11,6.71,6.73,2316134,2023-04-25 00:00:00+00:00,0.0,0.0,1.0,1.0
595,2023-04-26,00:00:00,6.74,6.85,6.6,6.74,1570121,2023-04-26 00:00:00+00:00,0.0,0.0,1.0,1.0
596,2023-04-27,00:00:00,6.77,6.83,6.6,6.64,1256082,2023-04-27 00:00:00+00:00,0.0,0.0,1.0,1.0
597,2023-04-28,00:00:00,6.65,6.94,6.61,6.78,1237890,2023-04-28 00:00:00+00:00,0.0,0.0,1.0,1.0
598,2023-05-01,00:00:00,6.81,6.8425,6.66,6.77,1518752,2023-05-01 00:00:00+00:00,0.0,0.0,1.0,1.0
599,2023-05-02,00:00:00,6.75,6.76,6.405,6.46,1955171,2023-05-02 00:00:00+00:00,0.0,0.0,1.0,1.0
600,2023-05-03,00:00:00,6.53,6.71,6.43,6.59,1619146,2023-05-03 00:00:00+00:00,0.0,0.0,1.0,1.0
601,2023-05-04,00:00:00,6.61,6.6275,6.37,6.61,1398006,2023-05-04 00:00:00+00:00,0.0,0.0,1.0,1.0
602,2023-05-05,00:00:00,6.41,6.41,5.77,5.99,5069482,2023-05-05 00:00:00+00:00,0.0,0.0,1.0,1.0
603,2023-05-08,00:00:00,6.09,6.11,5.64,5.71,3258589,2023-05-08 00:00:00+00:00,0.0,0.0,1.0,1.0
604,2023-05-09,00:00:00,5.7,5.765,5.53,5.66,2847548,2023-05-09 00:00:00+00:00,0.0,0.0,1.0,1.0
605,2023-05-10,00:00:00,5.75,5.89,5.55,5.89,3066895,2023-05-10 00:00:00+00:00,0.0,0.0,1.0,1.0
606,2023-05-11,00:00:00,5.89,5.94,5.7,5.74,2448583,2023-05-11 00:00:00+00:00,0.0,0.0,1.0,1.0
607,2023-05-12,00:00:00,5.77,5.78,5.64,5.74,1694886,2023-05-12 00:00:00+00:00,0.0,0.0,1.0,1.0
608,2023-05-15,00:00:00,5.77,6.01,5.745,5.98,2408217,2023-05-15 00:00:00+00:00,0.0,0.0,1.0,1.0
609,2023-05-16,00:00:00,5.91,5.94,5.67,5.7,1322833,2023-05-16 00:00:00+00:00,0.0,0.0,1.0,1.0
610,2023-05-17,00:00:00,5.7,5.85,5.55,5.84,1964956,2023-05-17 00:00:00+00:00,0.0,0.0,1.0,1.0
611,2023-05-18,00:00:00,5.83,6.08,5.745,5.85,2763391,2023-05-18 00:00:00+00:00,0.0,0.0,1.0,1.0
612,2023-05-19,00:00:00,5.92,5.945,5.8,5.84,1535573,2023-05-19 00:00:00+00:00,0.0,0.0,1.0,1.0
613,2023-05-22,00:00:00,5.84,6.68,5.755,6.61,5692307,2023-05-22 00:00:00+00:00,0.0,0.0,1.0,1.0
614,2023-05-23,00:00:00,6.58,7.49,6.5738,7.08,9600843,2023-05-23 00:00:00+00:00,0.0,0.0,1.0,1.0
615,2023-05-24,00:00:00,7.05,7.16,6.75,7.02,2973308,2023-05-24 00:00:00+00:00,0.0,0.0,1.0,1.0
616,2023-05-25,00:00:00,7.01,7.56,6.68,6.91,4176989,2023-05-25 00:00:00+00:00,0.0,0.0,1.0,1.0
617,2023-05-26,00:00:00,6.93,6.96,6.35,6.8,4894451,2023-05-26 00:00:00+00:00,0.0,0.0,1.0,1.0
618,2023-05-30,00:00:00,6.92,7.14,6.725,6.95,2360786,2023-05-30 00:00:00+00:00,0.0,0.0,1.0,1.0
619,2023-05-31,00:00:00,6.97,7.15,6.81,6.97,2709131,2023-05-31 00:00:00+00:00,0.0,0.0,1.0,1.0
620,2023-06-01,00:00:00,6.98,6.99,6.69,6.79,2102166,2023-06-01 00:00:00+00:00,0.0,0.0,1.0,1.0
621,2023-06-02,00:00:00,6.89,7.02,6.67,6.79,2360436,2023-06-02 00:00:00+00:00,0.0,0.0,1.0,1.0
622,2023-06-05,00:00:00,6.81,6.94,6.66,6.83,1908324,2023-06-05 00:00:00+00:00,0.0,0.0,1.0,1.0
623,2023-06-06,00:00:00,6.82,6.95,6.675,6.91,2521099,2023-06-06 00:00:00+00:00,0.0,0.0,1.0,1.0
624,2023-06-07,00:00:00,6.97,7.4,6.94,7.31,4583536,2023-06-07 00:00:00+00:00,0.0,0.0,1.0,1.0
625,2023-06-08,00:00:00,7.35,7.35,6.99,7.16,2975234,2023-06-08 00:00:00+00:00,0.0,0.0,1.0,1.0
626,2023-06-09,00:00:00,7.19,7.23,6.99,7.09,2601757,2023-06-09 00:00:00+00:00,0.0,0.0,1.0,1.0
627,2023-06-12,00:00:00,7.12,7.4,7.04,7.4,2453516,2023-06-12 00:00:00+00:00,0.0,0.0,1.0,1.0
628,2023-06-13,00:00:00,7.42,7.5493,7.28,7.47,2591575,2023-06-13 00:00:00+00:00,0.0,0.0,1.0,1.0
629,2023-06-14,00:00:00,7.5,7.58,7.3,7.39,2462265,2023-06-14 00:00:00+00:00,0.0,0.0,1.0,1.0
630,2023-06-15,00:00:00,7.35,7.49,7.29,7.48,1975052,2023-06-15 00:00:00+00:00,0.0,0.0,1.0,1.0
631,2023-06-16,00:00:00,7.59,7.5932,7.405,7.58,3996489,2023-06-16 00:00:00+00:00,0.0,0.0,1.0,1.0
632,2023-06-20,00:00:00,7.55,7.67,7.36,7.51,5122236,2023-06-20 00:00:00+00:00,0.0,0.0,1.0,1.0
633,2023-06-21,00:00:00,7.45,7.5,7.111,7.26,3459309,2023-06-21 00:00:00+00:00,0.0,0.0,1.0,1.0
634,2023-06-22,00:00:00,7.2,7.25,7.0,7.2,3028537,2023-06-22 00:00:00+00:00,0.0,0.0,1.0,1.0
635,2023-06-23,00:00:00,7.11,7.415,7.03,7.31,29466960,2023-06-23 00:00:00+00:00,0.0,0.0,1.0,1.0
636,2023-06-26,00:00:00,7.28,7.345,6.9,6.91,3184386,2023-06-26 00:00:00+00:00,0.0,0.0,1.0,1.0
637,2023-06-27,00:00:00,6.89,6.89,6.35,6.35,4363811,2023-06-27 00:00:00+00:00,0.0,0.0,1.0,1.0
638,2023-06-28,00:00:00,6.38,6.68,6.31,6.61,2886912,2023-06-28 00:00:00+00:00,0.0,0.0,1.0,1.0
639,2023-06-29,00:00:00,6.63,6.715,6.45,6.58,1872061,2023-06-29 00:00:00+00:00,0.0,0.0,1.0,1.0
640,2023-06-30,00:00:00,6.64,6.6446,6.41,6.46,1992071,2023-06-30 00:00:00+00:00,0.0,0.0,1.0,1.0
641,2023-07-03,00:00:00,6.46,6.68,6.43,6.59,1125174,2023-07-03 00:00:00+00:00,0.0,0.0,1.0,1.0
642,2023-07-05,00:00:00,6.59,6.72,6.405,6.52,2440514,2023-07-05 00:00:00+00:00,0.0,0.0,1.0,1.0
643,2023-07-06,00:00:00,6.53,6.53,6.28,6.37,1547601,2023-07-06 00:00:00+00:00,0.0,0.0,1.0,1.0
644,2023-07-07,00:00:00,6.38,6.59,6.38,6.51,1613103,2023-07-07 00:00:00+00:00,0.0,0.0,1.0,1.0
645,2023-07-10,00:00:00,6.53,6.895,6.49,6.79,1653580,2023-07-10 00:00:00+00:00,0.0,0.0,1.0,1.0
646,2023-07-11,00:00:00,6.82,7.035,6.66,6.75,1923775,2023-07-11 00:00:00+00:00,0.0,0.0,1.0,1.0
647,2023-07-12,00:00:00,6.96,7.785,6.95,7.55,5411620,2023-07-12 00:00:00+00:00,0.0,0.0,1.0,1.0
648,2023-07-13,00:00:00,7.53,7.63,7.18,7.42,4166959,2023-07-13 00:00:00+00:00,0.0,0.0,1.0,1.0
649,2023-07-14,00:00:00,7.4,8.0,7.04,7.16,2540266,2023-07-14 00:00:00+00:00,0.0,0.0,1.0,1.0
650,2023-07-17,00:00:00,7.16,7.62,7.0212,7.55,1744405,2023-07-17 00:00:00+00:00,0.0,0.0,1.0,1.0
651,2023-07-18,00:00:00,7.61,7.81,7.5,7.56,1768563,2023-07-18 00:00:00+00:00,0.0,0.0,1.0,1.0
652,2023-07-19,00:00:00,7.64,8.05,7.6,7.95,3182465,2023-07-19 00:00:00+00:00,0.0,0.0,1.0,1.0
653,2023-07-20,00:00:00,7.91,8.02,7.7,7.72,2423029,2023-07-20 00:00:00+00:00,0.0,0.0,1.0,1.0
654,2023-07-21,00:00:00,7.76,7.86,7.53,7.85,1531571,2023-07-21 00:00:00+00:00,0.0,0.0,1.0,1.0
655,2023-07-24,00:00:00,7.87,7.96,7.62,7.65,2063220,2023-07-24 00:00:00+00:00,0.0,0.0,1.0,1.0
656,2023-07-25,00:00:00,7.65,7.84,7.56,7.82,1532143,2023-07-25 00:00:00+00:00,0.0,0.0,1.0,1.0
657,2023-07-26,00:00:00,7.79,7.805,7.56,7.76,1377479,2023-07-26 00:00:00+00:00,0.0,0.0,1.0,1.0
658,2023-07-27,00:00:00,7.79,7.89,7.51,7.52,1101890,2023-07-27 00:00:00+00:00,0.0,0.0,1.0,1.0
659,2023-07-28,00:00:00,7.56,7.8,7.56,7.69,1185602,2023-07-28 00:00:00+00:00,0.0,0.0,1.0,1.0
660,2023-07-31,00:00:00,7.75,7.85,7.59,7.73,1344360,2023-07-31 00:00:00+00:00,0.0,0.0,1.0,1.0
661,2023-08-01,00:00:00,7.73,7.73,7.25,7.27,1735790,2023-08-01 00:00:00+00:00,0.0,0.0,1.0,1.0
662,2023-08-02,00:00:00,7.13,7.1966,6.83,6.94,2241444,2023-08-02 00:00:00+00:00,0.0,0.0,1.0,1.0
663,2023-08-03,00:00:00,6.93,7.1,6.82,6.97,3317452,2023-08-03 00:00:00+00:00,0.0,0.0,1.0,1.0
664,2023-08-04,00:00:00,6.52,6.87,5.92,6.04,5581592,2023-08-04 00:00:00+00:00,0.0,0.0,1.0,1.0
665,2023-08-07,00:00:00,6.16,6.66,5.8,5.85,3461867,2023-08-07 00:00:00+00:00,0.0,0.0,1.0,1.0
666,2023-08-08,00:00:00,5.86,5.925,5.7,5.89,1998196,2023-08-08 00:00:00+00:00,0.0,0.0,1.0,1.0
667,2023-08-09,00:00:00,5.89,6.045,5.805,6.02,2584079,2023-08-09 00:00:00+00:00,1.0,0.0,0.0,1.0
668,2023-08-10,00:00:00,6.05,6.14,5.855,5.88,1689227,2023-08-10 00:00:00+00:00,1.0,0.0,0.0,1.0
669,2023-08-11,00:00:00,5.83,5.8801,5.72,5.76,2418187,2023-08-11 00:00:00+00:00,1.0,0.0,0.0,1.0
670,2023-08-14,00:00:00,5.75,5.75,5.56,5.59,2142430,2023-08-14 00:00:00+00:00,1.0,0.0,0.0,1.0
671,2023-08-15,00:00:00,5.6,5.65,5.5,5.52,1848161,2023-08-15 00:00:00+00:00,1.0,0.0,0.0,1.0
672,2023-08-16,00:00:00,5.5,5.595,5.46,5.5,2048344,2023-08-16 00:00:00+00:00,1.0,0.0,0.0,1.0
673,2023-08-17,00:00:00,5.54,5.63,5.485,5.5,2502405,2023-08-17 00:00:00+00:00,1.0,0.0,0.0,1.0
674,2023-08-18,00:00:00,5.42,5.595,5.41,5.49,1487037,2023-08-18 00:00:00+00:00,1.0,0.0,0.0,1.0
675,2023-08-21,00:00:00,5.5,5.68,5.45,5.58,1248813,2023-08-21 00:00:00+00:00,1.0,0.0,0.0,1.0
676,2023-08-22,00:00:00,5.58,5.63,5.37,5.5,1411602,2023-08-22 00:00:00+00:00,1.0,0.0,0.0,1.0
677,2023-08-23,00:00:00,5.52,5.5899,5.495,5.56,748021,2023-08-23 00:00:00+00:00,1.0,0.0,0.0,1.0
678,2023-08-24,00:00:00,5.56,5.5604,5.42,5.5,1182789,2023-08-24 00:00:00+00:00,1.0,0.0,0.0,1.0
679,2023-08-25,00:00:00,5.51,5.59,5.395,5.51,1317031,2023-08-25 00:00:00+00:00,1.0,0.0,0.0,1.0
680,2023-08-28,00:00:00,5.53,5.68,5.475,5.5,1063898,2023-08-28 00:00:00+00:00,1.0,0.0,0.0,1.0
681,2023-08-29,00:00:00,5.47,5.71,5.42,5.66,1116479,2023-08-29 00:00:00+00:00,1.0,0.0,0.0,1.0
682,2023-08-30,00:00:00,5.66,5.84,5.59,5.8,1752114,2023-08-30 00:00:00+00:00,1.0,0.0,0.0,1.0
683,2023-08-31,00:00:00,5.79,5.8,5.43,5.45,1784111,2023-08-31 00:00:00+00:00,1.0,0.0,0.0,1.0
684,2023-09-01,00:00:00,5.51,5.66,5.38,5.59,1841004,2023-09-01 00:00:00+00:00,1.0,0.0,0.0,1.0
685,2023-09-05,00:00:00,5.59,5.79,5.48,5.55,1396633,2023-09-05 00:00:00+00:00,1.0,0.0,0.0,1.0
686,2023-09-06,00:00:00,5.56,5.57,5.425,5.51,1189302,2023-09-06 00:00:00+00:00,1.0,0.0,0.0,1.0
687,2023-09-07,00:00:00,5.46,5.61,5.41,5.56,1789479,2023-09-07 00:00:00+00:00,1.0,0.0,0.0,1.0
688,2023-09-08,00:00:00,5.57,5.58,5.38,5.41,1796299,2023-09-08 00:00:00+00:00,1.0,0.0,0.0,1.0
689,2023-09-11,00:00:00,5.42,5.45,5.265,5.36,1461471,2023-09-11 00:00:00+00:00,1.0,0.0,0.0,1.0
690,2023-09-12,00:00:00,5.33,5.33,5.13,5.14,1853840,2023-09-12 00:00:00+00:00,1.0,0.0,0.0,1.0
691,2023-09-13,00:00:00,5.14,5.27,5.12,5.25,1462320,2023-09-13 00:00:00+00:00,1.0,0.0,0.0,1.0
692,2023-09-14,00:00:00,5.28,5.315,5.16,5.17,1107516,2023-09-14 00:00:00+00:00,1.0,0.0,0.0,1.0
693,2023-09-15,00:00:00,5.31,5.46,5.27,5.34,2365588,2023-09-15 00:00:00+00:00,1.0,0.0,0.0,1.0
694,2023-09-18,00:00:00,5.33,5.33,5.12,5.13,1464652,2023-09-18 00:00:00+00:00,1.0,0.0,0.0,1.0
695,2023-09-19,00:00:00,5.13,5.18,5.06,5.08,1249239,2023-09-19 00:00:00+00:00,1.0,0.0,0.0,1.0
696,2023-09-20,00:00:00,5.15,5.295,5.06,5.08,2793555,2023-09-20 00:00:00+00:00,1.0,0.0,0.0,1.0
697,2023-09-21,00:00:00,5.05,5.07,4.91,4.91,1740758,2023-09-21 00:00:00+00:00,1.0,0.0,0.0,1.0
698,2023-09-22,00:00:00,4.93,5.0,4.88,5.0,2438497,2023-09-22 00:00:00+00:00,1.0,0.0,0.0,1.0
699,2023-09-25,00:00:00,4.96,4.96,4.75,4.77,1493590,2023-09-25 00:00:00+00:00,1.0,0.0,0.0,1.0
700,2023-09-26,00:00:00,4.75,4.89,4.67,4.7,2347407,2023-09-26 00:00:00+00:00,1.0,0.0,0.0,1.0
701,2023-09-27,00:00:00,4.73,5.02,4.685,4.71,1425860,2023-09-27 00:00:00+00:00,1.0,0.0,0.0,1.0
702,2023-09-28,00:00:00,4.69,4.72,4.51,4.66,1099669,2023-09-28 00:00:00+00:00,1.0,0.0,0.0,1.0
703,2023-09-29,00:00:00,4.74,4.75,4.57,4.6,1510776,2023-09-29 00:00:00+00:00,1.0,0.0,0.0,1.0
704,2023-10-02,00:00:00,4.6,4.6,4.43,4.46,2387301,2023-10-02 00:00:00+00:00,1.0,0.0,0.0,1.0
705,2023-10-03,00:00:00,4.44,4.5,4.34,4.38,1781768,2023-10-03 00:00:00+00:00,1.0,0.0,0.0,1.0
706,2023-10-04,00:00:00,4.38,4.45,4.33,4.43,1248800,2023-10-04 00:00:00+00:00,1.0,0.0,0.0,1.0
707,2023-10-05,00:00:00,4.43,4.51,4.34,4.42,1264280,2023-10-05 00:00:00+00:00,1.0,0.0,0.0,1.0
708,2023-10-06,00:00:00,4.4,4.475,4.35,4.42,712587,2023-10-06 00:00:00+00:00,1.0,0.0,0.0,1.0
709,2023-10-09,00:00:00,4.39,4.41,4.28,4.4,840734,2023-10-09 00:00:00+00:00,1.0,0.0,0.0,1.0
710,2023-10-10,00:00:00,4.41,4.52,4.37,4.52,838819,2023-10-10 00:00:00+00:00,1.0,0.0,0.0,1.0
711,2023-10-11,00:00:00,4.5,4.5475,4.32,4.39,1078107,2023-10-11 00:00:00+00:00,1.0,0.0,0.0,1.0
712,2023-10-12,00:00:00,4.41,4.41,3.92,3.98,4206194,2023-10-12 00:00:00+00:00,1.0,0.0,0.0,1.0
713,2023-10-13,00:00:00,4.04,4.28,3.94,4.26,2617946,2023-10-13 00:00:00+00:00,1.0,0.0,0.0,1.0
714,2023-10-16,00:00:00,4.23,4.33,4.2,4.28,1132547,2023-10-16 00:00:00+00:00,1.0,0.0,0.0,1.0
715,2023-10-17,00:00:00,4.23,4.419,4.22,4.4,1300293,2023-10-17 00:00:00+00:00,1.0,0.0,0.0,1.0
716,2023-10-18,00:00:00,4.35,4.37,4.28,4.35,2817228,2023-10-18 00:00:00+00:00,1.0,0.0,0.0,1.0
717,2023-10-19,00:00:00,4.33,4.42,4.27,4.29,1428483,2023-10-19 00:00:00+00:00,1.0,0.0,0.0,1.0
718,2023-10-20,00:00:00,4.32,4.35,4.2618,4.32,1493142,2023-10-20 00:00:00+00:00,1.0,0.0,0.0,1.0
719,2023-10-23,00:00:00,4.27,4.3085,4.2,4.27,1107446,2023-10-23 00:00:00+00:00,1.0,0.0,0.0,1.0
720,2023-10-24,00:00:00,4.3,4.47,4.26,4.45,1099718,2023-10-24 00:00:00+00:00,1.0,0.0,0.0,1.0
721,2023-10-25,00:00:00,4.39,4.39,4.06,4.06,1340428,2023-10-25 00:00:00+00:00,1.0,0.0,0.0,1.0
722,2023-10-26,00:00:00,4.05,4.17,4.03,4.14,1210393,2023-10-26 00:00:00+00:00,1.0,0.0,0.0,1.0
723,2023-10-27,00:00:00,4.15,4.16,3.91,3.91,1554854,2023-10-27 00:00:00+00:00,1.0,0.0,0.0,1.0
724,2023-10-30,00:00:00,3.95,4.06,3.87,4.04,1438966,2023-10-30 00:00:00+00:00,1.0,0.0,0.0,1.0
725,2023-10-31,00:00:00,4.03,4.23,4.03,4.11,983955,2023-10-31 00:00:00+00:00,1.0,0.0,0.0,1.0
726,2023-11-01,00:00:00,4.12,4.145,4.01,4.12,705202,2023-11-01 00:00:00+00:00,1.0,0.0,0.0,1.0
727,2023-11-02,00:00:00,4.18,4.45,4.16,4.43,1956492,2023-11-02 00:00:00+00:00,1.0,0.0,0.0,1.0
728,2023-11-03,00:00:00,3.97,4.78,3.9,4.7,3552955,2023-11-03 00:00:00+00:00,1.0,0.0,0.0,1.0
729,2023-11-06,00:00:00,4.64,4.78,4.44,4.475,1428865,2023-11-06 00:00:00+00:00,1.0,0.0,0.0,1.0
730,2023-11-07,00:00:00,4.44,4.525,4.385,4.4,1195567,2023-11-07 00:00:00+00:00,1.0,0.0,0.0,1.0
731,2023-11-08,00:00:00,4.38,4.38,4.12,4.18,1909906,2023-11-08 00:00:00+00:00,1.0,0.0,0.0,1.0
732,2023-11-09,00:00:00,4.21,4.27,4.04,4.04,1313735,2023-11-09 00:00:00+00:00,1.0,0.0,0.0,1.0
733,2023-11-10,00:00:00,4.07,4.08,3.89,4.04,1136238,2023-11-10 00:00:00+00:00,1.0,0.0,0.0,1.0
734,2023-11-13,00:00:00,4.02,4.0312,3.93,3.98,830074,2023-11-13 00:00:00+00:00,1.0,0.0,0.0,1.0
735,2023-11-14,00:00:00,4.17,4.3653,4.15,4.33,1319551,2023-11-14 00:00:00+00:00,1.0,0.0,0.0,1.0
736,2023-11-15,00:00:00,4.4,4.66,4.3,4.53,1470064,2023-11-15 00:00:00+00:00,1.0,0.0,0.0,1.0
737,2023-11-16,00:00:00,4.52,4.52,4.24,4.38,931514,2023-11-16 00:00:00+00:00,1.0,0.0,0.0,1.0
738,2023-11-17,00:00:00,4.43,4.48,4.345,4.47,1327607,2023-11-17 00:00:00+00:00,1.0,0.0,0.0,1.0
739,2023-11-20,00:00:00,4.46,4.69,4.345,4.6,1989074,2023-11-20 00:00:00+00:00,1.0,0.0,0.0,1.0
740,2023-11-21,00:00:00,4.58,4.58,4.32,4.34,1444235,2023-11-21 00:00:00+00:00,1.0,0.0,0.0,1.0
741,2023-11-22,00:00:00,4.41,4.45,4.33,4.43,876100,2023-11-22 00:00:00+00:00,1.0,0.0,0.0,1.0
742,2023-11-24,00:00:00,4.44,4.49,4.4,4.43,492536,2023-11-24 00:00:00+00:00,1.0,0.0,0.0,1.0
743,2023-11-27,00:00:00,4.4,4.55,4.27,4.53,1325169,2023-11-27 00:00:00+00:00,1.0,0.0,0.0,1.0
744,2023-11-28,00:00:00,4.6,4.8,4.4,4.73,2338361,2023-11-28 00:00:00+00:00,1.0,0.0,0.0,1.0
745,2023-11-29,00:00:00,4.75,5.025,4.69,4.78,2508709,2023-11-29 00:00:00+00:00,1.0,0.0,0.0,1.0
746,2023-11-30,00:00:00,4.81,4.88,4.565,4.71,3838030,2023-11-30 00:00:00+00:00,1.0,0.0,0.0,1.0
747,2023-12-01,00:00:00,4.68,4.86,4.52,4.83,2053531,2023-12-01 00:00:00+00:00,1.0,0.0,0.0,1.0
748,2023-12-04,00:00:00,4.81,4.93,4.62,4.64,1842857,2023-12-04 00:00:00+00:00,1.0,0.0,0.0,1.0
749,2023-12-05,00:00:00,4.89,4.89,4.47,4.5,1733155,2023-12-05 00:00:00+00:00,1.0,0.0,0.0,1.0
750,2023-12-06,00:00:00,4.51,4.94,4.49,4.85,1655868,2023-12-06 00:00:00+00:00,1.0,0.0,0.0,1.0
751,2023-12-07,00:00:00,4.87,4.96,4.79,4.84,854100,2023-12-07 00:00:00+00:00,1.0,0.0,0.0,1.0
752,2023-12-08,00:00:00,4.79,4.97,4.7001,4.87,1524555,2023-12-08 00:00:00+00:00,1.0,0.0,0.0,1.0
753,2023-12-11,00:00:00,4.85,4.86,4.7,4.79,1172993,2023-12-11 00:00:00+00:00,1.0,0.0,0.0,1.0
754,2023-12-12,00:00:00,4.78,4.8,4.65,4.78,1039654,2023-12-12 00:00:00+00:00,1.0,0.0,0.0,1.0
755,2023-12-13,00:00:00,4.8,5.06,4.67,5.04,1200114,2023-12-13 00:00:00+00:00,1.0,0.0,0.0,1.0
756,2023-12-14,00:00:00,5.17,5.5188,5.16,5.48,3298443,2023-12-14 00:00:00+00:00,1.0,0.0,0.0,1.0
757,2023-12-15,00:00:00,5.58,5.61,5.3,5.43,2437122,2023-12-15 00:00:00+00:00,1.0,0.0,0.0,1.0
758,2023-12-18,00:00:00,5.42,5.4604,5.27,5.32,1376129,2023-12-18 00:00:00+00:00,1.0,0.0,0.0,1.0
759,2023-12-19,00:00:00,5.37,5.74,5.361,5.68,1724289,2023-12-19 00:00:00+00:00,1.0,0.0,0.0,1.0
760,2023-12-20,00:00:00,5.63,5.795,5.41,5.43,1506110,2023-12-20 00:00:00+00:00,1.0,0.0,0.0,1.0
761,2023-12-21,00:00:00,5.53,5.74,5.5,5.69,1296003,2023-12-21 00:00:00+00:00,1.0,0.0,0.0,1.0
762,2023-12-22,00:00:00,5.7,5.83,5.635,5.69,877046,2023-12-22 00:00:00+00:00,1.0,0.0,0.0,1.0
763,2023-12-26,00:00:00,5.7,5.87,5.7,5.77,1148180,2023-12-26 00:00:00+00:00,1.0,0.0,0.0,1.0
764,2023-12-27,00:00:00,5.82,5.89,5.7,5.8,1013663,2023-12-27 00:00:00+00:00,1.0,0.0,0.0,1.0
765,2023-12-28,00:00:00,5.79,5.98,5.76,5.93,1585304,2023-12-28 00:00:00+00:00,1.0,0.0,0.0,1.0
766,2023-12-29,00:00:00,5.95,5.95,5.63,5.71,1555124,2023-12-29 00:00:00+00:00,1.0,0.0,0.0,1.0
767,2024-01-02,00:00:00,5.62,5.89,5.54,5.73,1054358,2024-01-02 00:00:00+00:00,1.0,0.0,0.0,1.0
768,2024-01-03,00:00:00,5.6,5.79,5.52,5.7,1531476,2024-01-03 00:00:00+00:00,1.0,0.0,0.0,1.0
769,2024-01-04,00:00:00,5.67,5.995,5.56,5.94,1124912,2024-01-04 00:00:00+00:00,1.0,0.0,0.0,1.0
770,2024-01-05,00:00:00,5.93,5.93,5.75,5.84,1401044,2024-01-05 00:00:00+00:00,1.0,0.0,0.0,1.0
771,2024-01-08,00:00:00,5.84,6.055,5.725,5.97,993399,2024-01-08 00:00:00+00:00,1.0,0.0,0.0,1.0
772,2024-01-09,00:00:00,5.89,5.925,5.67,5.71,1161924,2024-01-09 00:00:00+00:00,1.0,0.0,0.0,1.0
773,2024-01-10,00:00:00,5.73,5.77,5.49,5.63,1017183,2024-01-10 00:00:00+00:00,1.0,0.0,0.0,1.0
774,2024-01-11,00:00:00,5.59,5.6,5.41,5.45,1157692,2024-01-11 00:00:00+00:00,1.0,0.0,0.0,1.0
775,2024-01-12,00:00:00,5.46,5.69,5.38,5.39,853471,2024-01-12 00:00:00+00:00,1.0,0.0,0.0,1.0
776,2024-01-16,00:00:00,5.34,5.34,4.96,5.0,1857019,2024-01-16 00:00:00+00:00,1.0,0.0,0.0,1.0
777,2024-01-17,00:00:00,4.95,5.31,4.81,5.27,4214025,2024-01-17 00:00:00+00:00,1.0,0.0,0.0,1.0
778,2024-01-18,00:00:00,5.35,5.4,5.12,5.19,1231057,2024-01-18 00:00:00+00:00,1.0,0.0,0.0,1.0
779,2024-01-19,00:00:00,5.19,5.325,5.06,5.24,1182907,2024-01-19 00:00:00+00:00,1.0,0.0,0.0,1.0
780,2024-01-22,00:00:00,5.3,5.55,5.25,5.51,2635181,2024-01-22 00:00:00+00:00,1.0,0.0,0.0,1.0
781,2024-01-23,00:00:00,5.52,5.62,5.18,5.31,886408,2024-01-23 00:00:00+00:00,1.0,0.0,0.0,1.0
782,2024-01-24,00:00:00,5.41,5.46,5.235,5.26,854699,2024-01-24 00:00:00+00:00,1.0,0.0,0.0,1.0
783,2024-01-25,00:00:00,5.31,5.4,5.25,5.32,948303,2024-01-25 00:00:00+00:00,1.0,0.0,0.0,1.0
784,2024-01-26,00:00:00,5.37,5.48,5.26,5.32,1128160,2024-01-26 00:00:00+00:00,1.0,0.0,0.0,1.0
785,2024-01-29,00:00:00,5.35,5.62,5.235,5.59,1308844,2024-01-29 00:00:00+00:00,1.0,0.0,0.0,1.0
786,2024-01-30,00:00:00,5.6,5.6,5.22,5.28,990054,2024-01-30 00:00:00+00:00,1.0,0.0,0.0,1.0
787,2024-01-31,00:00:00,5.25,5.36,5.11,5.11,958252,2024-01-31 00:00:00+00:00,1.0,0.0,0.0,1.0
788,2024-02-01,00:00:00,5.17,5.24,5.115,5.2,1100273,2024-02-01 00:00:00+00:00,1.0,0.0,0.0,1.0
789,2024-02-02,00:00:00,5.15,5.15,4.82,5.01,2125861,2024-02-02 00:00:00+00:00,0.0,0.0,1.0,1.0
790,2024-02-05,00:00:00,4.96,4.99,4.795,4.95,1891418,2024-02-05 00:00:00+00:00,0.0,0.0,1.0,1.0
791,2024-02-06,00:00:00,4.93,5.18,4.87,5.18,1189775,2024-02-06 00:00:00+00:00,0.0,0.0,1.0,1.0
792,2024-02-07,00:00:00,5.18,5.19,4.88,4.91,1125235,2024-02-07 00:00:00+00:00,0.0,0.0,1.0,1.0
793,2024-02-08,00:00:00,4.91,5.08,4.8611,5.02,899992,2024-02-08 00:00:00+00:00,0.0,0.0,1.0,1.0
794,2024-02-09,00:00:00,5.05,5.15,5.0,5.11,894169,2024-02-09 00:00:00+00:00,0.0,0.0,1.0,1.0
795,2024-02-12,00:00:00,5.14,5.46,5.095,5.46,1682277,2024-02-12 00:00:00+00:00,0.0,0.0,1.0,1.0
796,2024-02-13,00:00:00,5.2,5.26,5.035,5.11,1848153,2024-02-13 00:00:00+00:00,0.0,0.0,1.0,1.0
797,2024-02-14,00:00:00,5.21,5.29,5.145,5.22,1208362,2024-02-14 00:00:00+00:00,0.0,0.0,1.0,1.0
798,2024-02-15,00:00:00,5.29,5.41,5.18,5.28,1104535,2024-02-15 00:00:00+00:00,0.0,0.0,1.0,1.0
799,2024-02-16,00:00:00,5.22,5.41,5.1,5.34,1374469,2024-02-16 00:00:00+00:00,0.0,0.0,1.0,1.0
800,2024-02-20,00:00:00,5.4,5.45,5.225,5.31,1397385,2024-02-20 00:00:00+00:00,0.0,0.0,1.0,1.0
801,2024-02-21,00:00:00,5.25,5.252,4.65,4.81,3579436,2024-02-21 00:00:00+00:00,0.0,0.0,1.0,1.0
802,2024-02-22,00:00:00,5.03,5.03,4.81,4.85,1938359,2024-02-22 00:00:00+00:00,0.0,0.0,1.0,1.0
803,2024-02-23,00:00:00,4.9,5.085,4.82,4.87,2680983,2024-02-23 00:00:00+00:00,0.0,0.0,1.0,1.0
804,2024-02-26,00:00:00,4.82,4.96,4.79,4.95,2202978,2024-02-26 00:00:00+00:00,0.0,0.0,1.0,1.0
805,2024-02-27,00:00:00,4.97,5.21,4.96,5.12,2588695,2024-02-27 00:00:00+00:00,0.0,0.0,1.0,1.0
806,2024-02-28,00:00:00,5.06,5.2,4.98,5.08,1496115,2024-02-28 00:00:00+00:00,0.0,0.0,1.0,1.0
807,2024-02-29,00:00:00,5.16,5.17,5.0,5.05,2767653,2024-02-29 00:00:00+00:00,0.0,0.0,1.0,1.0
808,2024-03-01,00:00:00,5.09,5.26,5.0016,5.05,1405512,2024-03-01 00:00:00+00:00,0.0,0.0,1.0,1.0
809,2024-03-04,00:00:00,5.03,5.1,4.79,5.0,2141776,2024-03-04 00:00:00+00:00,0.0,0.0,1.0,1.0
810,2024-03-05,00:00:00,4.93,4.94,4.805,4.81,1928107,2024-03-05 00:00:00+00:00,0.0,0.0,1.0,1.0
811,2024-03-06,00:00:00,4.86,4.9601,4.845,4.87,1459089,2024-03-06 00:00:00+00:00,0.0,0.0,1.0,1.0
812,2024-03-07,00:00:00,4.91,5.0,4.86,4.91,1117052,2024-03-07 00:00:00+00:00,0.0,0.0,1.0,1.0
813,2024-03-08,00:00:00,4.98,5.125,4.76,4.77,1058807,2024-03-08 00:00:00+00:00,0.0,0.0,1.0,1.0
814,2024-03-11,00:00:00,4.9,5.04,4.825,4.96,1967553,2024-03-11 00:00:00+00:00,0.0,0.0,1.0,1.0
815,2024-03-12,00:00:00,4.97,4.98,4.8,4.88,1561218,2024-03-12 00:00:00+00:00,0.0,0.0,1.0,1.0
816,2024-03-13,00:00:00,4.88,4.96,4.82,4.91,1024702,2024-03-13 00:00:00+00:00,0.0,0.0,1.0,1.0
817,2024-03-14,00:00:00,4.93,4.93,4.67,4.7,1529585,2024-03-14 00:00:00+00:00,0.0,0.0,1.0,1.0
818,2024-03-15,00:00:00,4.69,4.78,4.66,4.71,1005977,2024-03-15 00:00:00+00:00,0.0,0.0,1.0,1.0
819,2024-03-18,00:00:00,4.785,4.785,4.53,4.59,1094773,2024-03-18 00:00:00+00:00,0.0,0.0,1.0,1.0
820,2024-03-19,00:00:00,4.56,4.635,4.41,4.6,693211,2024-03-19 00:00:00+00:00,0.0,0.0,1.0,1.0
821,2024-03-20,00:00:00,4.61,4.745,4.51,4.73,665376,2024-03-20 00:00:00+00:00,0.0,0.0,1.0,1.0
822,2024-03-21,00:00:00,4.8,4.83,4.67,4.71,832785,2024-03-21 00:00:00+00:00,0.0,0.0,1.0,1.0
823,2024-03-22,00:00:00,4.7,4.7,4.56,4.59,616333,2024-03-22 00:00:00+00:00,0.0,0.0,1.0,1.0
824,2024-03-25,00:00:00,4.59,4.7,4.55,4.58,708094,2024-03-25 00:00:00+00:00,0.0,0.0,1.0,1.0
825,2024-03-26,00:00:00,4.64,4.69,4.27,4.29,1669804,2024-03-26 00:00:00+00:00,0.0,0.0,1.0,1.0
826,2024-03-27,00:00:00,4.31,4.51,4.27,4.49,1337798,2024-03-27 00:00:00+00:00,0.0,0.0,1.0,1.0
827,2024-03-28,00:00:00,4.51,4.645,4.485,4.53,929055,2024-03-28 00:00:00+00:00,0.0,0.0,1.0,1.0
828,2024-04-01,00:00:00,4.54,4.54,4.31,4.44,1247978,2024-04-01 00:00:00+00:00,0.0,0.0,1.0,1.0
829,2024-04-02,00:00:00,4.44,4.44,4.27,4.32,1338931,2024-04-02 00:00:00+00:00,0.0,0.0,1.0,1.0
830,2024-04-03,00:00:00,4.3,4.435,4.248,4.38,537918,2024-04-03 00:00:00+00:00,0.0,0.0,1.0,1.0
831,2024-04-04,00:00:00,4.41,4.57,4.38,4.4,815831,2024-04-04 00:00:00+00:00,0.0,0.0,1.0,1.0
832,2024-04-05,00:00:00,4.36,4.45,4.26,4.34,769782,2024-04-05 00:00:00+00:00,0.0,0.0,1.0,1.0
833,2024-04-08,00:00:00,4.38,4.535,4.35,4.49,857034,2024-04-08 00:00:00+00:00,0.0,0.0,1.0,1.0
834,2024-04-09,00:00:00,4.51,4.7499,4.47,4.73,1298977,2024-04-09 00:00:00+00:00,0.0,0.0,1.0,1.0
835,2024-04-10,00:00:00,4.53,4.65,4.38,4.46,1033778,2024-04-10 00:00:00+00:00,0.0,0.0,1.0,1.0
836,2024-04-11,00:00:00,4.5,4.56,4.33,4.38,1050804,2024-04-11 00:00:00+00:00,0.0,0.0,1.0,1.0
837,2024-04-12,00:00:00,4.35,4.42,4.25,4.34,1011252,2024-04-12 00:00:00+00:00,0.0,0.0,1.0,1.0
838,2024-04-15,00:00:00,4.34,4.34,4.15,4.18,1359028,2024-04-15 00:00:00+00:00,0.0,0.0,1.0,1.0
839,2024-04-16,00:00:00,4.13,4.15,4.03,4.05,1272054,2024-04-16 00:00:00+00:00,0.0,0.0,1.0,1.0
840,2024-04-17,00:00:00,4.06,4.15,3.92,3.92,1069432,2024-04-17 00:00:00+00:00,0.0,0.0,1.0,1.0
841,2024-04-18,00:00:00,3.95,3.97,3.84,3.91,765647,2024-04-18 00:00:00+00:00,0.0,0.0,1.0,1.0
842,2024-04-19,00:00:00,3.85,3.96,3.79,3.87,978622,2024-04-19 00:00:00+00:00,0.0,0.0,1.0,1.0
843,2024-04-22,00:00:00,3.89,4.01,3.83,4.01,1076281,2024-04-22 00:00:00+00:00,0.0,0.0,1.0,1.0
844,2024-04-23,00:00:00,4.0,4.31,3.965,3.97,1595129,2024-04-23 00:00:00+00:00,0.0,0.0,1.0,1.0
845,2024-04-24,00:00:00,4.01,4.25,3.89,3.9,1599075,2024-04-24 00:00:00+00:00,0.0,0.0,1.0,1.0
846,2024-04-25,00:00:00,3.86,3.8799,3.62,3.63,1829913,2024-04-25 00:00:00+00:00,0.0,0.0,1.0,1.0
847,2024-04-26,00:00:00,3.69,3.8,3.64,3.76,1369561,2024-04-26 00:00:00+00:00,0.0,0.0,1.0,1.0
848,2024-04-29,00:00:00,3.78,3.8601,3.762,3.84,1426294,2024-04-29 00:00:00+00:00,0.0,0.0,1.0,1.0
849,2024-04-30,00:00:00,3.82,4.0,3.725,3.78,935475,2024-04-30 00:00:00+00:00,0.0,0.0,1.0,1.0
850,2024-05-01,00:00:00,3.77,3.96,3.655,3.78,2008713,2024-05-01 00:00:00+00:00,0.0,0.0,1.0,1.0
851,2024-05-02,00:00:00,3.89,3.89,3.68,3.85,1237894,2024-05-02 00:00:00+00:00,0.0,0.0,1.0,1.0
852,2024-05-03,00:00:00,3.92,4.2,3.92,4.03,2202875,2024-05-03 00:00:00+00:00,0.0,0.0,1.0,1.0
853,2024-05-06,00:00:00,4.14,4.175,4.03,4.11,1823908,2024-05-06 00:00:00+00:00,0.0,0.0,1.0,1.0
854,2024-05-07,00:00:00,4.12,4.28,3.99,4.04,2175538,2024-05-07 00:00:00+00:00,0.0,0.0,1.0,1.0
855,2024-05-08,00:00:00,4.04,4.199,3.78,3.84,1333528,2024-05-08 00:00:00+00:00,0.0,0.0,1.0,1.0
856,2024-05-09,00:00:00,3.86,4.015,3.85,3.95,1021046,2024-05-09 00:00:00+00:00,0.0,0.0,1.0,1.0
857,2024-05-10,00:00:00,3.92,3.97,3.81,3.83,1193867,2024-05-10 00:00:00+00:00,0.0,0.0,1.0,1.0
858,2024-05-13,00:00:00,3.88,3.98,3.84,3.85,1316532,2024-05-13 00:00:00+00:00,0.0,0.0,1.0,1.0
859,2024-05-14,00:00:00,3.92,4.015,3.82,3.82,1267003,2024-05-14 00:00:00+00:00,0.0,0.0,1.0,1.0
860,2024-05-15,00:00:00,3.9,3.915,3.69,3.7,1027468,2024-05-15 00:00:00+00:00,0.0,0.0,1.0,1.0
861,2024-05-16,00:00:00,3.73,3.85,3.665,3.78,1348139,2024-05-16 00:00:00+00:00,0.0,0.0,1.0,1.0
862,2024-05-17,00:00:00,3.82,3.83,3.63,3.64,1041106,2024-05-17 00:00:00+00:00,0.0,0.0,1.0,1.0
863,2024-05-20,00:00:00,3.65,3.76,3.58,3.74,1034315,2024-05-20 00:00:00+00:00,0.0,0.0,1.0,1.0
864,2024-05-21,00:00:00,3.72,3.885,3.7,3.85,1986673,2024-05-21 00:00:00+00:00,0.0,0.0,1.0,1.0
865,2024-05-22,00:00:00,3.81,4.035,3.7964,3.86,1485939,2024-05-22 00:00:00+00:00,0.0,0.0,1.0,1.0
866,2024-05-23,00:00:00,3.87,4.01,3.81,3.85,1333066,2024-05-23 00:00:00+00:00,0.0,0.0,1.0,1.0
867,2024-05-24,00:00:00,3.88,3.9483,3.76,3.85,1047467,2024-05-24 00:00:00+00:00,0.0,0.0,1.0,1.0
868,2024-05-28,00:00:00,3.88,4.3398,3.88,4.08,2888465,2024-05-28 00:00:00+00:00,0.0,0.0,1.0,1.0
869,2024-05-29,00:00:00,4.01,4.16,3.97,4.08,1596096,2024-05-29 00:00:00+00:00,0.0,0.0,1.0,1.0
870,2024-05-30,00:00:00,4.14,4.17,4.01,4.04,895159,2024-05-30 00:00:00+00:00,0.0,0.0,1.0,1.0
871,2024-05-31,00:00:00,4.04,4.2,3.9,3.92,1082677,2024-05-31 00:00:00+00:00,0.0,0.0,1.0,1.0
872,2024-06-03,00:00:00,3.94,4.07,3.82,3.88,1249847,2024-06-03 00:00:00+00:00,0.0,0.0,1.0,1.0
873,2024-06-04,00:00:00,3.88,3.895,3.76,3.78,1077007,2024-06-04 00:00:00+00:00,0.0,0.0,1.0,1.0
874,2024-06-05,00:00:00,3.78,3.82,3.72,3.75,1539429,2024-06-05 00:00:00+00:00,0.0,0.0,1.0,1.0
875,2024-06-06,00:00:00,3.78,3.88,3.715,3.78,1203836,2024-06-06 00:00:00+00:00,0.0,0.0,1.0,1.0
876,2024-06-07,00:00:00,3.74,3.76,3.61,3.62,1083384,2024-06-07 00:00:00+00:00,0.0,0.0,1.0,1.0
877,2024-06-10,00:00:00,3.62,3.635,3.51,3.51,1683532,2024-06-10 00:00:00+00:00,0.0,0.0,1.0,1.0
878,2024-06-11,00:00:00,3.5,3.5392,3.345,3.43,3473023,2024-06-11 00:00:00+00:00,0.0,0.0,1.0,1.0
879,2024-06-12,00:00:00,3.49,3.57,3.38,3.42,2212323,2024-06-12 00:00:00+00:00,0.0,0.0,1.0,1.0
880,2024-06-13,00:00:00,3.42,3.4593,3.305,3.33,1960392,2024-06-13 00:00:00+00:00,0.0,0.0,1.0,1.0
881,2024-06-14,00:00:00,3.32,3.38,3.22,3.23,1224931,2024-06-14 00:00:00+00:00,0.0,0.0,1.0,1.0
882,2024-06-17,00:00:00,3.22,3.22,3.03,3.06,2006188,2024-06-17 00:00:00+00:00,0.0,0.0,1.0,1.0
883,2024-06-18,00:00:00,3.1,3.15,2.985,3.02,2146966,2024-06-18 00:00:00+00:00,0.0,0.0,1.0,1.0
884,2024-06-20,00:00:00,2.96,3.0,2.86,2.94,3320813,2024-06-20 00:00:00+00:00,0.0,0.0,1.0,1.0
885,2024-06-21,00:00:00,2.95,2.965,2.89,2.9,2549394,2024-06-21 00:00:00+00:00,0.0,0.0,1.0,1.0
886,2024-06-24,00:00:00,2.9,2.97,2.79,2.79,2953244,2024-06-24 00:00:00+00:00,0.0,0.0,1.0,1.0
887,2024-06-25,00:00:00,2.82,2.82,2.71,2.73,3085686,2024-06-25 00:00:00+00:00,0.0,0.0,1.0,1.0
888,2024-06-26,00:00:00,2.75,2.865,2.74,2.79,2201137,2024-06-26 00:00:00+00:00,0.0,0.0,1.0,1.0
889,2024-06-27,00:00:00,2.75,2.89,2.7309,2.88,1939580,2024-06-27 00:00:00+00:00,0.0,0.0,1.0,1.0
890,2024-06-28,00:00:00,2.87,3.0201,2.87,2.96,1806660,2024-06-28 00:00:00+00:00,0.0,0.0,1.0,1.0
891,2024-07-01,00:00:00,2.97,2.98,2.77,2.78,1885908,2024-07-01 00:00:00+00:00,0.0,0.0,1.0,1.0
892,2024-07-02,00:00:00,2.8,2.8,2.7,2.77,2136843,2024-07-02 00:00:00+00:00,0.0,0.0,1.0,1.0
893,2024-07-03,00:00:00,2.8,2.825,2.69,2.71,1116716,2024-07-03 00:00:00+00:00,0.0,0.0,1.0,1.0
894,2024-07-05,00:00:00,2.72,2.7399,2.66,2.69,1455271,2024-07-05 00:00:00+00:00,0.0,0.0,1.0,1.0
895,2024-07-08,00:00:00,2.7,2.78,2.69,2.75,1552685,2024-07-08 00:00:00+00:00,0.0,0.0,1.0,1.0
896,2024-07-09,00:00:00,2.8,2.87,2.65,2.82,4648962,2024-07-09 00:00:00+00:00,0.0,0.0,1.0,1.0
897,2024-07-10,00:00:00,2.9,2.96,2.73,2.8,1557085,2024-07-10 00:00:00+00:00,0.0,0.0,1.0,1.0
898,2024-07-11,00:00:00,2.91,3.14,2.88,3.13,2028565,2024-07-11 00:00:00+00:00,0.0,0.0,1.0,1.0
899,2024-07-12,00:00:00,3.16,3.25,3.07,3.12,1720196,2024-07-12 00:00:00+00:00,0.0,0.0,1.0,1.0
900,2024-07-15,00:00:00,3.18,3.245,3.06,3.2,871072,2024-07-15 00:00:00+00:00,0.0,0.0,1.0,1.0
901,2024-07-16,00:00:00,3.24,3.49,3.21,3.49,1716110,2024-07-16 00:00:00+00:00,0.0,0.0,1.0,1.0
902,2024-07-17,00:00:00,3.4,3.6,3.3613,3.37,1209482,2024-07-17 00:00:00+00:00,0.0,0.0,1.0,1.0
903,2024-07-18,00:00:00,3.39,3.4,3.04,3.06,1336148,2024-07-18 00:00:00+00:00,0.0,0.0,1.0,1.0
904,2024-07-19,00:00:00,3.04,3.07,2.96,2.97,995869,2024-07-19 00:00:00+00:00,0.0,0.0,1.0,1.0
905,2024-07-22,00:00:00,3.0,3.02,2.93,3.01,885308,2024-07-22 00:00:00+00:00,0.0,0.0,1.0,1.0
906,2024-07-23,00:00:00,3.0,3.125,2.975,3.1,1107605,2024-07-23 00:00:00+00:00,0.0,0.0,1.0,1.0
907,2024-07-24,00:00:00,3.09,3.15,2.9911,3.01,1072930,2024-07-24 00:00:00+00:00,0.0,0.0,1.0,1.0
908,2024-07-25,00:00:00,3.01,3.2,2.96,3.1,1483820,2024-07-25 00:00:00+00:00,0.0,0.0,1.0,1.0
909,2024-07-26,00:00:00,3.21,3.28,3.145,3.26,693616,2024-07-26 00:00:00+00:00,0.0,0.0,1.0,1.0
910,2024-07-29,00:00:00,3.24,3.26,3.125,3.23,760094,2024-07-29 00:00:00+00:00,0.0,0.0,1.0,1.0
911,2024-07-30,00:00:00,3.21,3.28,3.175,3.23,553769,2024-07-30 00:00:00+00:00,0.0,0.0,1.0,1.0
912,2024-07-31,00:00:00,3.37,3.435,3.18,3.26,2268278,2024-07-31 00:00:00+00:00,0.0,0.0,1.0,1.0
913,2024-08-01,00:00:00,3.32,3.33,3.01,3.05,986217,2024-08-01 00:00:00+00:00,0.0,0.0,1.0,1.0
914,2024-08-02,00:00:00,2.87,3.0,2.8602,2.92,1359064,2024-08-02 00:00:00+00:00,0.0,0.0,1.0,1.0
915,2024-08-05,00:00:00,2.69,2.81,2.65,2.76,2188318,2024-08-05 00:00:00+00:00,0.0,0.0,1.0,1.0
916,2024-08-06,00:00:00,2.85,2.885,2.73,2.85,1454232,2024-08-06 00:00:00+00:00,0.0,0.0,1.0,1.0
917,2024-08-07,00:00:00,2.75,2.75,2.56,2.63,3002239,2024-08-07 00:00:00+00:00,0.0,0.0,1.0,1.0
918,2024-08-08,00:00:00,2.68,2.9,2.66,2.77,1417216,2024-08-08 00:00:00+00:00,0.0,0.0,1.0,1.0
919,2024-08-09,00:00:00,2.76,2.7851,2.59,2.68,1627816,2024-08-09 00:00:00+00:00,0.0,0.0,1.0,1.0
920,2024-08-12,00:00:00,2.69,2.78,2.4,2.635,953112,2024-08-12 00:00:00+00:00,0.0,0.0,1.0,1.0
921,2024-08-13,00:00:00,2.68,2.7,2.63,2.67,555731,2024-08-13 00:00:00+00:00,0.0,0.0,1.0,1.0
922,2024-08-14,00:00:00,2.72,2.72,2.57,2.62,1180331,2024-08-14 00:00:00+00:00,0.0,0.0,1.0,1.0
923,2024-08-15,00:00:00,2.66,2.73,2.61,2.62,1323179,2024-08-15 00:00:00+00:00,0.0,0.0,1.0,1.0
924,2024-08-16,00:00:00,2.67,2.67,2.58,2.61,1753204,2024-08-16 00:00:00+00:00,0.0,0.0,1.0,1.0
925,2024-08-19,00:00:00,2.63,2.8,2.63,2.71,2466680,2024-08-19 00:00:00+00:00,0.0,0.0,1.0,1.0
926,2024-08-20,00:00:00,2.64,2.65,2.56,2.6,2679565,2024-08-20 00:00:00+00:00,0.0,0.0,1.0,1.0
927,2024-08-21,00:00:00,2.64,2.668,2.58,2.64,1207142,2024-08-21 00:00:00+00:00,0.0,0.0,1.0,1.0
928,2024-08-22,00:00:00,2.64,2.6599,2.48,2.51,2456790,2024-08-22 00:00:00+00:00,0.0,0.0,1.0,1.0
929,2024-08-23,00:00:00,2.53,2.645,2.525,2.61,1801753,2024-08-23 00:00:00+00:00,0.0,0.0,1.0,1.0
930,2024-08-26,00:00:00,2.63,2.7,2.59,2.69,1177976,2024-08-26 00:00:00+00:00,0.0,0.0,1.0,1.0
931,2024-08-27,00:00:00,2.69,2.708,2.57,2.61,1266690,2024-08-27 00:00:00+00:00,0.0,0.0,1.0,1.0
932,2024-08-28,00:00:00,2.61,2.67,2.54,2.56,1901835,2024-08-28 00:00:00+00:00,0.0,0.0,1.0,1.0
933,2024-08-29,00:00:00,2.55,2.66,2.53,2.53,2399176,2024-08-29 00:00:00+00:00,0.0,0.0,1.0,1.0
934,2024-08-30,00:00:00,2.61,2.61,2.545,2.56,5486346,2024-08-30 00:00:00+00:00,0.0,0.0,1.0,1.0
935,2024-09-03,00:00:00,2.56,2.64,2.46,2.5,3684325,2024-09-03 00:00:00+00:00,0.0,0.0,1.0,1.0
936,2024-09-04,00:00:00,2.47,2.55,2.46,2.52,1312258,2024-09-04 00:00:00+00:00,0.0,0.0,1.0,1.0
937,2024-09-05,00:00:00,2.52,2.57,2.42,2.43,2405668,2024-09-05 00:00:00+00:00,0.0,0.0,1.0,1.0
938,2024-09-06,00:00:00,2.44,2.465,2.36,2.39,1834931,2024-09-06 00:00:00+00:00,0.0,0.0,1.0,1.0
939,2024-09-09,00:00:00,2.41,2.53,2.365,2.4,2215821,2024-09-09 00:00:00+00:00,0.0,0.0,1.0,1.0
940,2024-09-10,00:00:00,2.4,2.595,2.335,2.58,3265327,2024-09-10 00:00:00+00:00,0.0,0.0,1.0,1.0
941,2024-09-11,00:00:00,2.56,2.73,2.5,2.69,3097438,2024-09-11 00:00:00+00:00,0.0,0.0,1.0,1.0
942,2024-09-12,00:00:00,2.72,2.74,2.6,2.68,1412381,2024-09-12 00:00:00+00:00,0.0,0.0,1.0,1.0
943,2024-09-13,00:00:00,2.73,2.785,2.64,2.75,2406123,2024-09-13 00:00:00+00:00,0.0,0.0,1.0,1.0
944,2024-09-16,00:00:00,2.75,2.77,2.5909,2.68,2441778,2024-09-16 00:00:00+00:00,0.0,0.0,1.0,1.0
945,2024-09-17,00:00:00,2.68,2.87,2.66,2.73,2194553,2024-09-17 00:00:00+00:00,0.0,0.0,1.0,1.0
946,2024-09-18,00:00:00,2.72,2.925,2.71,2.75,1886862,2024-09-18 00:00:00+00:00,0.0,0.0,1.0,1.0
947,2024-09-19,00:00:00,2.81,2.855,2.725,2.74,1473805,2024-09-19 00:00:00+00:00,0.0,0.0,1.0,1.0
948,2024-09-20,00:00:00,2.73,2.73,2.5,2.59,3247703,2024-09-20 00:00:00+00:00,0.0,0.0,1.0,1.0
949,2024-09-23,00:00:00,2.62,2.625,2.48,2.48,1591102,2024-09-23 00:00:00+00:00,0.0,0.0,1.0,1.0
950,2024-09-24,00:00:00,2.48,2.56,2.4601,2.52,1680559,2024-09-24 00:00:00+00:00,0.0,0.0,1.0,1.0
951,2024-09-25,00:00:00,2.51,2.535,2.43,2.44,1446347,2024-09-25 00:00:00+00:00,0.0,0.0,1.0,1.0
952,2024-09-26,00:00:00,2.46,2.56,2.46,2.56,1243701,2024-09-26 00:00:00+00:00,0.0,0.0,1.0,1.0
953,2024-09-27,00:00:00,2.6,2.6391,2.56,2.61,1559748,2024-09-27 00:00:00+00:00,0.0,0.0,1.0,1.0
954,2024-09-30,00:00:00,2.59,2.695,2.5845,2.6,1381806,2024-09-30 00:00:00+00:00,0.0,0.0,1.0,1.0
955,2024-10-01,00:00:00,2.58,2.63,2.53,2.57,2288582,2024-10-01 00:00:00+00:00,0.0,0.0,1.0,1.0
956,2024-10-02,00:00:00,2.55,2.58,2.45,2.48,1631248,2024-10-02 00:00:00+00:00,0.0,0.0,1.0,1.0
957,2024-10-03,00:00:00,2.48,2.5,2.441,2.48,1235209,2024-10-03 00:00:00+00:00,0.0,0.0,1.0,1.0
958,2024-10-04,00:00:00,2.51,2.5499,2.445,2.5,1078957,2024-10-04 00:00:00+00:00,0.0,0.0,1.0,1.0
959,2024-10-07,00:00:00,2.49,2.635,2.49,2.63,1676660,2024-10-07 00:00:00+00:00,0.0,0.0,1.0,1.0
960,2024-10-08,00:00:00,2.61,2.6191,2.53,2.57,1303847,2024-10-08 00:00:00+00:00,0.0,0.0,1.0,1.0
961,2024-10-09,00:00:00,2.56,2.6093,2.4713,2.49,1111233,2024-10-09 00:00:00+00:00,0.0,0.0,1.0,1.0
962,2024-10-10,00:00:00,2.49,2.5291,2.41,2.5,1651062,2024-10-10 00:00:00+00:00,0.0,0.0,1.0,1.0
963,2024-10-11,00:00:00,2.5,2.62,2.5,2.59,1732219,2024-10-11 00:00:00+00:00,0.0,0.0,1.0,1.0
964,2024-10-14,00:00:00,2.6,2.6,2.43,2.52,2043959,2024-10-14 00:00:00+00:00,0.0,0.0,1.0,1.0
965,2024-10-15,00:00:00,2.53,2.61,2.51,2.56,1826001,2024-10-15 00:00:00+00:00,0.0,0.0,1.0,1.0
966,2024-10-16,00:00:00,2.56,2.62,2.54,2.62,1159253,2024-10-16 00:00:00+00:00,0.0,0.0,1.0,1.0
967,2024-10-17,00:00:00,2.62,2.69,2.59,2.68,2333296,2024-10-17 00:00:00+00:00,0.0,0.0,1.0,1.0
968,2024-10-18,00:00:00,2.69,2.8893,2.69,2.87,3156754,2024-10-18 00:00:00+00:00,0.0,0.0,1.0,1.0
969,2024-10-21,00:00:00,2.9,2.92,2.7101,2.77,2065807,2024-10-21 00:00:00+00:00,0.0,0.0,1.0,1.0
970,2024-10-22,00:00:00,2.78,2.84,2.744,2.84,1213318,2024-10-22 00:00:00+00:00,0.0,0.0,1.0,1.0
971,2024-10-23,00:00:00,2.81,2.8288,2.725,2.78,1115034,2024-10-23 00:00:00+00:00,0.0,0.0,1.0,1.0
972,2024-10-24,00:00:00,2.8,2.8398,2.64,2.7,3254861,2024-10-24 00:00:00+00:00,0.0,0.0,1.0,1.0
973,2024-10-25,00:00:00,2.7,2.86,2.7,2.72,2301603,2024-10-25 00:00:00+00:00,0.0,0.0,1.0,1.0
974,2024-10-28,00:00:00,2.75,2.905,2.74,2.89,2850918,2024-10-28 00:00:00+00:00,0.0,0.0,1.0,1.0
975,2024-10-29,00:00:00,2.86,2.8899,2.77,2.83,1154162,2024-10-29 00:00:00+00:00,0.0,0.0,1.0,1.0
976,2024-10-30,00:00:00,2.83,2.89,2.78,2.78,1230451,2024-10-30 00:00:00+00:00,0.0,0.0,1.0,1.0
977,2024-10-31,00:00:00,2.76,2.78,2.7,2.73,955267,2024-10-31 00:00:00+00:00,0.0,0.0,1.0,1.0
978,2024-11-01,00:00:00,2.74,2.8,2.715,2.73,1245015,2024-11-01 00:00:00+00:00,0.0,0.0,1.0,1.0
979,2024-11-04,00:00:00,2.755,2.9,2.72,2.89,3645421,2024-11-04 00:00:00+00:00,0.0,0.0,1.0,1.0
980,2024-11-05,00:00:00,2.5,2.79,2.5,2.72,3836640,2024-11-05 00:00:00+00:00,0.0,0.0,1.0,1.0
981,2024-11-06,00:00:00,2.74,2.805,2.64,2.76,1684544,2024-11-06 00:00:00+00:00,0.0,0.0,1.0,1.0
982,2024-11-07,00:00:00,2.8,2.84,2.63,2.72,2348381,2024-11-07 00:00:00+00:00,0.0,0.0,1.0,1.0
983,2024-11-08,00:00:00,2.71,2.745,2.62,2.7,2167497,2024-11-08 00:00:00+00:00,0.0,0.0,1.0,1.0
984,2024-11-11,00:00:00,2.72,3.18,2.72,3.15,7642866,2024-11-11 00:00:00+00:00,0.0,0.0,1.0,1.0
985,2024-11-12,00:00:00,3.09,3.09,2.93,2.96,3999678,2024-11-12 00:00:00+00:00,0.0,0.0,1.0,1.0
986,2024-11-13,00:00:00,3.0,3.09,2.9,2.92,2667302,2024-11-13 00:00:00+00:00,0.0,0.0,1.0,1.0
987,2024-11-14,00:00:00,2.96,2.97,2.76,2.76,2755713,2024-11-14 00:00:00+00:00,0.0,0.0,1.0,1.0
988,2024-11-15,00:00:00,2.75,2.76,2.57,2.65,3271632,2024-11-15 00:00:00+00:00,0.0,0.0,1.0,1.0
989,2024-11-18,00:00:00,2.66,2.71,2.59,2.65,2501826,2024-11-18 00:00:00+00:00,0.0,0.0,1.0,1.0
990,2024-11-19,00:00:00,2.63,2.72,2.61,2.71,1818651,2024-11-19 00:00:00+00:00,0.0,0.0,1.0,1.0
991,2024-11-20,00:00:00,2.69,2.72,2.62,2.67,1719665,2024-11-20 00:00:00+00:00,0.0,0.0,1.0,1.0
992,2024-11-21,00:00:00,2.66,2.77,2.61,2.72,1428359,2024-11-21 00:00:00+00:00,0.0,0.0,1.0,1.0
993,2024-11-22,00:00:00,2.74,2.8299,2.71,2.76,1806910,2024-11-22 00:00:00+00:00,0.0,0.0,1.0,1.0
994,2024-11-25,00:00:00,2.8,3.02,2.8,2.95,2518581,2024-11-25 00:00:00+00:00,0.0,0.0,1.0,1.0
995,2024-11-26,00:00:00,2.9,2.935,2.8,2.83,1757704,2024-11-26 00:00:00+00:00,0.0,0.0,1.0,1.0
996,2024-11-27,00:00:00,2.88,3.0671,2.87,3.0,4282458,2024-11-27 00:00:00+00:00,0.0,0.0,1.0,1.0
997,2024-11-29,00:00:00,3.01,3.05,2.95,3.01,2442038,2024-11-29 00:00:00+00:00,0.0,0.0,1.0,1.0
998,2024-12-02,00:00:00,3.01,3.09,2.93,3.03,2849668,2024-12-02 00:00:00+00:00,0.0,0.0,1.0,1.0
999,2024-12-03,00:00:00,3.025,3.045,2.89,2.91,1895959,2024-12-03 00:00:00+00:00,0.0,0.0,1.0,1.0
1000,2024-12-04,00:00:00,2.93,2.96,2.86,2.9,1677308,2024-12-04 00:00:00+00:00,0.0,0.0,1.0,1.0
1001,2024-12-05,00:00:00,2.85,2.9106,2.78,2.85,2484219,2024-12-05 00:00:00+00:00,0.0,0.0,1.0,1.0
1002,2024-12-06,00:00:00,2.9,3.045,2.85,3.0,2372866,2024-12-06 00:00:00+00:00,0.0,0.0,1.0,1.0
1003,2024-12-09,00:00:00,3.03,3.085,2.95,2.95,2723813,2024-12-09 00:00:00+00:00,0.0,0.0,1.0,1.0
1004,2024-12-10,00:00:00,2.98,3.06,2.9012,3.02,2307981,2024-12-10 00:00:00+00:00,0.0,0.0,1.0,1.0
1005,2024-12-11,00:00:00,3.05,3.05,2.8601,2.91,2215841,2024-12-11 00:00:00+00:00,0.0,0.0,1.0,1.0
1006,2024-12-12,00:00:00,2.88,2.96,2.79,2.95,3719165,2024-12-12 00:00:00+00:00,0.0,0.0,1.0,1.0
1007,2024-12-13,00:00:00,3.03,3.05,2.76,2.81,3228688,2024-12-13 00:00:00+00:00,0.0,0.0,1.0,1.0
1008,2024-12-16,00:00:00,2.83,3.0,2.79,2.86,2927091,2024-12-16 00:00:00+00:00,0.0,0.0,1.0,1.0
1009,2024-12-17,00:00:00,2.9,2.93,2.77,2.79,2140140,2024-12-17 00:00:00+00:00,0.0,0.0,1.0,1.0
1010,2024-12-18,00:00:00,2.835,2.84,2.66,2.69,4488942,2024-12-18 00:00:00+00:00,0.0,0.0,1.0,1.0
1011,2024-12-19,00:00:00,2.71,2.75,2.62,2.71,2359432,2024-12-19 00:00:00+00:00,0.0,0.0,1.0,1.0
1012,2024-12-20,00:00:00,2.7,2.88,2.6818,2.85,2082873,2024-12-20 00:00:00+00:00,0.0,0.0,1.0,1.0
1013,2024-12-23,00:00:00,2.82,2.95,2.815,2.92,2085481,2024-12-23 00:00:00+00:00,0.0,0.0,1.0,1.0
1014,2024-12-24,00:00:00,2.93,2.96,2.85,2.95,1649055,2024-12-24 00:00:00+00:00,0.0,0.0,1.0,1.0
1015,2024-12-26,00:00:00,2.9,3.07,2.89,3.03,2988549,2024-12-26 00:00:00+00:00,0.0,0.0,1.0,1.0
1016,2024-12-27,00:00:00,3.01,3.06,2.87,2.99,3384100,2024-12-27 00:00:00+00:00,0.0,0.0,1.0,1.0
1017,2024-12-30,00:00:00,2.95,2.9599,2.79,2.82,3283375,2024-12-30 00:00:00+00:00,0.0,0.0,1.0,1.0
1018,2024-12-31,00:00:00,2.81,2.945,2.81,2.93,1862585,2024-12-31 00:00:00+00:00,0.0,0.0,1.0,1.0
1019,2025-01-02,00:00:00,2.96,3.15,2.93,3.03,2639326,2025-01-02 00:00:00+00:00,0.0,0.0,1.0,1.0
1020,2025-01-03,00:00:00,3.05,3.17,3.025,3.13,2582685,2025-01-03 00:00:00+00:00,0.0,0.0,1.0,1.0
1021,2025-01-06,00:00:00,3.2,3.43,3.14,3.31,4585225,2025-01-06 00:00:00+00:00,0.0,0.0,1.0,1.0
1022,2025-01-07,00:00:00,3.41,3.465,3.26,3.28,4019485,2025-01-07 00:00:00+00:00,0.0,0.0,1.0,1.0
1023,2025-01-08,00:00:00,3.26,3.27,2.96,3.03,3607921,2025-01-08 00:00:00+00:00,0.0,0.0,1.0,1.0
1024,2025-01-10,00:00:00,2.98,2.99,2.8701,2.92,3363170,2025-01-10 00:00:00+00:00,0.0,0.0,1.0,1.0
1025,2025-01-13,00:00:00,2.98,3.01,2.81,3.0,4142688,2025-01-13 00:00:00+00:00,0.0,0.0,1.0,1.0
1026,2025-01-14,00:00:00,3.04,3.065,2.755,2.77,5688452,2025-01-14 00:00:00+00:00,0.0,0.0,1.0,1.0
1027,2025-01-15,00:00:00,2.85,3.09,2.845,2.96,4444804,2025-01-15 00:00:00+00:00,0.0,0.0,1.0,1.0
1028,2025-01-16,00:00:00,2.97,2.9968,2.81,2.94,2994263,2025-01-16 00:00:00+00:00,0.0,0.0,1.0,1.0
1029,2025-01-17,00:00:00,2.95,2.9987,2.92,2.97,1566453,2025-01-17 00:00:00+00:00,0.0,0.0,1.0,1.0
1030,2025-01-21,00:00:00,3.0,3.14,2.96,3.06,3697087,2025-01-21 00:00:00+00:00,0.0,0.0,1.0,1.0
1031,2025-01-22,00:00:00,3.1,3.68,3.06,3.53,11032560,2025-01-22 00:00:00+00:00,0.0,0.0,1.0,1.0
1032,2025-01-23,00:00:00,3.49,3.56,3.34,3.52,3918301,2025-01-23 00:00:00+00:00,0.0,0.0,1.0,1.0
1033,2025-01-24,00:00:00,3.56,3.61,3.44,3.48,4489688,2025-01-24 00:00:00+00:00,0.0,0.0,1.0,1.0
1034,2025-01-27,00:00:00,3.38,3.4599,3.265,3.36,4051043,2025-01-27 00:00:00+00:00,0.0,0.0,1.0,1.0
1035,2025-01-28,00:00:00,3.35,3.3763,3.165,3.3,3033434,2025-01-28 00:00:00+00:00,0.0,0.0,1.0,1.0
1036,2025-01-29,00:00:00,3.33,3.36,3.15,3.2,4077116,2025-01-29 00:00:00+00:00,0.0,0.0,1.0,1.0
1037,2025-01-30,00:00:00,3.25,3.31,3.19,3.23,2193494,2025-01-30 00:00:00+00:00,0.0,0.0,1.0,1.0
1038,2025-01-31,00:00:00,3.26,3.32,3.125,3.17,3081877,2025-01-31 00:00:00+00:00,0.0,0.0,1.0,1.0
1039,2025-02-03,00:00:00,3.01,3.11,2.955,3.08,4505673,2025-02-03 00:00:00+00:00,0.0,0.0,1.0,1.0
1040,2025-02-04,00:00:00,3.08,3.24,3.065,3.21,2274008,2025-02-04 00:00:00+00:00,0.0,0.0,1.0,1.0
1041,2025-02-05,00:00:00,3.23,3.4,3.18,3.38,4386246,2025-02-05 00:00:00+00:00,0.0,0.0,1.0,1.0
1042,2025-02-06,00:00:00,3.41,3.42,3.26,3.29,2574783,2025-02-06 00:00:00+00:00,0.0,0.0,1.0,1.0
1043,2025-02-07,00:00:00,3.27,3.315,3.05,3.1,3504006,2025-02-07 00:00:00+00:00,0.0,0.0,1.0,1.0
1044,2025-02-10,00:00:00,3.11,3.12,2.97,3.02,3326517,2025-02-10 00:00:00+00:00,0.0,0.0,1.0,1.0
1045,2025-02-11,00:00:00,3.018,3.02,2.9,2.95,3162703,2025-02-11 00:00:00+00:00,0.0,0.0,1.0,1.0
1046,2025-02-12,00:00:00,2.9,3.11,2.88,3.1,3017070,2025-02-12 00:00:00+00:00,0.0,0.0,1.0,1.0
1047,2025-02-13,00:00:00,3.12,3.15,3.02,3.14,4237988,2025-02-13 00:00:00+00:00,0.0,0.0,1.0,1.0
1048,2025-02-14,00:00:00,3.17,3.28,3.12,3.27,5965366,2025-02-14 00:00:00+00:00,0.0,0.0,1.0,1.0
1049,2025-02-18,00:00:00,3.42,3.6,3.39,3.43,8005633,2025-02-18 00:00:00+00:00,0.0,0.0,1.0,1.0
1050,2025-02-19,00:00:00,3.4,3.5497,3.29,3.47,5554787,2025-02-19 00:00:00+00:00,0.0,0.0,1.0,1.0
1051,2025-02-20,00:00:00,3.49,3.5,3.12,3.14,3443238,2025-02-20 00:00:00+00:00,0.0,0.0,1.0,1.0
1052,2025-02-21,00:00:00,3.23,3.2301,3.03,3.03,2369318,2025-02-21 00:00:00+00:00,0.0,0.0,1.0,1.0
1053,2025-02-24,00:00:00,3.03,3.04,2.89,2.99,5624753,2025-02-24 00:00:00+00:00,0.0,0.0,1.0,1.0
1054,2025-02-25,00:00:00,3.02,3.02,2.75,2.82,5553675,2025-02-25 00:00:00+00:00,1.0,0.0,0.0,1.0
1055,2025-02-26,00:00:00,2.855,2.995,2.84,2.92,3155832,2025-02-26 00:00:00+00:00,1.0,0.0,0.0,1.0
1056,2025-02-27,00:00:00,2.96,3.005,2.87,2.92,5424543,2025-02-27 00:00:00+00:00,1.0,0.0,0.0,1.0
1057,2025-02-28,00:00:00,2.72,2.72,2.31,2.585,9925645,2025-02-28 00:00:00+00:00,1.0,0.0,0.0,1.0
1058,2025-03-03,00:00:00,2.61,2.61,2.32,2.36,3730342,2025-03-03 00:00:00+00:00,1.0,0.0,0.0,1.0
1059,2025-03-04,00:00:00,2.34,2.39,2.2,2.34,5050019,2025-03-04 00:00:00+00:00,1.0,0.0,0.0,1.0
1060,2025-03-05,00:00:00,2.37,2.41,2.2623,2.39,4389316,2025-03-05 00:00:00+00:00,1.0,0.0,0.0,1.0
1061,2025-03-06,00:00:00,2.32,2.41,2.27,2.38,4597289,2025-03-06 00:00:00+00:00,1.0,0.0,0.0,1.0
1062,2025-03-07,00:00:00,2.38,2.4097,2.25,2.33,4304920,2025-03-07 00:00:00+00:00,1.0,0.0,0.0,1.0
1063,2025-03-10,00:00:00,2.33,2.33,2.17,2.2,5628710,2025-03-10 00:00:00+00:00,1.0,0.0,0.0,1.0
1064,2025-03-11,00:00:00,2.22,2.24,2.11,2.23,6103266,2025-03-11 00:00:00+00:00,1.0,0.0,0.0,1.0
1065,2025-03-12,00:00:00,2.3,2.36,2.26,2.35,2713462,2025-03-12 00:00:00+00:00,1.0,0.0,0.0,1.0
1066,2025-03-13,00:00:00,2.34,2.41,2.31,2.4,3165883,2025-03-13 00:00:00+00:00,1.0,0.0,0.0,1.0
1067,2025-03-14,00:00:00,2.45,2.595,2.45,2.52,4449697,2025-03-14 00:00:00+00:00,1.0,0.0,0.0,1.0
1068,2025-03-17,00:00:00,2.5,2.55,2.4001,2.54,4108536,2025-03-17 00:00:00+00:00,1.0,0.0,0.0,1.0
1069,2025-03-18,00:00:00,2.52,2.52,2.34,2.35,3366171,2025-03-18 00:00:00+00:00,1.0,0.0,0.0,1.0
1070,2025-03-19,00:00:00,2.33,2.43,2.32,2.39,3671762,2025-03-19 00:00:00+00:00,1.0,0.0,0.0,1.0
1071,2025-03-20,00:00:00,2.38,2.43,2.33,2.38,3311874,2025-03-20 00:00:00+00:00,1.0,0.0,0.0,1.0
1072,2025-03-21,00:00:00,2.37,2.47,2.32,2.44,3752478,2025-03-21 00:00:00+00:00,1.0,0.0,0.0,1.0
1073,2025-03-24,00:00:00,2.48,2.6,2.45,2.59,2747872,2025-03-24 00:00:00+00:00,1.0,0.0,0.0,1.0
1074,2025-03-25,00:00:00,2.6,2.6,2.45,2.53,4134138,2025-03-25 00:00:00+00:00,1.0,0.0,0.0,1.0
1075,2025-03-26,00:00:00,2.53,2.53,2.4,2.42,2968650,2025-03-26 00:00:00+00:00,1.0,0.0,0.0,1.0
1076,2025-03-27,00:00:00,2.42,2.42,2.29,2.36,2770526,2025-03-27 00:00:00+00:00,1.0,0.0,0.0,1.0
1077,2025-03-28,00:00:00,2.35,2.36,2.28,2.31,2460746,2025-03-28 00:00:00+00:00,1.0,0.0,0.0,1.0
1078,2025-03-31,00:00:00,2.22,2.26,2.17,2.23,3412944,2025-03-31 00:00:00+00:00,1.0,0.0,0.0,1.0
1079,2025-04-01,00:00:00,2.23,2.23,2.06,2.09,4288544,2025-04-01 00:00:00+00:00,1.0,0.0,0.0,1.0
1080,2025-04-02,00:00:00,2.08,2.24,2.02,2.22,4069633,2025-04-02 00:00:00+00:00,1.0,0.0,0.0,1.0
1081,2025-04-03,00:00:00,2.11,2.15,2.07,2.09,3142208,2025-04-03 00:00:00+00:00,1.0,0.0,0.0,1.0
1082,2025-04-04,00:00:00,2.02,2.1,1.93,2.09,4832360,2025-04-04 00:00:00+00:00,1.0,0.0,0.0,1.0
1083,2025-04-07,00:00:00,1.96,2.125,1.8906,2.05,6313792,2025-04-07 00:00:00+00:00,1.0,0.0,0.0,1.0
1084,2025-04-08,00:00:00,2.13,2.14,1.9,1.93,4052612,2025-04-08 00:00:00+00:00,1.0,0.0,0.0,1.0
1085,2025-04-09,00:00:00,1.92,2.23,1.905,2.17,5379673,2025-04-09 00:00:00+00:00,1.0,0.0,0.0,1.0
1086,2025-04-10,00:00:00,2.1,2.12,1.97,2.07,4878630,2025-04-10 00:00:00+00:00,1.0,0.0,0.0,1.0
1087,2025-04-11,00:00:00,2.14,2.41,2.07,2.4,5362449,2025-04-11 00:00:00+00:00,1.0,0.0,0.0,1.0
1088,2025-04-14,00:00:00,2.45,2.5,2.35,2.44,4151785,2025-04-14 00:00:00+00:00,1.0,0.0,0.0,1.0
1089,2025-04-15,00:00:00,2.42,2.5,2.34,2.43,5771466,2025-04-15 00:00:00+00:00,1.0,0.0,0.0,1.0
1090,2025-04-16,00:00:00,2.45,2.53,2.335,2.39,4423176,2025-04-16 00:00:00+00:00,1.0,0.0,0.0,1.0
1091,2025-04-17,00:00:00,2.37,2.44,2.33,2.42,2977230,2025-04-17 00:00:00+00:00,1.0,0.0,0.0,1.0
1092,2025-04-21,00:00:00,2.31,2.49,2.31,2.45,4389314,2025-04-21 00:00:00+00:00,1.0,0.0,0.0,1.0
1093,2025-04-22,00:00:00,2.46,2.53,2.46,2.52,3327479,2025-04-22 00:00:00+00:00,1.0,0.0,0.0,1.0
1094,2025-04-23,00:00:00,2.59,2.68,2.51,2.53,4427997,2025-04-23 00:00:00+00:00,1.0,0.0,0.0,1.0
1095,2025-04-24,00:00:00,2.54,2.6,2.5204,2.6,3785023,2025-04-24 00:00:00+00:00,1.0,0.0,0.0,1.0
1096,2025-04-25,00:00:00,2.56,2.64,2.54,2.57,2977157,2025-04-25 00:00:00+00:00,1.0,0.0,0.0,1.0
1097,2025-04-28,00:00:00,2.57,2.635,2.47,2.59,4346353,2025-04-28 00:00:00+00:00,1.0,0.0,0.0,1.0
1098,2025-04-29,00:00:00,2.59,2.63,2.54,2.55,3401149,2025-04-29 00:00:00+00:00,1.0,0.0,0.0,1.0
1099,2025-04-30,00:00:00,2.49,2.64,2.45,2.61,2687232,2025-04-30 00:00:00+00:00,1.0,0.0,0.0,1.0
1100,2025-05-01,00:00:00,2.6,2.625,2.48,2.49,3454321,2025-05-01 00:00:00+00:00,1.0,0.0,0.0,1.0
1101,2025-05-02,00:00:00,2.52,2.55,2.4,2.41,3285727,2025-05-02 00:00:00+00:00,1.0,0.0,0.0,1.0
1102,2025-05-05,00:00:00,2.4,2.4,2.18,2.19,4152645,2025-05-05 00:00:00+00:00,1.0,0.0,0.0,1.0
1103,2025-05-06,00:00:00,2.18,2.1892,1.99,2.03,5108084,2025-05-06 00:00:00+00:00,1.0,0.0,0.0,1.0
1104,2025-05-07,00:00:00,2.05,2.07,1.99,2.01,3234845,2025-05-07 00:00:00+00:00,1.0,0.0,0.0,1.0
1105,2025-05-08,00:00:00,2.05,2.06,1.98,2.01,6026798,2025-05-08 00:00:00+00:00,1.0,0.0,0.0,1.0
1106,2025-05-09,00:00:00,2.06,2.18,1.99,2.03,3991257,2025-05-09 00:00:00+00:00,0.0,0.0,1.0,1.0
1107,2025-05-12,00:00:00,2.12,2.1492,2.04,2.06,4396678,2025-05-12 00:00:00+00:00,0.0,0.0,1.0,1.0
1108,2025-05-13,00:00:00,2.07,2.12,1.95,2.1,17015920,2025-05-13 00:00:00+00:00,0.0,0.0,1.0,1.0
1109,2025-05-14,00:00:00,2.1,2.21,2.005,2.05,6614467,2025-05-14 00:00:00+00:00,0.0,0.0,1.0,1.0
1110,2025-05-15,00:00:00,2.04,2.06,1.96,2.02,3065606,2025-05-15 00:00:00+00:00,0.0,0.0,1.0,1.0
1111,2025-05-16,00:00:00,2.03,2.06,2.0,2.03,3386920,2025-05-16 00:00:00+00:00,0.0,0.0,1.0,1.0
1112,2025-05-19,00:00:00,2.0,2.04,1.98,2.02,2308815,2025-05-19 00:00:00+00:00,0.0,0.0,1.0,1.0
1113,2025-05-20,00:00:00,2.03,2.14,1.99,2.09,3934680,2025-05-20 00:00:00+00:00,0.0,0.0,1.0,1.0
1114,2025-05-21,00:00:00,2.07,2.09,1.97,1.99,2344342,2025-05-21 00:00:00+00:00,0.0,0.0,1.0,1.0
1115,2025-05-22,00:00:00,1.98,2.02,1.94,2.0,2431516,2025-05-22 00:00:00+00:00,0.0,0.0,1.0,1.0
1116,2025-05-23,00:00:00,1.95,1.99,1.94,1.97,1725039,2025-05-23 00:00:00+00:00,0.0,0.0,1.0,1.0
1117,2025-05-27,00:00:00,2.03,2.06,1.97,1.98,2117539,2025-05-27 00:00:00+00:00,0.0,0.0,1.0,1.0
1118,2025-05-28,00:00:00,2.0,2.07,1.965,2.04,2494437,2025-05-28 00:00:00+00:00,0.0,0.0,1.0,1.0
1119,2025-05-29,00:00:00,2.06,2.08,2.0,2.04,1635407,2025-05-29 00:00:00+00:00,0.0,0.0,1.0,1.0
1120,2025-05-30,00:00:00,2.04,2.04,1.98,2.02,2103828,2025-05-30 00:00:00+00:00,0.0,0.0,1.0,1.0
1121,2025-06-02,00:00:00,2.02,2.155,2.02,2.14,4035178,2025-06-02 00:00:00+00:00,0.0,0.0,1.0,1.0
1122,2025-06-03,00:00:00,2.12,2.34,2.09,2.31,5006292,2025-06-03 00:00:00+00:00,0.0,0.0,1.0,1.0
1123,2025-06-04,00:00:00,2.3,2.44,2.27,2.42,4070566,2025-06-04 00:00:00+00:00,0.0,1.0,1.0,0.0
1124,2025-06-05,00:00:00,2.43,2.44,2.33,2.37,4117872,2025-06-05 00:00:00+00:00,0.0,1.0,1.0,0.0
1125,2025-06-06,00:00:00,2.41,2.49,2.38,2.44,3804461,2025-06-06 00:00:00+00:00,0.0,1.0,1.0,0.0
1126,2025-06-09,00:00:00,2.49,2.53,2.45,2.51,4555296,2025-06-09 00:00:00+00:00,0.0,1.0,1.0,0.0
1127,2025-06-10,00:00:00,2.55,3.04,2.525,3.02,18779010,2025-06-10 00:00:00+00:00,0.0,1.0,1.0,0.0
1128,2025-06-11,00:00:00,3.5,3.57,3.14,3.23,20132000,2025-06-11 00:00:00+00:00,0.0,1.0,1.0,0.0
1129,2025-06-12,00:00:00,3.2,3.31,3.08,3.15,8049363,2025-06-12 00:00:00+00:00,0.0,1.0,1.0,0.0
1130,2025-06-13,00:00:00,3.0,3.23,2.98,3.2,7090663,2025-06-13 00:00:00+00:00,0.0,1.0,1.0,0.0
1131,2025-06-16,00:00:00,3.3,3.355,3.05,3.16,7296534,2025-06-16 00:00:00+00:00,0.0,1.0,1.0,0.0
1132,2025-06-17,00:00:00,3.16,3.355,3.11,3.12,7394201,2025-06-17 00:00:00+00:00,0.0,1.0,1.0,0.0
1133,2025-06-18,00:00:00,3.15,3.5,3.1,3.47,8696081,2025-06-18 00:00:00+00:00,0.0,1.0,1.0,0.0
1134,2025-06-20,00:00:00,3.5,3.5452,3.24,3.41,8763733,2025-06-20 00:00:00+00:00,0.0,1.0,1.0,0.0
1135,2025-06-23,00:00:00,3.35,3.44,3.22,3.33,5319841,2025-06-23 00:00:00+00:00,0.0,1.0,1.0,0.0
1136,2025-06-24,00:00:00,3.35,3.77,3.35,3.68,8123027,2025-06-24 00:00:00+00:00,0.0,1.0,1.0,0.0
1137,2025-06-25,00:00:00,3.98,4.085,3.6,3.8,9939087,2025-06-25 00:00:00+00:00,0.0,1.0,1.0,0.0
1138,2025-06-26,00:00:00,3.8,3.87,3.7,3.74,4796254,2025-06-26 00:00:00+00:00,0.0,1.0,1.0,0.0
1139,2025-06-27,00:00:00,3.76,3.7896,3.52,3.61,6205021,2025-06-27 00:00:00+00:00,0.0,1.0,1.0,0.0
1140,2025-06-30,00:00:00,3.67,3.755,3.415,3.43,8490373,2025-06-30 00:00:00+00:00,0.0,1.0,1.0,0.0
1141,2025-07-01,00:00:00,3.38,3.52,3.28,3.49,7516284,2025-07-01 00:00:00+00:00,0.0,1.0,1.0,0.0
1142,2025-07-02,00:00:00,3.46,3.77,3.37,3.75,8663641,2025-07-02 00:00:00+00:00,0.0,1.0,1.0,0.0
1143,2025-07-03,00:00:00,3.77,3.81,3.66,3.8,1951532,2025-07-03 00:00:00+00:00,0.0,1.0,1.0,0.0
1144,2025-07-07,00:00:00,3.83,4.115,3.71,4.03,7354064,2025-07-07 00:00:00+00:00,0.0,1.0,1.0,0.0
1145,2025-07-08,00:00:00,4.05,4.06,3.83,3.89,5209001,2025-07-08 00:00:00+00:00,0.0,1.0,1.0,0.0
1146,2025-07-09,00:00:00,3.97,4.2864,3.9,4.22,6999857,2025-07-09 00:00:00+00:00,0.0,1.0,1.0,0.0
1147,2025-07-10,00:00:00,4.3,4.33,4.14,4.25,4258756,2025-07-10 00:00:00+00:00,0.0,1.0,1.0,0.0
1148,2025-07-11,00:00:00,4.26,4.27,3.995,4.01,5621146,2025-07-11 00:00:00+00:00,0.0,1.0,1.0,0.0
1149,2025-07-14,00:00:00,4.01,4.4,3.965,4.24,8068703,2025-07-14 00:00:00+00:00,0.0,1.0,1.0,0.0
1150,2025-07-15,00:00:00,4.405,4.4599,3.892,3.94,6802562,2025-07-15 00:00:00+00:00,0.0,1.0,1.0,0.0
1151,2025-07-16,00:00:00,3.985,4.1,3.91,4.06,7163588,2025-07-16 00:00:00+00:00,0.0,1.0,1.0,0.0
1152,2025-07-17,00:00:00,4.13,4.13,3.87,3.9,5800856,2025-07-17 00:00:00+00:00,0.0,1.0,1.0,0.0
1153,2025-07-18,00:00:00,3.945,4.7,3.94,4.48,11595410,2025-07-18 00:00:00+00:00,0.0,1.0,1.0,0.0
1154,2025-07-21,00:00:00,4.87,5.82,4.8023,5.15,18401450,2025-07-21 00:00:00+00:00,0.0,1.0,1.0,0.0
1155,2025-07-22,00:00:00,5.23,5.23,4.8911,4.92,7345225,2025-07-22 00:00:00+00:00,0.0,1.0,1.0,0.0
1156,2025-07-23,00:00:00,5.03,5.1,4.89,4.99,4674798,2025-07-23 00:00:00+00:00,0.0,1.0,1.0,0.0
1157,2025-07-24,00:00:00,4.99,5.36,4.9576,5.02,5734378,2025-07-24 00:00:00+00:00,0.0,1.0,1.0,0.0
1158,2025-07-25,00:00:00,5.01,5.15,4.67,5.11,5190671,2025-07-25 00:00:00+00:00,0.0,1.0,1.0,0.0
1159,2025-07-28,00:00:00,5.15,5.1868,4.8912,4.92,4144697,2025-07-28 00:00:00+00:00,0.0,1.0,1.0,0.0
1160,2025-07-29,00:00:00,4.92,4.945,4.635,4.69,6224090,2025-07-29 00:00:00+00:00,0.0,1.0,1.0,0.0
1161,2025-07-30,00:00:00,4.67,4.82,4.55,4.57,3826709,2025-07-30 00:00:00+00:00,0.0,1.0,1.0,0.0
1162,2025-07-31,00:00:00,4.54,4.6398,4.42,4.47,4718827,2025-07-31 00:00:00+00:00,0.0,1.0,1.0,0.0
1163,2025-08-01,00:00:00,4.23,4.445,4.185,4.24,6655669,2025-08-01 00:00:00+00:00,0.0,1.0,1.0,0.0
1164,2025-08-04,00:00:00,4.275,4.38,4.13,4.34,3616724,2025-08-04 00:00:00+00:00,0.0,1.0,1.0,0.0
1165,2025-08-05,00:00:00,4.36,4.4067,4.24,4.36,2780344,2025-08-05 00:00:00+00:00,0.0,1.0,1.0,0.0
1166,2025-08-06,00:00:00,4.34,4.34,4.09,4.12,4531732,2025-08-06 00:00:00+00:00,0.0,1.0,1.0,0.0
1167,2025-08-07,00:00:00,4.125,4.26,4.03,4.24,8570893,2025-08-07 00:00:00+00:00,0.0,1.0,1.0,0.0
1168,2025-08-08,00:00:00,4.82,5.01,3.93,4.25,13286620,2025-08-08 00:00:00+00:00,0.0,1.0,1.0,0.0
1169,2025-08-11,00:00:00,4.34,4.63,4.235,4.5,7741900,2025-08-11 00:00:00+00:00,0.0,1.0,1.0,0.0
1170,2025-08-12,00:00:00,4.49,4.5494,4.26,4.27,5044706,2025-08-12 00:00:00+00:00,0.0,1.0,1.0,0.0
1171,2025-08-13,00:00:00,4.29,4.7699,4.27,4.58,5648721,2025-08-13 00:00:00+00:00,0.0,1.0,1.0,0.0
1172,2025-08-14,00:00:00,4.42,4.75,4.36,4.5,6437743,2025-08-14 00:00:00+00:00,1.0,1.0,0.0,0.0
1173,2025-08-15,00:00:00,4.5,4.67,4.4608,4.59,4429997,2025-08-15 00:00:00+00:00,1.0,1.0,0.0,0.0
1174,2025-08-18,00:00:00,4.7,4.81,4.48,4.67,3713391,2025-08-18 00:00:00+00:00,1.0,1.0,0.0,0.0
1175,2025-08-19,00:00:00,4.71,4.71,4.25,4.29,5208631,2025-08-19 00:00:00+00:00,1.0,1.0,0.0,0.0
1176,2025-08-20,00:00:00,4.2,4.24,4.01,4.17,5936634,2025-08-20 00:00:00+00:00,1.0,1.0,0.0,0.0
1177,2025-08-21,00:00:00,4.13,4.4,4.13,4.3,4111858,2025-08-21 00:00:00+00:00,1.0,1.0,0.0,0.0
1178,2025-08-22,00:00:00,4.28,4.53,4.22,4.39,4135810,2025-08-22 00:00:00+00:00,1.0,1.0,0.0,0.0
1179,2025-08-25,00:00:00,4.36,4.4,4.2,4.23,2603917,2025-08-25 00:00:00+00:00,1.0,1.0,0.0,0.0
1180,2025-08-26,00:00:00,4.24,4.55,4.24,4.37,3281044,2025-08-26 00:00:00+00:00,1.0,1.0,0.0,0.0
1181,2025-08-27,00:00:00,4.39,4.515,4.3201,4.35,2171974,2025-08-27 00:00:00+00:00,1.0,1.0,0.0,0.0
1182,2025-08-28,00:00:00,4.43,4.4498,4.285,4.3,2468753,2025-08-28 00:00:00+00:00,1.0,1.0,0.0,0.0
1183,2025-08-29,00:00:00,4.3,4.4,4.145,4.18,3621957,2025-08-29 00:00:00+00:00,1.0,1.0,0.0,0.0
1184,2025-09-02,00:00:00,4.11,4.3,4.03,4.05,3632383,2025-09-02 00:00:00+00:00,1.0,1.0,0.0,0.0
1185,2025-09-03,00:00:00,4.09,4.23,3.96,3.99,4244745,2025-09-03 00:00:00+00:00,1.0,1.0,0.0,0.0
1186,2025-09-04,00:00:00,3.985,4.175,3.83,4.16,7205256,2025-09-04 00:00:00+00:00,1.0,1.0,0.0,0.0
1187,2025-09-05,00:00:00,4.24,4.28,4.09,4.22,4173513,2025-09-05 00:00:00+00:00,1.0,1.0,0.0,0.0
1188,2025-09-08,00:00:00,4.22,4.25,4.085,4.17,2824672,2025-09-08 00:00:00+00:00,1.0,1.0,0.0,0.0
1189,2025-09-09,00:00:00,4.18,4.24,4.09,4.24,3130867,2025-09-09 00:00:00+00:00,1.0,1.0,0.0,0.0
1190,2025-09-10,00:00:00,4.26,4.51,4.1804,4.28,3602810,2025-09-10 00:00:00+00:00,1.0,1.0,0.0,0.0
1191,2025-09-11,00:00:00,4.32,4.69,4.28,4.61,4576110,2025-09-11 00:00:00+00:00,1.0,1.0,0.0,0.0
1192,2025-09-12,00:00:00,4.61,4.6999,4.45,4.47,3027116,2025-09-12 00:00:00+00:00,1.0,1.0,0.0,0.0
1193,2025-09-15,00:00:00,4.505,4.5776,4.32,4.35,3133888,2025-09-15 00:00:00+00:00,1.0,1.0,0.0,0.0
1194,2025-09-16,00:00:00,4.36,4.85,4.35,4.77,5206710,2025-09-16 00:00:00+00:00,1.0,1.0,0.0,0.0
1195,2025-09-17,00:00:00,4.775,4.8,4.49,4.57,4753356,2025-09-17 00:00:00+00:00,1.0,1.0,0.0,0.0
1196,2025-09-18,00:00:00,4.6,4.79,4.5999,4.72,3764780,2025-09-18 00:00:00+00:00,1.0,1.0,0.0,0.0
1197,2025-09-19,00:00:00,4.68,4.75,4.49,4.51,5965311,2025-09-19 00:00:00+00:00,1.0,1.0,0.0,0.0
1198,2025-09-22,00:00:00,4.51,4.95,4.47,4.83,5749503,2025-09-22 00:00:00+00:00,1.0,1.0,0.0,0.0
1199,2025-09-23,00:00:00,5.03,5.04,4.84,4.9,10178000,2025-09-23 00:00:00+00:00,1.0,1.0,0.0,0.0
1200,2025-09-24,00:00:00,4.95,5.105,4.7,4.77,6587090,2025-09-24 00:00:00+00:00,1.0,1.0,0.0,0.0
1201,2025-09-25,00:00:00,4.6,4.72,4.505,4.65,3448085,2025-09-25 00:00:00+00:00,1.0,1.0,0.0,0.0
1202,2025-09-26,00:00:00,4.65,4.75,4.51,4.74,3832421,2025-09-26 00:00:00+00:00,1.0,1.0,0.0,0.0
1203,2025-09-29,00:00:00,4.795,4.87,4.59,4.87,3694769,2025-09-29 00:00:00+00:00,1.0,0.0,0.0,0.0
1204,2025-09-30,00:00:00,4.89,5.05,4.8112,5.03,4540191,2025-09-30 00:00:00+00:00,1.0,0.0,0.0,0.0
1205,2025-10-01,00:00:00,5.07,5.97,5.07,5.96,13906890,2025-10-01 00:00:00+00:00,1.0,0.0,0.0,0.0
1206,2025-10-02,00:00:00,6.055,6.21,5.9,5.98,9793123,2025-10-02 00:00:00+00:00,1.0,0.0,0.0,0.0
1207,2025-10-03,00:00:00,6.25,6.41,5.865,5.9,9112336,2025-10-03 00:00:00+00:00,1.0,0.0,0.0,0.0
1208,2025-10-06,00:00:00,5.99,6.0199,5.8,5.87,6628128,2025-10-06 00:00:00+00:00,1.0,0.0,0.0,0.0
1209,2025-10-07,00:00:00,5.88,5.88,5.5701,5.77,5768386,2025-10-07 00:00:00+00:00,1.0,0.0,0.0,0.0
