ts,is_up,open,high,low,close,volume,isHL,isHH
2021-06-22 04:00:00+00:00,False,27.731,28.0,25.925,26.047,0.0,0.0,0.0
2021-06-22 08:00:00+00:00,False,25.962,25.962,21.428,21.428,0.0,0.0,0.0
2021-06-22 12:00:00+00:00,False,21.428,26.747,20.181,26.458,0.0,0.0,0.0
2021-06-22 16:00:00+00:00,False,26.489,28.386,26.23,27.186,0.0,0.0,0.0
2021-06-22 20:00:00+00:00,False,27.186,27.871,25.78,26.986,0.0,0.0,0.0
2021-06-23 00:00:00+00:00,False,27.012,31.261,25.682,30.152,0.0,0.0,0.0
2021-06-23 04:00:00+00:00,False,30.183,31.0,29.516,30.761,0.0,0.0,0.0
2021-06-23 08:00:00+00:00,False,30.694,31.912,30.092,31.261,0.0,0.0,0.0
2021-06-23 12:00:00+00:00,False,31.297,32.957,28.91,28.978,0.0,0.0,0.0
2021-06-23 16:00:00+00:00,False,29.063,30.851,28.293,28.498,0.0,0.0,0.0
2021-06-23 20:00:00+00:00,False,28.483,31.2,28.296,30.945,0.0,0.0,0.0
2021-06-24 00:00:00+00:00,False,31.027,31.25,28.477,29.322,0.0,0.0,0.0
2021-06-24 04:00:00+00:00,False,29.322,29.91,28.53,29.365,0.0,0.0,0.0
2021-06-24 08:00:00+00:00,False,29.388,30.946,29.342,30.917,0.0,0.0,0.0
2021-06-24 12:00:00+00:00,False,30.92,31.667,30.016,30.928,0.0,0.0,0.0
2021-06-24 16:00:00+00:00,False,30.964,33.0,30.3,32.472,0.0,0.0,0.0
2021-06-24 20:00:00+00:00,False,32.496,32.497,31.142,31.426,0.0,0.0,0.0
2021-06-25 00:00:00+00:00,False,31.426,32.826,31.096,32.455,0.0,0.0,0.0
2021-06-25 04:00:00+00:00,False,32.438,32.98,30.85,31.138,0.0,0.0,0.0
2021-06-25 08:00:00+00:00,False,31.142,31.802,29.336,29.387,0.0,0.0,0.0
2021-06-25 12:00:00+00:00,False,29.379,30.789,28.633,29.563,0.0,0.0,0.0
2021-06-25 16:00:00+00:00,False,29.517,29.763,27.93,29.101,0.0,0.0,0.0
2021-06-25 20:00:00+00:00,False,29.152,29.67,28.307,28.368,0.0,0.0,0.0
2021-06-26 00:00:00+00:00,False,28.453,30.121,28.453,29.546,0.0,0.0,0.0
2021-06-26 04:00:00+00:00,False,29.564,30.0,27.187,27.26,0.0,0.0,0.0
2021-06-26 08:00:00+00:00,False,27.254,29.02,26.72,28.664,0.0,0.0,0.0
2021-06-26 12:00:00+00:00,False,28.676,28.933,27.095,28.257,0.0,0.0,0.0
2021-06-26 16:00:00+00:00,False,28.225,28.596,27.479,28.041,0.0,0.0,0.0
2021-06-26 20:00:00+00:00,False,27.963,29.766,27.68,29.461,0.0,0.0,0.0
2021-06-27 00:00:00+00:00,False,29.435,30.951,29.205,30.771,0.0,0.0,0.0
2021-06-27 04:00:00+00:00,False,30.73,30.73,29.632,30.554,0.0,0.0,0.0
2021-06-27 08:00:00+00:00,False,30.524,30.851,29.81,30.394,0.0,0.0,0.0
2021-06-27 12:00:00+00:00,False,30.393,31.179,30.021,30.515,0.0,0.0,0.0
2021-06-27 16:00:00+00:00,False,30.516,30.516,29.604,29.8,0.0,0.0,0.0
2021-06-27 20:00:00+00:00,True,29.831,32.0,29.657,31.788,0.0,0.0,0.0
2021-06-28 00:00:00+00:00,True,31.806,31.806,31.01,31.489,0.0,0.0,0.0
2021-06-28 04:00:00+00:00,True,31.469,32.779,31.11,32.559,0.0,0.0,0.0
2021-06-28 08:00:00+00:00,True,32.559,32.963,31.454,31.55,0.0,0.0,0.0
2021-06-28 12:00:00+00:00,True,31.55,34.139,31.322,33.68,0.0,0.0,0.0
2021-06-28 16:00:00+00:00,True,33.65,33.98,32.871,33.477,0.0,0.0,0.0
2021-06-28 20:00:00+00:00,True,33.52,34.323,32.538,33.116,0.0,0.0,0.0
2021-06-29 00:00:00+00:00,True,33.188,33.919,32.655,33.362,0.0,0.0,0.0
2021-06-29 04:00:00+00:00,True,33.445,34.032,33.0,33.441,0.0,0.0,0.0
2021-06-29 08:00:00+00:00,True,33.377,34.494,33.31,34.32,0.0,0.0,0.0
2021-06-29 12:00:00+00:00,True,34.331,35.829,34.306,35.288,0.0,0.0,0.0
2021-06-29 16:00:00+00:00,True,35.237,35.7,34.58,34.781,0.0,0.0,0.0
2021-06-29 20:00:00+00:00,True,34.783,34.999,33.588,33.641,0.0,0.0,0.0
2021-06-30 00:00:00+00:00,True,33.611,34.23,32.169,32.488,0.0,0.0,0.0
2021-06-30 04:00:00+00:00,True,32.488,33.543,31.833,33.401,0.0,0.0,0.0
2021-06-30 08:00:00+00:00,True,33.386,33.779,32.119,33.067,0.0,0.0,0.0
2021-06-30 12:00:00+00:00,True,33.061,33.294,31.602,31.856,0.0,0.0,0.0
2021-06-30 16:00:00+00:00,True,31.84,34.998,31.683,34.991,0.0,0.0,0.0
2021-06-30 20:00:00+00:00,True,34.991,36.0,33.97,35.389,0.0,0.0,0.0
2021-07-01 00:00:00+00:00,True,35.357,35.601,33.55,33.845,0.0,0.0,0.0
2021-07-01 04:00:00+00:00,True,33.842,35.043,32.344,32.721,0.0,0.0,0.0
2021-07-01 08:00:00+00:00,True,32.64,34.355,32.182,34.137,0.0,0.0,0.0
2021-07-01 12:00:00+00:00,True,34.166,34.339,32.9,33.31,0.0,0.0,0.0
2021-07-01 16:00:00+00:00,True,33.344,34.231,33.13,33.874,0.0,0.0,0.0
2021-07-01 20:00:00+00:00,True,33.879,34.278,33.015,33.266,0.0,0.0,0.0
2021-07-02 00:00:00+00:00,True,33.365,34.0,32.004,32.355,0.0,0.0,0.0
2021-07-02 04:00:00+00:00,True,32.344,32.72,31.414,32.45,0.0,0.0,0.0
2021-07-02 08:00:00+00:00,True,32.445,32.756,31.408,31.908,0.0,0.0,0.0
2021-07-02 12:00:00+00:00,True,31.915,33.015,31.764,32.85,0.0,0.0,0.0
2021-07-02 16:00:00+00:00,False,32.889,33.368,32.593,33.14,0.0,0.0,0.0
2021-07-02 20:00:00+00:00,False,33.153,34.273,32.673,34.123,0.0,0.0,0.0
2021-07-03 00:00:00+00:00,False,34.123,34.157,33.26,33.567,0.0,0.0,0.0
2021-07-03 04:00:00+00:00,False,33.57,34.987,33.357,34.579,0.0,0.0,0.0
2021-07-03 08:00:00+00:00,True,34.612,35.392,34.551,35.303,0.0,0.0,0.0
2021-07-03 12:00:00+00:00,True,35.287,35.29,34.504,34.778,0.0,0.0,0.0
2021-07-03 16:00:00+00:00,True,34.76,35.207,34.672,34.783,0.0,0.0,0.0
2021-07-03 20:00:00+00:00,True,34.81,34.891,33.848,34.497,0.0,0.0,0.0
2021-07-04 00:00:00+00:00,True,34.507,34.507,33.582,33.876,0.0,0.0,0.0
2021-07-04 04:00:00+00:00,True,33.9,35.504,33.9,35.4,0.0,0.0,0.0
2021-07-04 08:00:00+00:00,True,35.4,35.429,34.896,35.193,0.0,0.0,0.0
2021-07-04 12:00:00+00:00,True,35.166,35.208,34.373,34.921,0.0,0.0,0.0
2021-07-04 16:00:00+00:00,True,34.916,35.328,34.879,35.003,0.0,0.0,0.0
2021-07-04 20:00:00+00:00,True,34.977,35.358,33.914,34.207,0.0,0.0,0.0
2021-07-05 00:00:00+00:00,True,34.205,34.396,33.494,33.595,0.0,0.0,0.0
2021-07-05 04:00:00+00:00,True,33.578,34.203,33.284,33.87,0.0,0.0,0.0
2021-07-05 08:00:00+00:00,True,33.832,34.479,32.89,33.309,0.0,0.0,0.0
2021-07-05 12:00:00+00:00,False,33.33,33.647,32.682,32.978,0.0,0.0,0.0
2021-07-05 16:00:00+00:00,False,32.976,33.439,32.45,33.241,0.0,0.0,0.0
2021-07-05 20:00:00+00:00,False,33.288,33.63,32.833,33.095,0.0,0.0,0.0
2021-07-06 00:00:00+00:00,False,33.116,33.57,33.0,33.57,0.0,0.0,0.0
2021-07-06 04:00:00+00:00,False,33.57,34.405,33.57,34.258,0.0,0.0,0.0
2021-07-06 08:00:00+00:00,False,34.268,35.048,33.366,33.593,0.0,0.0,0.0
2021-07-06 12:00:00+00:00,False,33.586,34.6,33.457,33.511,0.0,0.0,0.0
2021-07-06 16:00:00+00:00,False,33.544,33.81,33.215,33.724,0.0,0.0,0.0
2021-07-06 20:00:00+00:00,False,33.727,34.396,33.264,34.196,0.0,0.0,0.0
2021-07-07 00:00:00+00:00,False,34.21,34.879,33.83,34.737,0.0,0.0,0.0
2021-07-07 04:00:00+00:00,False,34.732,35.386,34.441,35.174,0.0,0.0,0.0
2021-07-07 08:00:00+00:00,False,35.17,37.374,34.638,37.338,0.0,0.0,0.0
2021-07-07 12:00:00+00:00,True,37.329,37.624,36.134,36.446,0.0,0.0,0.0
2021-07-07 16:00:00+00:00,True,36.467,38.1,36.342,37.357,0.0,0.0,0.0
2021-07-07 20:00:00+00:00,True,37.357,37.861,36.351,36.871,0.0,0.0,0.0
2021-07-08 00:00:00+00:00,True,36.87,36.962,35.48,36.316,0.0,0.0,0.0
2021-07-08 04:00:00+00:00,True,36.393,36.806,33.907,34.16,0.0,0.0,0.0
2021-07-08 08:00:00+00:00,True,34.142,35.11,33.833,34.709,0.0,0.0,0.0
2021-07-08 12:00:00+00:00,True,34.708,35.297,33.789,34.309,0.0,0.0,0.0
2021-07-08 16:00:00+00:00,True,34.342,34.342,33.5,33.965,0.0,0.0,0.0
2021-07-08 20:00:00+00:00,True,33.965,34.045,32.586,32.945,0.0,0.0,0.0
2021-07-09 00:00:00+00:00,False,32.991,33.789,32.0,33.409,0.0,0.0,1.0
2021-07-09 04:00:00+00:00,False,33.399,33.639,32.669,32.75,0.0,0.0,1.0
2021-07-09 08:00:00+00:00,False,32.7,33.15,32.32,32.32,0.0,0.0,1.0
2021-07-09 12:00:00+00:00,False,32.313,34.43,32.25,33.965,0.0,0.0,1.0
2021-07-09 16:00:00+00:00,False,33.958,33.988,32.82,33.047,0.0,0.0,1.0
2021-07-09 20:00:00+00:00,False,33.054,33.782,32.855,33.492,0.0,0.0,1.0
2021-07-10 00:00:00+00:00,False,33.523,34.223,33.084,33.324,0.0,0.0,1.0
2021-07-10 04:00:00+00:00,False,33.324,33.625,32.783,33.256,0.0,0.0,1.0
2021-07-10 08:00:00+00:00,False,33.218,33.661,32.47,32.676,0.0,0.0,1.0
2021-07-10 12:00:00+00:00,False,32.684,33.318,32.19,32.41,0.0,0.0,1.0
2021-07-10 16:00:00+00:00,False,32.41,32.842,31.55,31.765,0.0,0.0,1.0
2021-07-10 20:00:00+00:00,False,31.787,32.004,31.069,31.69,0.0,0.0,1.0
2021-07-11 00:00:00+00:00,False,31.654,32.172,31.581,31.624,0.0,0.0,1.0
2021-07-11 04:00:00+00:00,False,31.624,32.05,31.368,31.58,0.0,0.0,1.0
2021-07-11 08:00:00+00:00,False,31.587,32.33,31.512,32.198,0.0,0.0,1.0
2021-07-11 12:00:00+00:00,False,32.201,32.551,31.84,32.282,0.0,0.0,1.0
2021-07-11 16:00:00+00:00,False,32.31,32.399,31.95,32.052,0.0,0.0,1.0
2021-07-11 20:00:00+00:00,False,32.074,32.55,31.87,32.239,0.0,0.0,1.0
2021-07-12 00:00:00+00:00,False,32.247,32.686,31.949,32.503,0.0,0.0,1.0
2021-07-12 04:00:00+00:00,False,32.505,32.627,32.13,32.215,0.0,0.0,1.0
2021-07-12 08:00:00+00:00,False,32.216,32.324,31.281,31.373,0.0,0.0,1.0
2021-07-12 12:00:00+00:00,False,31.399,31.663,30.728,31.178,0.0,0.0,1.0
2021-07-12 16:00:00+00:00,False,31.181,31.187,30.0,30.151,0.0,0.0,1.0
2021-07-12 20:00:00+00:00,False,30.119,30.987,30.101,30.627,0.0,0.0,1.0
2021-07-13 00:00:00+00:00,False,30.627,31.083,30.515,30.819,0.0,0.0,1.0
2021-07-13 04:00:00+00:00,False,30.815,31.09,30.041,30.592,0.0,0.0,1.0
2021-07-13 08:00:00+00:00,False,30.617,30.725,30.04,30.095,0.0,0.0,1.0
2021-07-13 12:00:00+00:00,False,30.083,30.326,29.119,30.203,0.0,0.0,1.0
2021-07-13 16:00:00+00:00,False,30.191,30.281,28.831,29.053,0.0,0.0,1.0
2021-07-13 20:00:00+00:00,False,29.028,29.529,28.942,29.161,0.0,0.0,1.0
2021-07-14 00:00:00+00:00,False,29.193,29.283,27.75,28.104,0.0,0.0,1.0
2021-07-14 04:00:00+00:00,False,28.107,28.359,27.442,28.141,0.0,0.0,1.0
2021-07-14 08:00:00+00:00,False,28.15,29.394,27.562,29.109,0.0,0.0,1.0
2021-07-14 12:00:00+00:00,False,29.081,31.189,28.79,30.584,0.0,0.0,1.0
2021-07-14 16:00:00+00:00,False,30.561,31.468,30.4,30.659,0.0,0.0,1.0
2021-07-14 20:00:00+00:00,False,30.673,31.366,30.592,31.159,0.0,0.0,1.0
2021-07-15 00:00:00+00:00,False,31.106,31.5,30.24,30.246,0.0,0.0,1.0
2021-07-15 04:00:00+00:00,False,30.324,30.844,29.67,30.628,0.0,0.0,1.0
2021-07-15 08:00:00+00:00,False,30.6,30.824,28.901,29.341,0.0,0.0,1.0
2021-07-15 12:00:00+00:00,False,29.333,29.557,28.716,28.901,0.0,0.0,1.0
2021-07-15 16:00:00+00:00,False,28.901,28.903,28.0,28.828,0.0,0.0,1.0
2021-07-15 20:00:00+00:00,False,28.799,29.032,28.111,28.266,0.0,0.0,1.0
2021-07-16 00:00:00+00:00,False,28.191,29.48,28.159,29.318,0.0,0.0,1.0
2021-07-16 04:00:00+00:00,False,29.358,29.436,28.15,28.161,0.0,0.0,1.0
2021-07-16 08:00:00+00:00,False,28.15,28.152,27.054,27.282,0.0,0.0,1.0
2021-07-16 12:00:00+00:00,False,27.26,28.43,27.243,28.199,0.0,0.0,1.0
2021-07-16 16:00:00+00:00,False,28.205,28.223,27.048,27.194,0.0,0.0,1.0
2021-07-16 20:00:00+00:00,False,27.182,27.189,26.179,26.375,0.0,0.0,1.0
2021-07-17 00:00:00+00:00,False,26.397,26.84,26.02,26.225,0.0,0.0,1.0
2021-07-17 04:00:00+00:00,False,26.224,26.859,26.109,26.339,0.0,0.0,1.0
2021-07-17 08:00:00+00:00,False,26.342,27.145,26.0,26.384,0.0,0.0,1.0
2021-07-17 12:00:00+00:00,False,26.382,26.678,26.24,26.451,0.0,0.0,1.0
2021-07-17 16:00:00+00:00,False,26.458,27.32,26.362,27.27,0.0,0.0,1.0
2021-07-17 20:00:00+00:00,False,27.276,27.822,26.617,26.799,0.0,0.0,1.0
2021-07-18 00:00:00+00:00,False,26.81,27.753,26.681,27.509,0.0,0.0,1.0
2021-07-18 04:00:00+00:00,False,27.481,27.481,26.76,26.973,0.0,0.0,1.0
2021-07-18 08:00:00+00:00,False,26.976,27.513,26.881,27.44,0.0,0.0,1.0
2021-07-18 12:00:00+00:00,False,27.44,27.496,26.265,26.532,0.0,0.0,1.0
2021-07-18 16:00:00+00:00,False,26.565,26.923,26.521,26.73,0.0,0.0,1.0
2021-07-18 20:00:00+00:00,False,26.717,27.224,26.379,26.567,0.0,0.0,1.0
2021-07-19 00:00:00+00:00,False,26.567,26.684,25.686,25.98,0.0,0.0,1.0
2021-07-19 04:00:00+00:00,False,25.99,26.227,25.698,25.811,0.0,0.0,1.0
2021-07-19 08:00:00+00:00,False,25.824,25.881,24.76,24.778,0.0,0.0,1.0
2021-07-19 12:00:00+00:00,False,24.783,24.952,24.0,24.104,0.0,0.0,1.0
2021-07-19 16:00:00+00:00,False,24.103,24.544,24.023,24.303,0.0,0.0,1.0
2021-07-19 20:00:00+00:00,False,24.304,24.866,24.279,24.418,0.0,0.0,1.0
2021-07-20 00:00:00+00:00,False,24.443,24.993,22.735,23.008,0.0,0.0,1.0
2021-07-20 04:00:00+00:00,False,23.008,23.248,22.707,23.193,0.0,0.0,1.0
2021-07-20 08:00:00+00:00,False,23.177,23.219,22.139,22.95,0.0,0.0,1.0
2021-07-20 12:00:00+00:00,False,22.951,23.943,22.6,23.77,0.0,0.0,1.0
2021-07-20 16:00:00+00:00,False,23.766,23.968,23.354,23.948,0.0,0.0,1.0
2021-07-20 20:00:00+00:00,False,23.965,24.138,23.246,23.326,0.0,0.0,1.0
2021-07-21 00:00:00+00:00,False,23.332,24.25,22.818,24.195,0.0,0.0,1.0
2021-07-21 04:00:00+00:00,False,24.203,25.977,24.17,25.696,0.0,0.0,1.0
2021-07-21 08:00:00+00:00,False,25.697,26.492,25.354,26.201,0.0,0.0,1.0
2021-07-21 12:00:00+00:00,False,26.201,27.114,25.761,26.842,0.0,0.0,1.0
2021-07-21 16:00:00+00:00,False,26.87,27.476,25.383,25.383,0.0,0.0,1.0
2021-07-21 20:00:00+00:00,False,25.397,26.712,25.296,26.513,0.0,0.0,1.0
2021-07-22 00:00:00+00:00,True,26.513,27.152,25.935,26.296,0.0,0.0,1.0
2021-07-22 04:00:00+00:00,True,26.313,27.284,26.307,26.92,0.0,0.0,1.0
2021-07-22 08:00:00+00:00,True,26.898,27.585,26.515,26.605,0.0,0.0,1.0
2021-07-22 12:00:00+00:00,True,26.606,28.079,26.35,28.003,0.0,0.0,1.0
2021-07-22 16:00:00+00:00,True,27.986,28.193,27.641,27.876,0.0,0.0,1.0
2021-07-22 20:00:00+00:00,True,27.891,28.014,27.318,27.738,0.0,0.0,1.0
2021-07-23 00:00:00+00:00,True,27.703,28.704,27.317,28.269,0.0,0.0,1.0
2021-07-23 04:00:00+00:00,True,28.23,28.617,27.506,27.683,0.0,0.0,1.0
2021-07-23 08:00:00+00:00,True,27.65,27.875,27.139,27.438,0.0,0.0,1.0
2021-07-23 12:00:00+00:00,True,27.448,27.879,26.68,26.762,0.0,0.0,1.0
2021-07-23 16:00:00+00:00,True,26.767,26.824,26.404,26.65,0.0,0.0,1.0
2021-07-23 20:00:00+00:00,True,26.655,28.614,26.627,28.361,0.0,0.0,1.0
2021-07-24 00:00:00+00:00,True,28.393,28.978,28.276,28.901,0.0,0.0,1.0
2021-07-24 04:00:00+00:00,True,28.89,29.5,28.53,28.589,0.0,0.0,1.0
2021-07-24 08:00:00+00:00,True,28.684,29.162,28.272,28.64,0.0,0.0,1.0
2021-07-24 12:00:00+00:00,True,28.624,28.98,28.27,28.572,0.0,0.0,1.0
2021-07-24 16:00:00+00:00,True,28.599,29.508,28.32,28.379,0.0,0.0,1.0
2021-07-24 20:00:00+00:00,True,28.391,28.76,28.036,28.639,0.0,0.0,1.0
2021-07-25 00:00:00+00:00,True,28.647,28.896,27.776,27.912,0.0,0.0,1.0
2021-07-25 04:00:00+00:00,True,27.919,28.79,27.652,28.686,0.0,0.0,1.0
2021-07-25 08:00:00+00:00,True,28.677,28.781,27.8,27.8,0.0,0.0,1.0
2021-07-25 12:00:00+00:00,True,27.793,27.981,26.556,27.369,0.0,0.0,1.0
2021-07-25 16:00:00+00:00,True,27.378,27.768,27.03,27.429,0.0,0.0,1.0
2021-07-25 20:00:00+00:00,True,27.466,28.286,27.384,28.115,0.0,0.0,1.0
2021-07-26 00:00:00+00:00,True,28.096,31.103,28.084,30.081,0.0,0.0,1.0
2021-07-26 04:00:00+00:00,True,30.071,30.929,29.5,29.587,0.0,0.0,1.0
2021-07-26 08:00:00+00:00,True,29.616,30.225,29.303,29.895,0.0,0.0,1.0
2021-07-26 12:00:00+00:00,True,29.875,30.55,29.575,30.106,0.0,0.0,1.0
2021-07-26 16:00:00+00:00,True,30.104,30.95,29.08,29.377,0.0,0.0,1.0
2021-07-26 20:00:00+00:00,True,29.375,29.467,27.883,28.132,0.0,0.0,1.0
2021-07-27 00:00:00+00:00,True,28.149,28.592,27.14,27.48,0.0,0.0,1.0
2021-07-27 04:00:00+00:00,True,27.494,27.99,27.429,27.785,0.0,0.0,1.0
2021-07-27 08:00:00+00:00,True,27.825,28.806,27.792,28.48,0.0,0.0,1.0
2021-07-27 12:00:00+00:00,True,28.48,29.013,27.49,27.65,0.0,0.0,1.0
2021-07-27 16:00:00+00:00,True,27.648,27.789,26.909,27.561,0.0,0.0,1.0
2021-07-27 20:00:00+00:00,True,27.556,28.209,27.345,27.893,0.0,0.0,1.0
2021-07-28 00:00:00+00:00,True,27.894,28.616,27.566,28.019,0.0,0.0,1.0
2021-07-28 04:00:00+00:00,True,28.004,28.234,27.38,27.855,0.0,0.0,1.0
2021-07-28 08:00:00+00:00,True,27.848,28.782,27.75,28.648,0.0,0.0,1.0
2021-07-28 12:00:00+00:00,True,28.663,28.777,27.846,28.185,0.0,0.0,1.0
2021-07-28 16:00:00+00:00,True,28.202,28.53,27.441,28.051,0.0,0.0,1.0
2021-07-28 20:00:00+00:00,True,28.032,28.086,27.5,27.666,0.0,0.0,1.0
2021-07-29 00:00:00+00:00,True,27.647,27.821,27.33,27.696,0.0,0.0,1.0
2021-07-29 04:00:00+00:00,True,27.719,28.479,27.676,28.224,0.0,0.0,1.0
2021-07-29 08:00:00+00:00,True,28.224,28.688,27.952,28.05,0.0,0.0,1.0
2021-07-29 12:00:00+00:00,True,28.055,29.829,27.93,29.75,0.0,0.0,1.0
2021-07-29 16:00:00+00:00,True,29.774,31.652,29.745,31.361,0.0,0.0,1.0
2021-07-29 20:00:00+00:00,True,31.343,31.935,30.9,31.001,0.0,0.0,1.0
2021-07-30 00:00:00+00:00,True,31.0,33.082,30.74,32.877,0.0,0.0,1.0
2021-07-30 04:00:00+00:00,True,32.865,32.908,31.765,31.862,0.0,0.0,1.0
2021-07-30 08:00:00+00:00,True,31.882,31.977,29.998,30.904,0.0,0.0,1.0
2021-07-30 12:00:00+00:00,True,30.908,31.193,30.22,30.807,0.0,0.0,1.0
2021-07-30 16:00:00+00:00,True,30.783,31.876,30.471,31.782,0.0,0.0,1.0
2021-07-30 20:00:00+00:00,True,31.781,32.585,31.673,32.177,0.0,0.0,1.0
2021-07-31 00:00:00+00:00,True,32.188,33.797,32.006,32.319,0.0,0.0,1.0
2021-07-31 04:00:00+00:00,True,32.319,32.494,31.705,32.32,0.0,0.0,1.0
2021-07-31 08:00:00+00:00,True,32.344,34.79,32.326,34.45,0.0,0.0,1.0
2021-07-31 12:00:00+00:00,True,34.447,34.973,33.702,34.148,0.0,0.0,1.0
2021-07-31 16:00:00+00:00,True,34.161,34.801,33.623,34.57,0.0,0.0,1.0
2021-07-31 20:00:00+00:00,True,34.588,37.0,34.329,36.264,0.0,0.0,1.0
2021-08-01 00:00:00+00:00,True,36.238,36.532,35.306,36.101,0.0,0.0,1.0
2021-08-01 04:00:00+00:00,True,36.083,36.231,35.204,35.336,0.0,0.0,1.0
2021-08-01 08:00:00+00:00,True,35.356,36.014,34.786,35.215,0.0,0.0,1.0
2021-08-01 12:00:00+00:00,True,35.23,35.991,35.056,35.4,0.0,0.0,1.0
2021-08-01 16:00:00+00:00,True,35.416,35.826,34.307,35.826,0.0,0.0,1.0
2021-08-01 20:00:00+00:00,True,35.818,36.264,33.276,34.182,0.0,0.0,1.0
2021-08-02 00:00:00+00:00,True,34.216,35.089,33.331,34.83,0.0,0.0,1.0
2021-08-02 04:00:00+00:00,True,34.825,35.93,34.364,35.522,0.0,0.0,1.0
2021-08-02 08:00:00+00:00,True,35.5,35.5,34.536,34.718,0.0,0.0,1.0
2021-08-02 12:00:00+00:00,True,34.721,34.721,33.594,33.721,0.0,0.0,1.0
2021-08-02 16:00:00+00:00,True,33.727,34.077,33.54,33.54,0.0,0.0,1.0
2021-08-02 20:00:00+00:00,True,33.53,33.721,33.03,33.111,0.0,0.0,1.0
2021-08-03 00:00:00+00:00,True,33.124,33.715,32.747,33.084,0.0,0.0,1.0
2021-08-03 04:00:00+00:00,True,33.08,33.583,32.36,33.451,0.0,0.0,1.0
2021-08-03 08:00:00+00:00,True,33.451,34.621,33.04,33.738,0.0,0.0,1.0
2021-08-03 12:00:00+00:00,True,33.767,35.878,33.74,35.0,0.0,0.0,1.0
2021-08-03 16:00:00+00:00,True,34.998,35.635,34.419,34.664,0.0,0.0,1.0
2021-08-03 20:00:00+00:00,True,34.639,34.79,33.84,33.89,0.0,0.0,1.0
2021-08-04 00:00:00+00:00,True,33.863,34.424,33.521,33.797,0.0,0.0,1.0
2021-08-04 04:00:00+00:00,True,33.799,34.414,33.503,33.576,0.0,0.0,1.0
2021-08-04 08:00:00+00:00,True,33.608,34.478,33.268,34.449,0.0,0.0,1.0
2021-08-04 12:00:00+00:00,True,34.437,35.646,34.363,35.5,0.0,0.0,1.0
2021-08-04 16:00:00+00:00,True,35.476,36.449,35.36,36.31,0.0,0.0,1.0
2021-08-04 20:00:00+00:00,True,36.31,36.662,35.626,35.815,0.0,0.0,1.0
2021-08-05 00:00:00+00:00,True,35.826,37.453,35.483,37.269,0.0,0.0,1.0
2021-08-05 04:00:00+00:00,True,37.265,37.45,36.322,36.567,0.0,0.0,1.0
2021-08-05 08:00:00+00:00,True,36.534,37.191,35.932,36.944,0.0,0.0,1.0
2021-08-05 12:00:00+00:00,True,36.912,38.28,35.988,36.889,0.0,0.0,1.0
2021-08-05 16:00:00+00:00,True,36.868,37.414,36.087,36.996,0.0,0.0,1.0
2021-08-05 20:00:00+00:00,True,37.036,37.799,36.88,37.471,0.0,0.0,1.0
2021-08-06 00:00:00+00:00,True,37.403,37.45,35.803,36.063,0.0,0.0,1.0
2021-08-06 04:00:00+00:00,True,36.038,37.101,35.672,36.89,0.0,0.0,1.0
2021-08-06 08:00:00+00:00,True,36.892,37.259,36.769,36.865,0.0,0.0,1.0
2021-08-06 12:00:00+00:00,True,36.769,39.948,36.726,39.929,0.0,0.0,1.0
2021-08-06 16:00:00+00:00,True,39.929,40.453,39.354,39.982,0.0,0.0,1.0
2021-08-06 20:00:00+00:00,True,40.005,40.019,38.983,39.219,0.0,0.0,1.0
2021-08-07 00:00:00+00:00,True,39.226,40.159,38.772,39.93,0.0,0.0,1.0
2021-08-07 04:00:00+00:00,True,39.896,40.0,38.868,39.363,0.0,0.0,1.0
2021-08-07 08:00:00+00:00,True,39.366,40.496,39.249,40.216,0.0,0.0,1.0
2021-08-07 12:00:00+00:00,True,40.216,40.36,38.25,38.338,0.0,0.0,1.0
2021-08-07 16:00:00+00:00,True,38.324,38.966,37.571,38.718,0.0,0.0,1.0
2021-08-07 20:00:00+00:00,True,38.725,39.598,38.638,39.435,0.0,0.0,1.0
2021-08-08 00:00:00+00:00,True,39.458,39.594,38.0,38.737,0.0,0.0,1.0
2021-08-08 04:00:00+00:00,True,38.753,39.434,38.28,38.979,0.0,0.0,1.0
2021-08-08 08:00:00+00:00,True,38.995,39.3,38.2,38.393,0.0,0.0,1.0
2021-08-08 12:00:00+00:00,True,38.416,38.868,37.38,37.601,0.0,0.0,1.0
2021-08-08 16:00:00+00:00,True,37.612,37.93,36.92,37.21,0.0,0.0,1.0
2021-08-08 20:00:00+00:00,True,37.219,38.471,37.118,37.737,0.0,0.0,1.0
2021-08-09 00:00:00+00:00,True,37.75,37.75,36.382,37.357,0.0,0.0,1.0
2021-08-09 04:00:00+00:00,False,37.358,37.833,36.978,37.833,0.0,0.0,1.0
2021-08-09 08:00:00+00:00,False,37.835,39.369,37.79,39.167,0.0,0.0,1.0
2021-08-09 12:00:00+00:00,False,39.157,40.0,38.74,39.999,0.0,0.0,1.0
2021-08-09 16:00:00+00:00,False,39.995,40.023,39.058,39.394,0.0,0.0,1.0
2021-08-09 20:00:00+00:00,False,39.406,39.5,37.978,38.8,0.0,0.0,1.0
2021-08-10 00:00:00+00:00,False,38.8,40.74,38.222,39.725,0.0,0.0,1.0
2021-08-10 04:00:00+00:00,False,39.742,40.327,39.236,40.141,0.0,0.0,1.0
2021-08-10 08:00:00+00:00,False,40.13,40.95,39.612,40.7,0.0,0.0,1.0
2021-08-10 12:00:00+00:00,True,40.718,41.768,39.844,40.148,0.0,1.0,1.0
2021-08-10 16:00:00+00:00,True,40.131,40.82,39.151,40.794,0.0,1.0,1.0
2021-08-10 20:00:00+00:00,True,40.78,41.383,40.203,41.319,0.0,1.0,1.0
2021-08-11 00:00:00+00:00,True,41.3,41.95,41.008,41.511,0.0,1.0,1.0
2021-08-11 04:00:00+00:00,True,41.563,43.017,41.414,42.531,0.0,1.0,1.0
2021-08-11 08:00:00+00:00,True,42.53,42.971,41.958,42.308,0.0,1.0,1.0
2021-08-11 12:00:00+00:00,True,42.323,43.496,42.223,42.511,0.0,1.0,1.0
2021-08-11 16:00:00+00:00,True,42.47,43.517,42.428,43.475,0.0,1.0,1.0
2021-08-11 20:00:00+00:00,True,43.517,43.749,41.415,41.65,0.0,1.0,1.0
2021-08-12 00:00:00+00:00,True,41.62,43.49,41.533,43.031,0.0,1.0,1.0
2021-08-12 04:00:00+00:00,True,43.052,43.09,40.257,41.381,0.0,1.0,1.0
2021-08-12 08:00:00+00:00,True,41.418,41.934,40.71,40.886,0.0,1.0,1.0
2021-08-12 12:00:00+00:00,True,40.883,41.259,39.286,39.62,0.0,1.0,1.0
2021-08-12 16:00:00+00:00,True,39.62,41.176,39.367,40.991,0.0,1.0,1.0
2021-08-12 20:00:00+00:00,True,41.004,41.38,39.61,41.337,0.0,1.0,1.0
2021-08-13 00:00:00+00:00,True,41.329,42.731,40.702,42.627,0.0,1.0,1.0
2021-08-13 04:00:00+00:00,True,42.608,43.937,42.262,43.87,0.0,1.0,1.0
2021-08-13 08:00:00+00:00,True,43.904,44.654,43.49,43.69,0.0,1.0,1.0
2021-08-13 12:00:00+00:00,True,43.706,44.349,42.86,43.771,0.0,1.0,1.0
2021-08-13 16:00:00+00:00,True,43.753,44.014,43.254,43.737,0.0,1.0,1.0
2021-08-13 20:00:00+00:00,True,43.738,44.963,43.581,44.752,0.0,1.0,1.0
2021-08-14 00:00:00+00:00,True,44.771,44.798,43.7,43.88,0.0,1.0,1.0
2021-08-14 04:00:00+00:00,True,43.895,44.684,43.707,44.434,0.0,1.0,1.0
2021-08-14 08:00:00+00:00,True,44.432,44.906,42.8,43.9,0.0,1.0,1.0
2021-08-14 12:00:00+00:00,True,43.9,44.168,43.082,44.154,0.0,1.0,1.0
2021-08-14 16:00:00+00:00,True,44.117,44.224,43.58,43.669,0.0,1.0,1.0
2021-08-14 20:00:00+00:00,True,43.64,44.319,43.061,44.209,0.0,1.0,1.0
2021-08-15 00:00:00+00:00,True,44.201,45.819,43.921,44.37,0.0,1.0,1.0
2021-08-15 04:00:00+00:00,True,44.428,45.588,43.427,43.716,0.0,1.0,1.0
2021-08-15 08:00:00+00:00,True,43.714,47.157,43.66,46.58,0.0,1.0,1.0
2021-08-15 12:00:00+00:00,True,46.556,48.88,46.04,48.329,0.0,1.0,1.0
2021-08-15 16:00:00+00:00,True,48.32,54.778,47.919,52.808,0.0,1.0,1.0
2021-08-15 20:00:00+00:00,True,52.817,54.233,52.16,53.204,0.0,1.0,1.0
2021-08-16 00:00:00+00:00,True,53.198,59.277,52.3,58.016,0.0,1.0,1.0
2021-08-16 04:00:00+00:00,True,58.016,64.892,57.943,62.31,0.0,1.0,1.0
2021-08-16 08:00:00+00:00,True,62.253,62.613,60.628,61.232,0.0,1.0,1.0
2021-08-16 12:00:00+00:00,True,61.268,68.988,61.0,66.965,0.0,1.0,1.0
2021-08-16 16:00:00+00:00,True,66.965,69.8,62.5,62.644,0.0,1.0,1.0
2021-08-16 20:00:00+00:00,True,62.647,66.617,61.415,62.576,0.0,1.0,1.0
2021-08-17 00:00:00+00:00,True,62.614,74.639,61.33,71.533,0.0,1.0,1.0
2021-08-17 04:00:00+00:00,True,71.5,75.0,69.05,73.541,0.0,1.0,1.0
2021-08-17 08:00:00+00:00,True,73.632,74.373,69.461,70.208,0.0,1.0,1.0
2021-08-17 12:00:00+00:00,True,70.094,71.531,66.956,68.662,0.0,1.0,1.0
2021-08-17 16:00:00+00:00,True,68.659,69.835,64.062,64.334,0.0,1.0,1.0
2021-08-17 20:00:00+00:00,True,64.301,67.933,58.677,65.096,0.0,1.0,1.0
2021-08-18 00:00:00+00:00,True,65.156,67.25,59.772,66.059,0.0,1.0,1.0
2021-08-18 04:00:00+00:00,True,66.024,70.336,63.899,67.968,0.0,1.0,1.0
2021-08-18 08:00:00+00:00,True,68.037,78.19,67.518,76.659,0.0,1.0,1.0
2021-08-18 12:00:00+00:00,True,76.628,80.55,73.513,76.875,0.0,1.0,1.0
2021-08-18 16:00:00+00:00,True,76.847,78.862,72.4,73.366,0.0,1.0,1.0
2021-08-18 20:00:00+00:00,True,73.365,76.317,70.1,73.325,0.0,1.0,1.0
2021-08-19 00:00:00+00:00,True,73.327,75.496,69.093,70.265,0.0,1.0,1.0
2021-08-19 04:00:00+00:00,True,70.269,73.554,69.859,71.829,0.0,1.0,1.0
2021-08-19 08:00:00+00:00,True,71.807,73.061,69.225,69.414,0.0,1.0,1.0
2021-08-19 12:00:00+00:00,True,69.423,74.486,68.339,73.411,0.0,1.0,1.0
2021-08-19 16:00:00+00:00,True,73.402,73.661,70.628,72.179,0.0,1.0,1.0
2021-08-19 20:00:00+00:00,True,72.227,74.815,70.945,72.247,0.0,1.0,1.0
2021-08-20 00:00:00+00:00,True,72.205,74.152,71.908,72.049,0.0,1.0,1.0
2021-08-20 04:00:00+00:00,True,72.049,72.596,71.035,71.597,0.0,1.0,1.0
2021-08-20 08:00:00+00:00,True,71.609,72.875,70.926,71.857,0.0,1.0,1.0
2021-08-20 12:00:00+00:00,True,71.905,74.184,71.393,73.129,0.0,1.0,1.0
2021-08-20 16:00:00+00:00,True,73.124,78.617,72.979,78.236,0.0,1.0,1.0
2021-08-20 20:00:00+00:00,True,78.254,80.0,77.323,78.983,0.0,1.0,1.0
2021-08-21 00:00:00+00:00,True,79.028,82.044,76.361,79.4,0.0,1.0,1.0
2021-08-21 04:00:00+00:00,True,79.403,80.367,78.4,78.618,0.0,1.0,1.0
2021-08-21 08:00:00+00:00,True,78.618,79.189,73.899,76.428,0.0,1.0,1.0
2021-08-21 12:00:00+00:00,True,76.401,77.18,74.9,75.504,0.0,1.0,1.0
2021-08-21 16:00:00+00:00,True,75.493,76.575,72.672,73.51,0.0,1.0,1.0
2021-08-21 20:00:00+00:00,True,73.486,75.883,72.997,73.967,0.0,1.0,1.0
2021-08-22 00:00:00+00:00,True,73.969,75.625,73.6,74.695,0.0,1.0,1.0
2021-08-22 04:00:00+00:00,True,74.698,75.8,74.32,75.5,0.0,1.0,1.0
2021-08-22 08:00:00+00:00,True,75.442,77.64,75.298,76.965,0.0,1.0,1.0
2021-08-22 12:00:00+00:00,True,76.944,77.11,73.5,74.399,0.0,1.0,1.0
2021-08-22 16:00:00+00:00,False,74.434,75.129,71.65,72.557,0.0,1.0,1.0
2021-08-22 20:00:00+00:00,False,72.566,73.995,71.321,73.167,0.0,1.0,1.0
2021-08-23 00:00:00+00:00,False,73.176,75.95,72.089,74.957,0.0,1.0,1.0
2021-08-23 04:00:00+00:00,False,75.097,75.592,73.164,73.452,0.0,1.0,1.0
2021-08-23 08:00:00+00:00,False,73.483,74.089,71.814,72.82,0.0,1.0,1.0
2021-08-23 12:00:00+00:00,False,72.858,73.578,71.548,72.267,0.0,1.0,1.0
2021-08-23 16:00:00+00:00,False,72.252,73.822,71.96,71.96,0.0,1.0,1.0
2021-08-23 20:00:00+00:00,False,71.966,76.783,71.819,75.427,0.0,1.0,1.0
2021-08-24 00:00:00+00:00,False,75.344,79.0,73.462,78.78,0.0,1.0,1.0
2021-08-24 04:00:00+00:00,False,78.78,79.467,76.721,77.564,0.0,1.0,1.0
2021-08-24 08:00:00+00:00,False,77.609,79.0,76.088,77.851,0.0,1.0,1.0
2021-08-24 12:00:00+00:00,False,77.858,77.91,71.356,72.495,0.0,1.0,1.0
2021-08-24 16:00:00+00:00,False,72.495,72.66,68.595,71.182,0.0,1.0,1.0
2021-08-24 20:00:00+00:00,False,71.181,72.719,69.69,70.848,0.0,1.0,1.0
2021-08-25 00:00:00+00:00,False,70.915,72.4,70.35,70.959,0.0,1.0,1.0
2021-08-25 04:00:00+00:00,False,70.992,72.82,70.317,70.973,0.0,1.0,1.0
2021-08-25 08:00:00+00:00,False,70.963,71.105,66.151,67.544,0.0,1.0,1.0
2021-08-25 12:00:00+00:00,False,67.564,71.566,66.421,70.89,0.0,1.0,1.0
2021-08-25 16:00:00+00:00,False,70.833,71.464,69.616,70.292,0.0,1.0,1.0
2021-08-25 20:00:00+00:00,False,70.292,73.016,70.25,72.941,0.0,1.0,1.0
2021-08-26 00:00:00+00:00,False,73.004,74.077,70.1,70.638,0.0,1.0,1.0
2021-08-26 04:00:00+00:00,False,70.638,71.503,66.254,67.962,0.0,1.0,1.0
2021-08-26 08:00:00+00:00,False,67.983,68.499,66.603,66.904,0.0,1.0,1.0
2021-08-26 12:00:00+00:00,False,66.913,78.372,66.488,75.5,0.0,1.0,1.0
2021-08-26 16:00:00+00:00,False,75.446,77.5,73.154,75.79,0.0,1.0,1.0
2021-08-26 20:00:00+00:00,False,75.771,77.25,74.266,75.877,0.0,1.0,1.0
2021-08-27 00:00:00+00:00,False,75.877,83.683,72.577,80.457,0.0,1.0,1.0
2021-08-27 04:00:00+00:00,False,80.501,83.2,78.995,82.43,0.0,1.0,1.0
2021-08-27 08:00:00+00:00,False,82.398,84.0,81.561,81.969,0.0,1.0,1.0
2021-08-27 12:00:00+00:00,False,81.945,83.25,80.5,82.27,0.0,1.0,1.0
2021-08-27 16:00:00+00:00,False,82.27,86.879,81.816,84.641,0.0,1.0,1.0
2021-08-27 20:00:00+00:00,True,84.661,88.881,84.661,87.802,0.0,1.0,1.0
2021-08-28 00:00:00+00:00,True,87.873,88.883,85.77,85.915,0.0,1.0,1.0
2021-08-28 04:00:00+00:00,True,85.939,87.374,85.634,87.165,0.0,1.0,1.0
2021-08-28 08:00:00+00:00,True,87.197,93.776,87.133,93.672,0.0,1.0,1.0
2021-08-28 12:00:00+00:00,True,93.671,96.062,91.543,95.248,0.0,1.0,1.0
2021-08-28 16:00:00+00:00,True,95.247,96.5,93.215,93.878,0.0,1.0,1.0
2021-08-28 20:00:00+00:00,True,93.913,98.0,93.787,96.01,0.0,1.0,1.0
2021-08-29 00:00:00+00:00,True,96.01,97.836,92.138,93.43,0.0,1.0,1.0
2021-08-29 04:00:00+00:00,True,93.334,96.1,93.038,94.201,0.0,1.0,1.0
2021-08-29 08:00:00+00:00,True,94.299,94.625,91.445,92.517,0.0,1.0,1.0
2021-08-29 12:00:00+00:00,True,92.496,94.422,90.403,92.085,0.0,1.0,1.0
2021-08-29 16:00:00+00:00,True,92.077,94.499,91.12,93.595,0.0,1.0,1.0
2021-08-29 20:00:00+00:00,True,93.594,95.238,92.775,94.358,0.0,1.0,1.0
2021-08-30 00:00:00+00:00,True,94.39,102.0,94.363,97.467,0.0,1.0,1.0
2021-08-30 04:00:00+00:00,True,97.436,100.759,95.743,100.238,0.0,1.0,1.0
2021-08-30 08:00:00+00:00,True,100.275,102.143,98.645,100.457,0.0,1.0,1.0
2021-08-30 12:00:00+00:00,True,100.446,107.018,98.169,104.97,0.0,1.0,1.0
2021-08-30 16:00:00+00:00,True,105.009,116.6,104.473,109.475,0.0,1.0,1.0
2021-08-30 20:00:00+00:00,True,109.451,115.204,107.337,109.607,0.0,1.0,1.0
2021-08-31 00:00:00+00:00,True,109.607,115.325,109.32,114.883,0.0,1.0,1.0
2021-08-31 04:00:00+00:00,True,114.883,120.467,114.641,118.832,0.0,1.0,1.0
2021-08-31 08:00:00+00:00,True,118.803,124.999,117.267,124.091,0.0,1.0,1.0
2021-08-31 12:00:00+00:00,True,124.037,130.066,114.273,116.857,0.0,1.0,1.0
2021-08-31 16:00:00+00:00,True,116.803,117.506,106.128,113.581,0.0,1.0,1.0
2021-08-31 20:00:00+00:00,True,113.619,113.912,103.099,107.94,0.0,1.0,1.0
2021-09-01 00:00:00+00:00,True,107.919,112.572,105.96,110.864,0.0,1.0,1.0
2021-09-01 04:00:00+00:00,True,110.847,114.974,107.35,109.175,0.0,1.0,1.0
2021-09-01 08:00:00+00:00,True,109.175,117.0,109.155,116.657,0.0,1.0,1.0
2021-09-01 12:00:00+00:00,True,116.68,119.68,113.213,117.926,0.0,1.0,1.0
2021-09-01 16:00:00+00:00,True,117.952,118.889,113.961,114.575,0.0,1.0,1.0
2021-09-01 20:00:00+00:00,True,114.574,114.959,109.77,109.898,0.0,1.0,1.0
2021-09-02 00:00:00+00:00,True,109.909,114.55,109.203,113.754,0.0,1.0,1.0
2021-09-02 04:00:00+00:00,True,113.685,117.287,112.858,115.015,0.0,1.0,1.0
2021-09-02 08:00:00+00:00,True,114.923,117.99,114.519,115.242,0.0,1.0,1.0
2021-09-02 12:00:00+00:00,True,115.219,123.667,114.545,121.483,0.0,1.0,1.0
2021-09-02 16:00:00+00:00,True,121.43,129.0,120.417,126.5,0.0,1.0,1.0
2021-09-02 20:00:00+00:00,True,126.501,132.162,125.3,129.902,0.0,1.0,1.0
2021-09-03 00:00:00+00:00,True,129.958,137.237,128.82,134.019,0.0,1.0,1.0
2021-09-03 04:00:00+00:00,True,133.956,146.377,133.401,144.095,0.0,1.0,1.0
2021-09-03 08:00:00+00:00,True,144.095,145.206,136.105,138.451,0.0,1.0,1.0
2021-09-03 12:00:00+00:00,True,138.45,143.5,137.9,139.873,0.0,1.0,1.0
2021-09-03 16:00:00+00:00,True,139.831,144.198,138.426,143.94,0.0,1.0,1.0
2021-09-03 20:00:00+00:00,True,143.928,149.062,141.616,145.36,0.0,1.0,1.0
2021-09-04 00:00:00+00:00,True,145.332,150.721,145.174,149.199,0.0,1.0,1.0
2021-09-04 04:00:00+00:00,True,149.199,149.859,145.0,146.41,0.0,1.0,1.0
2021-09-04 08:00:00+00:00,True,146.47,147.775,140.578,142.433,0.0,1.0,1.0
2021-09-04 12:00:00+00:00,True,142.418,144.49,139.411,141.87,0.0,1.0,1.0
2021-09-04 16:00:00+00:00,True,141.87,143.067,135.681,141.0,0.0,1.0,1.0
2021-09-04 20:00:00+00:00,True,141.009,142.25,138.92,139.292,0.0,1.0,1.0
2021-09-05 00:00:00+00:00,True,139.297,145.258,137.918,141.278,0.0,1.0,1.0
2021-09-05 04:00:00+00:00,True,141.276,142.162,138.882,139.537,0.0,1.0,1.0
2021-09-05 08:00:00+00:00,True,139.52,141.996,139.312,140.094,0.0,1.0,1.0
2021-09-05 12:00:00+00:00,True,140.039,140.37,135.011,136.0,0.0,1.0,1.0
2021-09-05 16:00:00+00:00,True,135.999,138.9,135.281,137.701,0.0,1.0,1.0
2021-09-05 20:00:00+00:00,True,137.795,144.837,136.9,142.074,0.0,1.0,1.0
2021-09-06 00:00:00+00:00,True,142.072,143.595,139.425,140.724,0.0,1.0,1.0
2021-09-06 04:00:00+00:00,True,140.735,147.0,140.101,146.1,0.0,1.0,1.0
2021-09-06 08:00:00+00:00,True,146.101,146.443,137.512,138.121,0.0,1.0,1.0
2021-09-06 12:00:00+00:00,True,138.143,155.0,137.972,153.783,0.0,1.0,1.0
2021-09-06 16:00:00+00:00,True,153.783,164.82,152.491,161.962,0.0,1.0,1.0
2021-09-06 20:00:00+00:00,True,161.919,166.206,159.862,163.381,0.0,1.0,1.0
2021-09-07 00:00:00+00:00,True,163.433,175.5,162.218,174.491,0.0,1.0,1.0
2021-09-07 04:00:00+00:00,True,174.481,195.7,174.252,186.139,0.0,1.0,1.0
2021-09-07 08:00:00+00:00,True,186.081,189.948,174.682,184.979,0.0,1.0,1.0
2021-09-07 12:00:00+00:00,True,184.98,185.836,134.242,166.968,0.0,1.0,1.0
2021-09-07 16:00:00+00:00,True,167.253,200.0,161.75,175.453,0.0,1.0,1.0
2021-09-07 20:00:00+00:00,True,175.301,179.99,160.5,171.032,0.0,1.0,1.0
2021-09-08 00:00:00+00:00,True,171.053,180.0,167.175,172.158,0.0,1.0,1.0
2021-09-08 04:00:00+00:00,True,172.158,174.985,152.033,153.01,0.0,1.0,1.0
2021-09-08 08:00:00+00:00,True,152.967,166.638,146.69,161.227,0.0,1.0,1.0
2021-09-08 12:00:00+00:00,True,161.203,168.0,152.163,164.847,0.0,1.0,1.0
2021-09-08 16:00:00+00:00,True,164.997,198.0,164.145,187.481,0.0,1.0,1.0
2021-09-08 20:00:00+00:00,True,187.479,197.4,182.753,192.975,0.0,1.0,1.0
2021-09-09 00:00:00+00:00,True,192.897,216.47,188.914,209.696,0.0,1.0,1.0
2021-09-09 04:00:00+00:00,True,209.696,214.596,201.57,206.208,0.0,1.0,1.0
2021-09-09 08:00:00+00:00,True,206.208,213.821,205.149,207.836,0.0,1.0,1.0
2021-09-09 12:00:00+00:00,True,207.86,208.672,193.67,201.01,0.0,1.0,1.0
2021-09-09 16:00:00+00:00,True,201.012,202.818,180.901,186.911,0.0,1.0,1.0
2021-09-09 20:00:00+00:00,True,186.891,199.568,183.7,187.761,0.0,1.0,1.0
2021-09-10 00:00:00+00:00,True,187.678,197.489,182.641,192.802,0.0,1.0,1.0
2021-09-10 04:00:00+00:00,True,192.7,194.148,181.2,183.0,0.0,1.0,1.0
2021-09-10 08:00:00+00:00,True,183.0,185.756,175.171,183.116,0.0,1.0,1.0
2021-09-10 12:00:00+00:00,True,183.116,184.003,167.808,177.556,0.0,1.0,1.0
2021-09-10 16:00:00+00:00,True,177.712,183.929,171.379,182.908,0.0,1.0,1.0
2021-09-10 20:00:00+00:00,True,182.85,184.078,170.5,180.079,0.0,1.0,1.0
2021-09-11 00:00:00+00:00,True,180.023,193.775,177.09,182.529,0.0,1.0,1.0
2021-09-11 04:00:00+00:00,False,182.522,183.574,175.3,177.145,0.0,1.0,1.0
2021-09-11 08:00:00+00:00,False,177.218,187.356,175.917,181.945,0.0,1.0,1.0
2021-09-11 12:00:00+00:00,False,182.006,191.537,180.326,186.641,0.0,1.0,1.0
2021-09-11 16:00:00+00:00,False,186.649,189.559,180.0,180.061,0.0,1.0,1.0
2021-09-11 20:00:00+00:00,False,180.056,184.23,175.727,177.773,0.0,1.0,1.0
2021-09-12 00:00:00+00:00,False,177.785,180.701,173.065,179.365,0.0,1.0,1.0
2021-09-12 04:00:00+00:00,False,179.349,180.1,174.757,178.857,0.0,1.0,1.0
2021-09-12 08:00:00+00:00,False,178.918,181.675,177.462,179.588,0.0,1.0,1.0
2021-09-12 12:00:00+00:00,False,179.638,180.428,176.292,179.659,0.0,1.0,1.0
2021-09-12 16:00:00+00:00,False,179.692,179.692,174.142,177.586,0.0,1.0,1.0
2021-09-12 20:00:00+00:00,False,177.599,179.99,170.175,173.455,0.0,1.0,1.0
2021-09-13 00:00:00+00:00,False,173.489,174.141,154.168,156.966,0.0,1.0,1.0
2021-09-13 04:00:00+00:00,False,156.988,163.308,151.151,152.493,0.0,1.0,1.0
2021-09-13 08:00:00+00:00,False,152.48,161.334,150.331,160.937,0.0,1.0,1.0
2021-09-13 12:00:00+00:00,False,161.008,167.8,151.0,156.665,0.0,1.0,1.0
2021-09-13 16:00:00+00:00,False,156.65,166.099,154.182,165.274,0.0,1.0,1.0
2021-09-13 20:00:00+00:00,False,165.302,175.153,164.686,168.389,0.0,1.0,1.0
2021-09-14 00:00:00+00:00,False,168.334,171.95,163.651,167.75,0.0,1.0,1.0
2021-09-14 04:00:00+00:00,False,167.628,168.15,163.312,165.162,0.0,1.0,1.0
2021-09-14 08:00:00+00:00,False,165.202,171.466,163.676,165.507,0.0,1.0,1.0
2021-09-14 12:00:00+00:00,False,165.507,165.881,155.0,158.398,0.0,1.0,1.0
2021-09-14 16:00:00+00:00,False,158.416,159.999,150.33,154.302,0.0,1.0,1.0
2021-09-14 20:00:00+00:00,False,154.257,159.751,142.0,157.491,0.0,1.0,1.0
2021-09-15 00:00:00+00:00,False,157.425,163.878,154.816,155.159,0.0,1.0,1.0
2021-09-15 04:00:00+00:00,False,155.076,166.386,153.75,161.534,0.0,1.0,1.0
2021-09-15 08:00:00+00:00,False,161.573,164.154,156.019,158.632,0.0,1.0,1.0
2021-09-15 12:00:00+00:00,False,158.599,162.444,154.66,161.118,0.0,1.0,1.0
2021-09-15 16:00:00+00:00,False,161.129,164.55,159.827,160.812,0.0,1.0,1.0
2021-09-15 20:00:00+00:00,False,160.814,161.158,155.266,158.772,0.0,1.0,1.0
2021-09-16 00:00:00+00:00,False,158.777,158.891,152.0,155.177,0.0,1.0,1.0
2021-09-16 04:00:00+00:00,False,155.107,162.95,155.107,160.083,0.0,1.0,1.0
2021-09-16 08:00:00+00:00,False,160.128,161.581,157.326,157.833,0.0,1.0,1.0
2021-09-16 12:00:00+00:00,False,157.795,159.329,153.063,155.419,0.0,1.0,1.0
2021-09-16 16:00:00+00:00,False,155.47,159.594,150.65,152.354,0.0,1.0,1.0
2021-09-16 20:00:00+00:00,False,152.303,152.6,147.254,151.791,0.0,1.0,1.0
2021-09-17 00:00:00+00:00,False,151.711,153.341,146.0,147.807,0.0,1.0,1.0
2021-09-17 04:00:00+00:00,False,147.807,150.04,142.25,143.774,0.0,1.0,1.0
2021-09-17 08:00:00+00:00,False,143.826,145.408,134.1,138.36,0.0,1.0,1.0
2021-09-17 12:00:00+00:00,False,138.355,146.192,137.03,143.662,0.0,1.0,1.0
2021-09-17 16:00:00+00:00,False,143.685,145.984,138.635,144.327,0.0,1.0,1.0
2021-09-17 20:00:00+00:00,False,144.324,149.0,140.5,146.801,0.0,1.0,1.0
2021-09-18 00:00:00+00:00,False,146.822,149.114,144.2,144.372,0.0,1.0,1.0
2021-09-18 04:00:00+00:00,False,144.441,159.18,144.441,159.112,0.0,1.0,1.0
2021-09-18 08:00:00+00:00,False,159.136,164.826,157.19,160.594,0.0,1.0,1.0
2021-09-18 12:00:00+00:00,False,160.605,164.689,160.254,164.115,0.0,1.0,1.0
2021-09-18 16:00:00+00:00,False,164.127,165.503,161.1,161.101,0.0,1.0,1.0
2021-09-18 20:00:00+00:00,False,161.187,171.726,157.67,169.595,0.0,1.0,1.0
2021-09-19 00:00:00+00:00,False,169.55,171.06,162.063,164.534,0.0,1.0,1.0
2021-09-19 04:00:00+00:00,False,164.543,165.024,159.9,160.854,0.0,1.0,1.0
2021-09-19 08:00:00+00:00,False,160.841,163.593,155.015,157.008,0.0,1.0,1.0
2021-09-19 12:00:00+00:00,False,157.019,162.259,156.158,159.333,0.0,1.0,1.0
2021-09-19 16:00:00+00:00,False,159.296,159.407,153.089,154.867,0.0,1.0,1.0
2021-09-19 20:00:00+00:00,False,154.867,156.774,150.66,152.519,0.0,1.0,1.0
2021-09-20 00:00:00+00:00,False,152.552,152.613,142.214,144.454,0.0,1.0,1.0
2021-09-20 04:00:00+00:00,False,144.42,146.518,137.0,139.956,0.0,1.0,1.0
2021-09-20 08:00:00+00:00,False,139.939,143.847,135.0,138.856,0.0,1.0,1.0
2021-09-20 12:00:00+00:00,False,138.845,147.461,130.275,142.95,0.0,1.0,1.0
2021-09-20 16:00:00+00:00,False,142.971,146.125,133.031,138.879,0.0,1.0,1.0
2021-09-20 20:00:00+00:00,False,138.879,142.427,131.358,131.606,0.0,1.0,1.0
2021-09-21 00:00:00+00:00,False,131.608,141.78,125.0,137.6,0.0,1.0,1.0
2021-09-21 04:00:00+00:00,False,137.601,143.908,133.573,143.773,0.0,1.0,1.0
2021-09-21 08:00:00+00:00,False,143.755,144.653,140.309,141.875,0.0,1.0,1.0
2021-09-21 12:00:00+00:00,False,141.841,143.423,135.531,138.012,0.0,1.0,1.0
2021-09-21 16:00:00+00:00,False,138.009,138.634,126.72,128.285,0.0,1.0,1.0
2021-09-21 20:00:00+00:00,False,128.319,128.861,116.0,125.487,0.0,1.0,1.0
2021-09-22 00:00:00+00:00,False,125.442,132.313,122.105,129.009,0.0,1.0,1.0
2021-09-22 04:00:00+00:00,False,129.01,134.168,126.703,133.128,0.0,1.0,1.0
2021-09-22 08:00:00+00:00,False,133.201,133.85,127.7,128.508,0.0,1.0,1.0
2021-09-22 12:00:00+00:00,False,128.518,142.707,128.107,140.999,0.0,1.0,1.0
2021-09-22 16:00:00+00:00,False,140.89,152.408,140.343,146.093,0.0,1.0,1.0
2021-09-22 20:00:00+00:00,False,146.152,150.134,143.773,147.99,0.0,1.0,1.0
2021-09-23 00:00:00+00:00,False,147.955,151.74,144.705,149.248,0.0,1.0,1.0
2021-09-23 04:00:00+00:00,False,149.2,152.477,145.813,152.348,0.0,1.0,1.0
2021-09-23 08:00:00+00:00,False,152.307,152.427,143.021,144.175,0.0,1.0,1.0
2021-09-23 12:00:00+00:00,False,144.163,150.99,143.613,146.644,0.0,1.0,1.0
2021-09-23 16:00:00+00:00,False,146.645,152.113,144.741,148.958,0.0,1.0,1.0
2021-09-23 20:00:00+00:00,False,149.024,151.049,146.316,150.139,0.0,1.0,1.0
2021-09-24 00:00:00+00:00,False,150.152,151.421,144.2,145.299,0.0,1.0,1.0
2021-09-24 04:00:00+00:00,True,145.292,146.342,141.0,145.122,0.0,1.0,1.0
2021-09-24 08:00:00+00:00,False,145.158,146.44,128.0,133.32,0.0,1.0,0.0
2021-09-24 12:00:00+00:00,False,133.336,141.33,131.003,138.825,0.0,1.0,0.0
2021-09-24 16:00:00+00:00,False,138.816,139.8,136.442,138.472,0.0,1.0,0.0
2021-09-24 20:00:00+00:00,False,138.466,144.368,138.212,138.746,0.0,1.0,0.0
2021-09-25 00:00:00+00:00,False,138.747,142.363,136.772,140.18,0.0,1.0,0.0
2021-09-25 04:00:00+00:00,False,140.155,144.09,139.831,140.659,0.0,1.0,0.0
2021-09-25 08:00:00+00:00,False,140.698,142.293,135.5,139.622,0.0,1.0,0.0
2021-09-25 12:00:00+00:00,False,139.573,140.833,136.455,137.449,0.0,1.0,0.0
2021-09-25 16:00:00+00:00,False,137.428,139.3,135.8,136.952,0.0,1.0,0.0
2021-09-25 20:00:00+00:00,False,137.128,137.584,133.554,136.193,0.0,1.0,0.0
2021-09-26 00:00:00+00:00,False,136.223,136.379,128.4,130.218,0.0,1.0,0.0
2021-09-26 04:00:00+00:00,False,130.246,132.076,125.0,128.152,0.0,1.0,0.0
2021-09-26 08:00:00+00:00,False,128.233,137.45,125.914,136.086,0.0,1.0,0.0
2021-09-26 12:00:00+00:00,False,136.068,140.888,134.722,139.595,0.0,1.0,0.0
2021-09-26 16:00:00+00:00,False,139.564,140.625,135.272,136.64,0.0,1.0,0.0
2021-09-26 20:00:00+00:00,False,136.676,139.478,133.352,135.951,0.0,1.0,0.0
2021-09-27 00:00:00+00:00,False,135.951,143.249,133.75,139.76,0.0,1.0,0.0
2021-09-27 04:00:00+00:00,False,139.763,142.599,137.695,138.561,0.0,1.0,0.0
2021-09-27 08:00:00+00:00,False,138.514,149.0,137.947,145.9,0.0,1.0,0.0
2021-09-27 12:00:00+00:00,False,145.899,148.0,143.3,144.968,0.0,1.0,0.0
2021-09-27 16:00:00+00:00,True,144.985,145.287,140.519,141.467,0.0,1.0,0.0
2021-09-27 20:00:00+00:00,True,141.505,142.702,135.33,136.043,0.0,1.0,0.0
2021-09-28 00:00:00+00:00,True,136.043,138.727,135.141,138.297,0.0,1.0,0.0
2021-09-28 04:00:00+00:00,True,138.314,139.484,132.412,133.972,0.0,1.0,0.0
2021-09-28 08:00:00+00:00,True,133.972,136.389,132.9,135.447,0.0,1.0,0.0
2021-09-28 12:00:00+00:00,False,135.568,136.387,130.164,130.905,0.0,1.0,0.0
2021-09-28 16:00:00+00:00,False,130.929,132.182,128.167,131.971,0.0,1.0,0.0
2021-09-28 20:00:00+00:00,False,131.945,134.623,130.158,134.116,0.0,1.0,0.0
2021-09-29 00:00:00+00:00,False,134.047,139.3,132.793,138.878,0.0,1.0,0.0
2021-09-29 04:00:00+00:00,False,138.976,140.098,137.889,139.12,0.0,1.0,0.0
2021-09-29 08:00:00+00:00,False,139.143,140.156,136.888,139.523,0.0,1.0,0.0
2021-09-29 12:00:00+00:00,False,139.5,139.797,134.786,136.002,0.0,1.0,0.0
2021-09-29 16:00:00+00:00,False,136.033,136.311,131.61,132.126,0.0,1.0,0.0
2021-09-29 20:00:00+00:00,False,132.16,135.79,131.101,135.304,0.0,1.0,0.0
2021-09-30 00:00:00+00:00,True,135.305,141.32,134.848,140.615,0.0,1.0,0.0
2021-09-30 04:00:00+00:00,True,140.652,140.888,136.801,137.255,0.0,1.0,0.0
2021-09-30 08:00:00+00:00,True,137.255,139.023,134.069,137.031,0.0,1.0,0.0
2021-09-30 12:00:00+00:00,True,137.063,139.58,136.88,138.508,0.0,1.0,0.0
2021-09-30 16:00:00+00:00,True,138.497,142.951,136.167,140.6,0.0,1.0,0.0
2021-09-30 20:00:00+00:00,True,140.503,142.25,138.019,142.133,0.0,1.0,0.0
2021-10-01 00:00:00+00:00,True,142.142,144.98,138.242,139.445,0.0,1.0,0.0
2021-10-01 04:00:00+00:00,True,139.502,143.827,139.193,142.703,0.0,1.0,0.0
2021-10-01 08:00:00+00:00,True,142.712,156.247,142.531,153.829,0.0,1.0,0.0
2021-10-01 12:00:00+00:00,True,153.82,159.394,149.469,157.27,0.0,1.0,0.0
2021-10-01 16:00:00+00:00,True,157.33,165.0,155.473,161.496,0.0,1.0,0.0
2021-10-01 20:00:00+00:00,True,161.485,163.331,156.861,161.351,0.0,1.0,0.0
2021-10-02 00:00:00+00:00,True,161.298,161.5,156.24,156.856,0.0,1.0,0.0
2021-10-02 04:00:00+00:00,True,156.883,160.357,156.42,158.393,0.0,1.0,0.0
2021-10-02 08:00:00+00:00,True,158.388,159.683,156.671,159.5,0.0,1.0,0.0
2021-10-02 12:00:00+00:00,True,159.469,172.324,158.763,171.667,0.0,1.0,0.0
2021-10-02 16:00:00+00:00,True,171.759,175.108,171.186,174.043,0.0,1.0,0.0
2021-10-02 20:00:00+00:00,True,174.036,174.492,166.054,170.582,0.0,1.0,0.0
2021-10-03 00:00:00+00:00,True,170.529,171.762,165.537,170.187,0.0,1.0,0.0
2021-10-03 04:00:00+00:00,True,170.282,173.993,168.93,172.14,0.0,1.0,0.0
2021-10-03 08:00:00+00:00,True,172.085,173.447,168.84,170.951,0.0,1.0,0.0
2021-10-03 12:00:00+00:00,True,170.95,177.935,170.798,173.501,0.0,1.0,0.0
2021-10-03 16:00:00+00:00,True,173.5,177.2,172.181,175.993,0.0,1.0,0.0
2021-10-03 20:00:00+00:00,True,175.986,176.013,167.801,172.387,0.0,1.0,0.0
2021-10-04 00:00:00+00:00,True,172.387,173.0,166.0,166.121,0.0,1.0,0.0
2021-10-04 04:00:00+00:00,True,166.076,170.179,164.003,169.431,0.0,1.0,0.0
2021-10-04 08:00:00+00:00,True,169.447,169.735,164.923,165.22,0.0,1.0,0.0
2021-10-04 12:00:00+00:00,True,165.234,172.7,162.102,166.103,0.0,1.0,0.0
2021-10-04 16:00:00+00:00,True,166.137,172.413,166.137,168.359,0.0,1.0,0.0
2021-10-04 20:00:00+00:00,True,168.359,168.856,165.423,166.0,0.0,1.0,0.0
2021-10-05 00:00:00+00:00,True,166.056,170.25,164.215,166.221,0.0,1.0,0.0
2021-10-05 04:00:00+00:00,True,166.215,167.95,165.249,166.178,0.0,1.0,0.0
2021-10-05 08:00:00+00:00,True,166.12,170.0,165.427,168.072,0.0,1.0,0.0
2021-10-05 12:00:00+00:00,True,168.075,169.79,162.0,162.484,0.0,1.0,0.0
2021-10-05 16:00:00+00:00,True,162.583,163.799,160.0,163.133,0.0,1.0,0.0
2021-10-05 20:00:00+00:00,True,163.148,167.146,163.064,164.396,0.0,1.0,0.0
2021-10-06 00:00:00+00:00,True,164.371,165.527,157.914,158.521,0.0,1.0,0.0
2021-10-06 04:00:00+00:00,True,158.537,159.842,154.12,155.462,0.0,1.0,0.0
2021-10-06 08:00:00+00:00,True,155.476,155.728,150.29,153.125,0.0,1.0,0.0
2021-10-06 12:00:00+00:00,False,153.199,162.9,152.116,160.223,0.0,1.0,1.0
2021-10-06 16:00:00+00:00,False,160.209,161.7,157.731,158.962,0.0,1.0,1.0
2021-10-06 20:00:00+00:00,False,158.953,159.098,152.604,154.105,0.0,1.0,1.0
2021-10-07 00:00:00+00:00,False,154.105,155.079,150.35,152.516,0.0,1.0,1.0
2021-10-07 04:00:00+00:00,False,152.524,159.95,152.292,159.647,0.0,1.0,1.0
2021-10-07 08:00:00+00:00,False,159.678,160.209,154.267,157.999,0.0,1.0,1.0
2021-10-07 12:00:00+00:00,False,158.021,161.5,153.736,155.022,0.0,1.0,1.0
2021-10-07 16:00:00+00:00,False,154.999,157.238,153.6,156.746,0.0,1.0,1.0
2021-10-07 20:00:00+00:00,False,156.745,159.0,153.14,154.663,0.0,1.0,1.0
2021-10-08 00:00:00+00:00,False,154.656,157.152,152.645,154.0,0.0,1.0,1.0
2021-10-08 04:00:00+00:00,False,154.0,159.967,152.368,158.978,0.0,1.0,1.0
2021-10-08 08:00:00+00:00,False,158.973,166.661,157.888,163.185,0.0,1.0,1.0
2021-10-08 12:00:00+00:00,False,163.235,169.0,160.158,165.847,0.0,1.0,1.0
2021-10-08 16:00:00+00:00,False,165.876,168.137,162.049,162.077,0.0,1.0,1.0
2021-10-08 20:00:00+00:00,False,162.107,162.972,157.19,158.496,0.0,1.0,1.0
2021-10-09 00:00:00+00:00,False,158.384,160.551,156.166,160.353,0.0,1.0,1.0
2021-10-09 04:00:00+00:00,False,160.328,161.581,158.583,158.967,0.0,1.0,1.0
2021-10-09 08:00:00+00:00,False,158.988,160.504,157.493,159.07,0.0,1.0,1.0
2021-10-09 12:00:00+00:00,False,159.111,160.249,157.123,158.111,0.0,1.0,1.0
2021-10-09 16:00:00+00:00,False,158.121,158.42,155.064,155.174,0.0,1.0,1.0
2021-10-09 20:00:00+00:00,False,155.182,157.836,154.23,156.13,0.0,1.0,1.0
2021-10-10 00:00:00+00:00,False,156.158,156.648,152.551,155.278,0.0,1.0,1.0
2021-10-10 04:00:00+00:00,False,155.333,157.0,154.546,154.546,0.0,1.0,1.0
2021-10-10 08:00:00+00:00,False,154.568,158.554,154.012,154.597,0.0,1.0,1.0
2021-10-10 12:00:00+00:00,False,154.594,154.945,153.0,154.441,0.0,1.0,1.0
2021-10-10 16:00:00+00:00,False,154.462,154.543,152.051,153.707,0.0,1.0,1.0
2021-10-10 20:00:00+00:00,False,153.739,154.73,145.51,146.251,0.0,1.0,1.0
2021-10-11 00:00:00+00:00,False,146.235,152.873,146.235,152.624,0.0,1.0,1.0
2021-10-11 04:00:00+00:00,False,152.683,152.969,150.384,152.671,0.0,1.0,1.0
2021-10-11 08:00:00+00:00,False,152.616,154.0,147.216,149.003,0.0,1.0,1.0
2021-10-11 12:00:00+00:00,False,148.941,150.06,146.812,147.844,0.0,1.0,1.0
2021-10-11 16:00:00+00:00,False,147.859,148.084,141.141,142.1,0.0,1.0,1.0
2021-10-11 20:00:00+00:00,False,142.138,145.492,140.175,145.037,0.0,1.0,1.0
2021-10-12 00:00:00+00:00,False,145.036,145.901,140.806,143.215,0.0,1.0,1.0
2021-10-12 04:00:00+00:00,False,143.214,145.597,141.288,143.091,0.0,1.0,1.0
2021-10-12 08:00:00+00:00,False,143.08,145.265,140.27,141.851,0.0,1.0,1.0
2021-10-12 12:00:00+00:00,False,141.853,145.262,137.66,144.293,0.0,1.0,1.0
2021-10-12 16:00:00+00:00,False,144.284,153.626,142.935,151.211,0.0,1.0,1.0
2021-10-12 20:00:00+00:00,False,151.189,153.238,148.006,151.228,0.0,1.0,1.0
2021-10-13 00:00:00+00:00,False,151.229,155.549,148.414,148.624,0.0,1.0,1.0
2021-10-13 04:00:00+00:00,False,148.599,150.417,144.584,145.756,0.0,1.0,1.0
2021-10-13 08:00:00+00:00,False,145.796,147.644,145.4,146.95,0.0,1.0,1.0
2021-10-13 12:00:00+00:00,False,146.992,147.456,144.344,145.986,0.0,1.0,1.0
2021-10-13 16:00:00+00:00,False,145.985,147.866,144.591,144.837,0.0,1.0,1.0
2021-10-13 20:00:00+00:00,False,144.883,149.293,144.769,148.637,0.0,1.0,1.0
2021-10-14 00:00:00+00:00,False,148.672,150.978,147.318,149.813,0.0,1.0,1.0
2021-10-14 04:00:00+00:00,False,149.802,152.141,148.524,150.534,0.0,1.0,1.0
2021-10-14 08:00:00+00:00,False,150.485,154.155,149.883,153.453,0.0,1.0,1.0
2021-10-14 12:00:00+00:00,False,153.452,155.65,152.284,153.224,0.0,1.0,1.0
2021-10-14 16:00:00+00:00,False,153.221,153.284,148.61,150.171,0.0,1.0,1.0
2021-10-14 20:00:00+00:00,False,150.172,151.504,148.963,149.444,0.0,1.0,1.0
2021-10-15 00:00:00+00:00,False,149.446,154.271,146.75,153.872,0.0,1.0,1.0
2021-10-15 04:00:00+00:00,True,153.922,164.041,152.621,163.311,0.0,1.0,1.0
2021-10-15 08:00:00+00:00,True,163.236,165.268,157.0,157.268,0.0,1.0,1.0
2021-10-15 12:00:00+00:00,True,157.291,163.221,157.291,159.69,0.0,1.0,1.0
2021-10-15 16:00:00+00:00,True,159.682,163.015,158.75,159.941,0.0,1.0,1.0
2021-10-15 20:00:00+00:00,True,159.942,164.297,159.074,161.841,0.0,1.0,1.0
2021-10-16 00:00:00+00:00,True,161.857,162.403,158.2,158.4,0.0,1.0,1.0
2021-10-16 04:00:00+00:00,True,158.442,159.697,157.577,158.112,0.0,1.0,1.0
2021-10-16 08:00:00+00:00,True,158.104,164.766,158.042,162.386,0.0,1.0,1.0
2021-10-16 12:00:00+00:00,True,162.394,162.907,158.8,159.45,0.0,1.0,1.0
2021-10-16 16:00:00+00:00,True,159.45,160.121,158.1,158.408,0.0,1.0,1.0
2021-10-16 20:00:00+00:00,True,158.409,158.833,156.578,157.165,0.0,1.0,1.0
2021-10-17 00:00:00+00:00,True,157.227,163.935,156.777,163.759,0.0,1.0,1.0
2021-10-17 04:00:00+00:00,True,163.803,165.0,160.651,162.377,0.0,1.0,1.0
2021-10-17 08:00:00+00:00,True,162.333,167.5,162.333,164.086,0.0,1.0,1.0
2021-10-17 12:00:00+00:00,True,164.068,165.484,160.036,161.426,0.0,1.0,1.0
2021-10-17 16:00:00+00:00,True,161.464,161.756,157.345,157.655,0.0,1.0,1.0
2021-10-17 20:00:00+00:00,True,157.738,161.193,153.2,160.495,0.0,1.0,1.0
2021-10-18 00:00:00+00:00,True,160.476,162.952,159.16,159.589,0.0,1.0,1.0
2021-10-18 04:00:00+00:00,True,159.551,161.465,158.641,159.17,0.0,1.0,1.0
2021-10-18 08:00:00+00:00,True,159.194,159.896,156.0,156.847,0.0,1.0,1.0
2021-10-18 12:00:00+00:00,True,156.807,159.748,155.6,156.951,0.0,1.0,1.0
2021-10-18 16:00:00+00:00,True,156.932,157.913,155.0,156.527,0.0,1.0,1.0
2021-10-18 20:00:00+00:00,True,156.461,158.233,155.566,156.532,0.0,1.0,1.0
2021-10-19 00:00:00+00:00,True,156.526,158.938,156.07,158.635,0.0,1.0,1.0
2021-10-19 04:00:00+00:00,True,158.656,159.4,156.712,157.863,0.0,1.0,1.0
2021-10-19 08:00:00+00:00,True,157.891,157.912,156.1,157.033,0.0,1.0,1.0
2021-10-19 12:00:00+00:00,True,157.019,157.99,154.863,155.58,0.0,1.0,1.0
2021-10-19 16:00:00+00:00,False,155.62,156.573,153.55,153.978,0.0,1.0,0.0
2021-10-19 20:00:00+00:00,False,153.974,157.295,153.183,156.133,0.0,1.0,0.0
2021-10-20 00:00:00+00:00,False,156.132,157.528,155.662,155.7,0.0,1.0,0.0
2021-10-20 04:00:00+00:00,False,155.697,157.198,155.144,156.869,0.0,1.0,0.0
2021-10-20 08:00:00+00:00,False,156.857,160.514,155.95,159.692,0.0,1.0,0.0
2021-10-20 12:00:00+00:00,False,159.714,170.0,159.525,168.151,0.0,1.0,0.0
2021-10-20 16:00:00+00:00,True,168.126,174.961,166.897,173.215,0.0,1.0,0.0
2021-10-20 20:00:00+00:00,True,173.229,179.93,170.0,179.854,0.0,1.0,0.0
2021-10-21 00:00:00+00:00,True,179.827,190.0,178.592,183.832,0.0,1.0,0.0
2021-10-21 04:00:00+00:00,True,183.832,188.973,179.999,187.504,0.0,1.0,0.0
2021-10-21 08:00:00+00:00,True,187.53,194.415,181.6,188.159,0.0,1.0,0.0
2021-10-21 12:00:00+00:00,True,188.111,191.166,178.0,184.091,0.0,1.0,0.0
2021-10-21 16:00:00+00:00,True,184.072,188.543,180.489,183.645,0.0,1.0,0.0
2021-10-21 20:00:00+00:00,True,183.657,192.07,182.75,191.801,0.0,1.0,0.0
2021-10-22 00:00:00+00:00,True,191.801,205.281,188.025,202.921,0.0,1.0,0.0
2021-10-22 04:00:00+00:00,True,202.825,208.233,200.327,202.205,0.0,1.0,0.0
2021-10-22 08:00:00+00:00,True,202.171,206.047,201.201,203.345,0.0,1.0,0.0
2021-10-22 12:00:00+00:00,True,203.368,215.0,201.887,206.983,0.0,1.0,0.0
2021-10-22 16:00:00+00:00,True,207.091,211.0,195.3,197.269,0.0,1.0,0.0
2021-10-22 20:00:00+00:00,True,197.245,199.865,191.726,196.104,0.0,1.0,0.0
2021-10-23 00:00:00+00:00,True,196.104,204.0,192.017,203.353,0.0,1.0,0.0
2021-10-23 04:00:00+00:00,True,203.336,205.719,198.558,202.705,0.0,1.0,0.0
2021-10-23 08:00:00+00:00,True,202.674,203.124,196.89,201.574,0.0,1.0,0.0
2021-10-23 12:00:00+00:00,True,201.693,202.675,196.759,198.705,0.0,1.0,0.0
2021-10-23 16:00:00+00:00,True,198.717,201.689,192.78,194.44,0.0,1.0,0.0
2021-10-23 20:00:00+00:00,True,194.374,199.0,193.835,198.562,0.0,1.0,0.0
2021-10-24 00:00:00+00:00,True,198.563,200.183,195.736,195.976,0.0,1.0,0.0
2021-10-24 04:00:00+00:00,True,195.983,196.5,192.275,193.763,0.0,1.0,0.0
2021-10-24 08:00:00+00:00,True,193.75,196.36,188.28,189.469,0.0,1.0,0.0
2021-10-24 12:00:00+00:00,True,189.523,192.591,185.417,186.151,0.0,1.0,0.0
2021-10-24 16:00:00+00:00,True,186.151,192.064,185.313,191.115,0.0,1.0,0.0
2021-10-24 20:00:00+00:00,True,191.048,205.0,190.505,199.999,0.0,1.0,0.0
2021-10-25 00:00:00+00:00,True,200.012,203.952,198.127,202.079,0.0,1.0,0.0
2021-10-25 04:00:00+00:00,True,202.051,210.741,200.859,208.42,0.0,1.0,0.0
2021-10-25 08:00:00+00:00,True,208.533,212.69,205.564,207.656,0.0,1.0,0.0
2021-10-25 12:00:00+00:00,True,207.642,218.97,204.824,216.906,0.0,1.0,0.0
2021-10-25 16:00:00+00:00,True,216.936,217.835,209.93,210.001,0.0,1.0,0.0
2021-10-25 20:00:00+00:00,True,210.001,214.269,207.677,209.696,0.0,1.0,0.0
2021-10-26 00:00:00+00:00,True,209.786,214.163,207.545,208.922,0.0,1.0,0.0
2021-10-26 04:00:00+00:00,True,208.956,210.15,205.58,209.311,0.0,1.0,0.0
2021-10-26 08:00:00+00:00,True,209.33,211.696,207.28,208.208,0.0,1.0,0.0
2021-10-26 12:00:00+00:00,True,208.197,208.446,202.373,206.239,0.0,1.0,0.0
2021-10-26 16:00:00+00:00,True,206.31,209.688,204.131,207.091,0.0,1.0,0.0
2021-10-26 20:00:00+00:00,True,207.086,207.585,196.446,198.764,0.0,1.0,0.0
2021-10-27 00:00:00+00:00,True,198.772,204.851,198.1,202.124,0.0,1.0,0.0
2021-10-27 04:00:00+00:00,True,202.139,205.599,187.55,189.276,0.0,1.0,0.0
2021-10-27 08:00:00+00:00,False,189.173,196.143,179.761,191.458,0.0,1.0,1.0
2021-10-27 12:00:00+00:00,False,191.492,194.337,187.194,189.937,0.0,1.0,1.0
2021-10-27 16:00:00+00:00,False,189.963,192.313,184.731,190.998,0.0,1.0,1.0
2021-10-27 20:00:00+00:00,False,191.0,191.197,181.525,185.801,0.0,1.0,1.0
2021-10-28 00:00:00+00:00,False,185.726,190.476,181.75,187.737,0.0,1.0,1.0
2021-10-28 04:00:00+00:00,False,187.715,191.422,184.845,187.721,0.0,1.0,1.0
2021-10-28 08:00:00+00:00,False,187.718,199.32,187.688,196.258,0.0,1.0,1.0
2021-10-28 12:00:00+00:00,False,196.285,201.561,195.642,197.427,0.0,1.0,1.0
2021-10-28 16:00:00+00:00,False,197.51,200.235,191.5,200.11,0.0,1.0,1.0
2021-10-28 20:00:00+00:00,False,200.164,201.0,193.934,194.986,0.0,1.0,1.0
2021-10-29 00:00:00+00:00,False,195.07,205.307,195.03,201.538,0.0,1.0,1.0
2021-10-29 04:00:00+00:00,False,201.599,202.264,196.557,196.868,0.0,1.0,1.0
2021-10-29 08:00:00+00:00,False,196.864,199.725,195.59,195.779,0.0,1.0,1.0
2021-10-29 12:00:00+00:00,False,195.71,203.495,195.647,202.885,0.0,1.0,1.0
2021-10-29 16:00:00+00:00,False,202.832,204.98,199.694,200.455,0.0,1.0,1.0
2021-10-29 20:00:00+00:00,False,200.452,203.884,199.196,199.499,0.0,1.0,1.0
2021-10-30 00:00:00+00:00,False,199.515,200.687,196.511,197.24,0.0,1.0,1.0
2021-10-30 04:00:00+00:00,False,197.24,199.07,196.018,198.096,0.0,1.0,1.0
2021-10-30 08:00:00+00:00,False,198.107,198.29,195.17,197.09,0.0,1.0,1.0
2021-10-30 12:00:00+00:00,False,197.119,197.411,190.348,192.75,0.0,1.0,1.0
2021-10-30 16:00:00+00:00,False,192.761,194.845,191.145,194.465,0.0,1.0,1.0
2021-10-30 20:00:00+00:00,False,194.475,196.877,187.51,194.845,0.0,1.0,1.0
2021-10-31 00:00:00+00:00,False,194.841,197.064,191.232,191.572,0.0,1.0,1.0
2021-10-31 04:00:00+00:00,False,191.546,192.717,189.288,190.16,0.0,1.0,1.0
2021-10-31 08:00:00+00:00,False,190.084,190.485,185.9,187.068,0.0,1.0,1.0
2021-10-31 12:00:00+00:00,False,187.12,202.0,185.584,196.409,0.0,1.0,1.0
2021-10-31 16:00:00+00:00,False,196.409,198.809,193.211,195.181,0.0,1.0,1.0
2021-10-31 20:00:00+00:00,False,195.134,205.264,195.118,202.574,0.0,1.0,1.0
2021-11-01 00:00:00+00:00,False,202.669,210.203,198.161,198.375,0.0,1.0,1.0
2021-11-01 04:00:00+00:00,False,198.416,210.0,197.85,209.743,0.0,1.0,1.0
2021-11-01 08:00:00+00:00,False,209.703,211.687,204.242,206.167,0.0,1.0,1.0
2021-11-01 12:00:00+00:00,False,206.178,206.587,201.175,203.028,0.0,1.0,1.0
2021-11-01 16:00:00+00:00,False,202.96,205.5,198.919,205.439,0.0,1.0,1.0
2021-11-01 20:00:00+00:00,False,205.48,206.373,200.943,203.426,0.0,1.0,1.0
2021-11-02 00:00:00+00:00,False,203.425,204.997,201.024,203.924,0.0,1.0,1.0
2021-11-02 04:00:00+00:00,False,203.855,206.0,202.98,203.185,0.0,1.0,1.0
2021-11-02 08:00:00+00:00,False,203.128,208.193,202.637,205.486,0.0,1.0,1.0
2021-11-02 12:00:00+00:00,False,205.5,210.0,203.896,209.989,0.0,1.0,1.0
2021-11-02 16:00:00+00:00,True,209.998,217.896,206.769,215.985,0.0,1.0,1.0
2021-11-02 20:00:00+00:00,True,215.857,222.428,212.3,221.252,0.0,1.0,1.0
2021-11-03 00:00:00+00:00,True,221.227,232.0,216.003,228.243,0.0,1.0,1.0
2021-11-03 04:00:00+00:00,True,228.237,232.891,224.189,231.426,0.0,1.0,1.0
2021-11-03 08:00:00+00:00,True,231.413,235.236,227.122,232.053,0.0,1.0,1.0
2021-11-03 12:00:00+00:00,True,231.998,232.327,223.151,225.85,0.0,1.0,1.0
2021-11-03 16:00:00+00:00,True,225.882,238.252,221.075,236.449,0.0,1.0,1.0
2021-11-03 20:00:00+00:00,True,236.436,246.884,235.889,241.105,0.0,1.0,1.0
2021-11-04 00:00:00+00:00,True,241.106,247.98,238.135,239.632,0.0,1.0,1.0
2021-11-04 04:00:00+00:00,True,239.691,244.3,235.776,239.668,0.0,1.0,1.0
2021-11-04 08:00:00+00:00,True,239.654,244.251,237.09,240.854,0.0,1.0,1.0
2021-11-04 12:00:00+00:00,True,240.881,245.59,236.115,236.999,0.0,1.0,1.0
2021-11-04 16:00:00+00:00,True,236.961,242.943,234.421,239.333,0.0,1.0,1.0
2021-11-04 20:00:00+00:00,True,239.304,250.566,239.239,247.581,0.0,1.0,1.0
2021-11-05 00:00:00+00:00,True,247.58,248.3,240.869,244.333,0.0,1.0,1.0
2021-11-05 04:00:00+00:00,True,244.408,244.55,240.667,243.499,0.0,1.0,1.0
2021-11-05 08:00:00+00:00,True,243.404,244.02,236.37,237.334,0.0,1.0,1.0
2021-11-05 12:00:00+00:00,True,237.357,238.977,230.537,234.767,0.0,1.0,1.0
2021-11-05 16:00:00+00:00,True,234.764,239.0,232.648,235.245,0.0,1.0,1.0
2021-11-05 20:00:00+00:00,True,235.307,238.151,231.523,235.835,0.0,1.0,1.0
2021-11-06 00:00:00+00:00,True,235.884,242.294,235.016,240.457,0.0,1.0,1.0
2021-11-06 04:00:00+00:00,True,240.443,248.172,240.12,245.733,0.0,1.0,1.0
2021-11-06 08:00:00+00:00,True,245.683,252.946,240.205,241.942,0.0,1.0,1.0
2021-11-06 12:00:00+00:00,True,241.912,255.0,237.87,254.834,0.0,1.0,1.0
2021-11-06 16:00:00+00:00,True,254.711,255.69,248.36,254.966,0.0,1.0,1.0
2021-11-06 20:00:00+00:00,True,254.951,260.0,252.455,256.503,0.0,1.0,1.0
2021-11-07 00:00:00+00:00,True,256.464,257.369,251.496,254.832,0.0,1.0,1.0
2021-11-07 04:00:00+00:00,True,254.786,258.712,250.116,251.09,0.0,1.0,1.0
2021-11-07 08:00:00+00:00,True,251.033,254.71,250.397,253.602,0.0,1.0,1.0
2021-11-07 12:00:00+00:00,True,253.658,254.095,250.901,251.302,0.0,1.0,1.0
2021-11-07 16:00:00+00:00,True,251.353,251.979,245.8,248.535,0.0,1.0,1.0
2021-11-07 20:00:00+00:00,True,248.523,250.918,243.247,245.861,0.0,1.0,1.0
2021-11-08 00:00:00+00:00,True,245.84,249.597,240.583,247.828,0.0,1.0,1.0
2021-11-08 04:00:00+00:00,True,247.854,249.457,243.423,243.571,0.0,1.0,1.0
2021-11-08 08:00:00+00:00,True,243.589,246.221,242.686,245.125,0.0,1.0,1.0
2021-11-08 12:00:00+00:00,True,245.106,253.391,242.979,248.768,0.0,1.0,1.0
2021-11-08 16:00:00+00:00,True,248.768,250.19,242.9,245.54,0.0,1.0,1.0
2021-11-08 20:00:00+00:00,False,245.566,253.259,244.704,248.359,0.0,1.0,1.0
2021-11-09 00:00:00+00:00,False,248.413,250.052,245.209,245.404,0.0,1.0,1.0
2021-11-09 04:00:00+00:00,False,245.404,248.38,245.189,247.26,0.0,1.0,1.0
2021-11-09 08:00:00+00:00,False,247.228,249.123,243.67,244.594,0.0,1.0,1.0
2021-11-09 12:00:00+00:00,False,244.593,246.423,237.536,239.445,0.0,1.0,1.0
2021-11-09 16:00:00+00:00,False,239.444,243.5,238.326,241.858,0.0,1.0,1.0
2021-11-09 20:00:00+00:00,False,241.857,242.365,236.515,237.422,0.0,1.0,1.0
2021-11-10 00:00:00+00:00,False,237.42,241.192,235.405,237.605,0.0,1.0,1.0
2021-11-10 04:00:00+00:00,False,237.595,243.37,236.506,241.986,0.0,1.0,1.0
2021-11-10 08:00:00+00:00,False,241.884,243.935,236.452,237.201,0.0,1.0,1.0
2021-11-10 12:00:00+00:00,False,237.207,248.163,236.471,243.987,0.0,1.0,1.0
2021-11-10 16:00:00+00:00,False,243.997,245.0,226.302,232.551,0.0,1.0,1.0
2021-11-10 20:00:00+00:00,False,232.55,236.312,217.0,236.172,0.0,1.0,1.0
2021-11-11 00:00:00+00:00,False,236.18,241.144,234.443,240.667,0.0,1.0,1.0
2021-11-11 04:00:00+00:00,False,240.662,246.49,240.433,244.953,0.0,1.0,1.0
2021-11-11 08:00:00+00:00,False,244.984,245.003,237.334,240.199,0.0,1.0,1.0
2021-11-11 12:00:00+00:00,False,240.209,243.252,237.319,239.904,0.0,1.0,1.0
2021-11-11 16:00:00+00:00,False,239.845,240.163,235.129,235.436,0.0,1.0,1.0
2021-11-11 20:00:00+00:00,False,235.477,236.788,233.15,234.883,0.0,1.0,1.0
2021-11-12 00:00:00+00:00,False,234.884,239.0,230.111,233.572,0.0,1.0,1.0
2021-11-12 04:00:00+00:00,False,233.552,234.247,227.1,230.614,0.0,1.0,1.0
2021-11-12 08:00:00+00:00,False,230.615,230.842,224.029,229.207,0.0,1.0,1.0
2021-11-12 12:00:00+00:00,False,229.217,229.434,221.0,226.695,0.0,1.0,1.0
2021-11-12 16:00:00+00:00,False,226.678,232.689,225.679,231.753,0.0,1.0,1.0
2021-11-12 20:00:00+00:00,False,231.752,233.471,228.0,230.815,0.0,1.0,1.0
2021-11-13 00:00:00+00:00,False,230.837,231.068,224.919,226.001,0.0,1.0,1.0
2021-11-13 04:00:00+00:00,False,226.032,228.93,225.631,226.193,0.0,1.0,1.0
2021-11-13 08:00:00+00:00,False,226.185,228.847,225.089,228.804,0.0,1.0,1.0
2021-11-13 12:00:00+00:00,False,228.829,238.12,228.183,237.63,0.0,1.0,1.0
2021-11-13 16:00:00+00:00,False,237.63,241.0,234.4,239.713,0.0,1.0,1.0
2021-11-13 20:00:00+00:00,False,239.713,242.098,238.78,239.5,0.0,1.0,1.0
2021-11-14 00:00:00+00:00,False,239.5,240.061,236.566,237.215,0.0,1.0,1.0
2021-11-14 04:00:00+00:00,False,237.215,238.2,234.151,234.305,0.0,1.0,1.0
2021-11-14 08:00:00+00:00,False,234.328,237.5,233.732,237.056,0.0,1.0,1.0
2021-11-14 12:00:00+00:00,False,237.056,239.049,230.562,230.907,0.0,1.0,1.0
2021-11-14 16:00:00+00:00,False,230.831,237.347,230.481,236.368,0.0,1.0,1.0
2021-11-14 20:00:00+00:00,False,236.319,241.781,235.402,241.528,0.0,1.0,1.0
2021-11-15 00:00:00+00:00,False,241.527,244.73,239.004,243.41,0.0,1.0,1.0
2021-11-15 04:00:00+00:00,False,243.409,244.634,240.02,241.875,0.0,1.0,1.0
2021-11-15 08:00:00+00:00,False,241.886,246.115,241.257,245.764,0.0,1.0,1.0
2021-11-15 12:00:00+00:00,False,245.713,246.382,238.502,241.717,0.0,1.0,1.0
2021-11-15 16:00:00+00:00,False,241.685,242.358,234.316,236.039,0.0,1.0,1.0
2021-11-15 20:00:00+00:00,False,236.039,239.176,227.0,227.944,0.0,1.0,1.0
2021-11-16 00:00:00+00:00,False,227.948,233.355,224.294,229.332,0.0,1.0,1.0
2021-11-16 04:00:00+00:00,False,229.332,230.0,224.781,228.448,0.0,1.0,1.0
2021-11-16 08:00:00+00:00,False,228.422,228.513,214.469,221.595,0.0,1.0,1.0
2021-11-16 12:00:00+00:00,False,221.595,227.891,220.481,225.648,0.0,1.0,1.0
2021-11-16 16:00:00+00:00,False,225.588,227.056,217.006,222.124,0.0,1.0,1.0
2021-11-16 20:00:00+00:00,False,222.063,225.028,217.564,217.799,0.0,1.0,1.0
2021-11-17 00:00:00+00:00,False,217.719,220.68,210.873,214.277,0.0,1.0,1.0
2021-11-17 04:00:00+00:00,False,214.17,217.24,211.11,214.421,0.0,1.0,1.0
2021-11-17 08:00:00+00:00,False,214.288,222.525,209.943,219.519,0.0,1.0,1.0
2021-11-17 12:00:00+00:00,False,219.515,219.599,210.025,214.678,0.0,1.0,1.0
2021-11-17 16:00:00+00:00,False,214.68,217.931,212.041,215.973,0.0,1.0,1.0
2021-11-17 20:00:00+00:00,False,215.978,222.886,214.131,221.588,0.0,1.0,1.0
2021-11-18 00:00:00+00:00,False,221.59,222.396,212.605,212.959,0.0,1.0,1.0
2021-11-18 04:00:00+00:00,False,212.954,214.371,211.394,211.569,0.0,1.0,1.0
2021-11-18 08:00:00+00:00,False,211.573,211.827,206.443,207.236,0.0,1.0,1.0
2021-11-18 12:00:00+00:00,False,207.25,207.99,191.013,193.112,0.0,1.0,1.0
2021-11-18 16:00:00+00:00,False,193.201,203.052,186.77,201.5,0.0,1.0,1.0
2021-11-18 20:00:00+00:00,False,201.501,202.87,192.635,200.858,0.0,1.0,1.0
2021-11-19 00:00:00+00:00,False,200.858,201.603,189.266,196.942,0.0,1.0,1.0
2021-11-19 04:00:00+00:00,False,196.942,205.208,194.241,203.586,0.0,1.0,1.0
2021-11-19 08:00:00+00:00,False,203.569,206.627,200.331,203.921,0.0,1.0,1.0
2021-11-19 12:00:00+00:00,False,203.984,218.514,203.907,217.852,0.0,1.0,1.0
2021-11-19 16:00:00+00:00,False,217.812,220.0,214.5,215.497,0.0,1.0,1.0
2021-11-19 20:00:00+00:00,False,215.623,218.7,212.92,218.134,0.0,1.0,1.0
2021-11-20 00:00:00+00:00,False,218.134,221.374,214.194,215.131,0.0,1.0,1.0
2021-11-20 04:00:00+00:00,False,215.13,217.3,212.56,216.687,0.0,1.0,1.0
2021-11-20 08:00:00+00:00,False,216.554,217.104,213.639,213.932,0.0,1.0,1.0
2021-11-20 12:00:00+00:00,False,213.909,215.3,206.0,208.825,0.0,1.0,1.0
2021-11-20 16:00:00+00:00,False,208.784,217.932,208.039,217.169,0.0,1.0,1.0
2021-11-20 20:00:00+00:00,False,217.169,219.0,215.327,215.667,0.0,1.0,1.0
2021-11-21 00:00:00+00:00,False,215.64,215.774,211.135,211.961,0.0,1.0,1.0
2021-11-21 04:00:00+00:00,False,211.943,215.32,211.589,212.466,0.0,1.0,1.0
2021-11-21 08:00:00+00:00,False,212.477,214.262,210.868,212.982,0.0,1.0,1.0
2021-11-21 12:00:00+00:00,False,212.99,218.469,210.622,217.102,0.0,1.0,1.0
2021-11-21 16:00:00+00:00,False,217.143,235.552,216.183,233.455,0.0,1.0,1.0
2021-11-21 20:00:00+00:00,True,233.454,235.584,225.052,227.601,0.0,1.0,1.0
2021-11-22 00:00:00+00:00,True,227.552,227.996,216.308,216.434,0.0,1.0,1.0
2021-11-22 04:00:00+00:00,True,216.483,222.545,215.623,217.428,0.0,1.0,1.0
2021-11-22 08:00:00+00:00,True,217.428,224.625,216.415,219.117,0.0,1.0,1.0
2021-11-22 12:00:00+00:00,True,219.143,225.545,214.575,224.063,0.0,1.0,1.0
2021-11-22 16:00:00+00:00,True,224.062,224.485,211.757,215.946,0.0,1.0,1.0
2021-11-22 20:00:00+00:00,True,215.946,219.095,214.422,218.807,0.0,1.0,1.0
2021-11-23 00:00:00+00:00,True,218.857,221.913,217.93,219.3,0.0,1.0,1.0
2021-11-23 04:00:00+00:00,True,219.346,219.749,211.584,214.166,0.0,1.0,1.0
2021-11-23 08:00:00+00:00,True,214.202,216.664,211.0,213.006,0.0,1.0,1.0
2021-11-23 12:00:00+00:00,True,213.079,224.788,212.14,223.844,0.0,1.0,1.0
2021-11-23 16:00:00+00:00,True,223.844,225.759,220.372,224.838,0.0,1.0,1.0
2021-11-23 20:00:00+00:00,True,224.808,226.193,221.41,221.961,0.0,1.0,1.0
2021-11-24 00:00:00+00:00,True,221.926,222.073,214.101,219.058,0.0,1.0,1.0
2021-11-24 04:00:00+00:00,True,219.04,220.007,215.368,218.129,0.0,1.0,1.0
2021-11-24 08:00:00+00:00,True,218.1,219.378,213.178,213.187,0.0,1.0,1.0
2021-11-24 12:00:00+00:00,True,213.187,214.429,207.197,208.402,0.0,1.0,1.0
2021-11-24 16:00:00+00:00,True,208.402,208.614,200.14,204.645,0.0,1.0,1.0
2021-11-24 20:00:00+00:00,True,204.566,211.631,203.902,211.631,0.0,1.0,1.0
2021-11-25 00:00:00+00:00,False,211.631,211.68,206.598,207.756,0.0,1.0,0.0
2021-11-25 04:00:00+00:00,False,207.753,208.634,203.978,204.353,0.0,1.0,0.0
2021-11-25 08:00:00+00:00,False,204.371,214.708,202.054,212.778,0.0,1.0,0.0
2021-11-25 12:00:00+00:00,False,212.807,216.5,211.029,215.501,0.0,1.0,0.0
2021-11-25 16:00:00+00:00,False,215.536,216.297,210.121,210.985,0.0,1.0,0.0
2021-11-25 20:00:00+00:00,False,210.94,212.0,207.35,207.87,0.0,1.0,0.0
2021-11-26 00:00:00+00:00,False,207.87,209.222,204.298,204.441,0.0,1.0,0.0
2021-11-26 04:00:00+00:00,False,204.517,205.129,185.242,190.35,0.0,1.0,0.0
2021-11-26 08:00:00+00:00,False,190.377,192.371,182.91,191.289,0.0,1.0,0.0
2021-11-26 12:00:00+00:00,False,191.277,198.453,190.147,193.538,0.0,1.0,0.0
2021-11-26 16:00:00+00:00,False,193.566,200.957,192.732,200.663,0.0,1.0,0.0
2021-11-26 20:00:00+00:00,False,200.615,200.615,191.412,194.115,0.0,1.0,0.0
2021-11-27 00:00:00+00:00,False,194.164,198.614,191.99,198.339,0.0,1.0,0.0
2021-11-27 04:00:00+00:00,False,198.311,198.44,192.77,197.176,0.0,1.0,0.0
2021-11-27 08:00:00+00:00,False,197.18,198.789,194.568,197.503,0.0,1.0,0.0
2021-11-27 12:00:00+00:00,False,197.44,199.511,196.03,198.007,0.0,1.0,0.0
2021-11-27 16:00:00+00:00,False,198.007,199.302,192.155,192.632,0.0,1.0,0.0
2021-11-27 20:00:00+00:00,False,192.587,195.461,188.327,191.075,0.0,1.0,0.0
2021-11-28 00:00:00+00:00,False,191.13,192.112,185.0,187.722,0.0,1.0,0.0
2021-11-28 04:00:00+00:00,False,187.724,190.329,186.921,188.9,0.0,1.0,0.0
2021-11-28 08:00:00+00:00,False,188.894,191.621,187.5,190.536,0.0,1.0,0.0
2021-11-28 12:00:00+00:00,False,190.527,190.99,185.728,187.655,0.0,1.0,0.0
2021-11-28 16:00:00+00:00,False,187.655,193.387,181.067,193.352,0.0,1.0,0.0
2021-11-28 20:00:00+00:00,False,193.329,203.223,192.975,202.646,0.0,1.0,0.0
2021-11-29 00:00:00+00:00,False,202.638,204.0,200.608,201.954,0.0,1.0,0.0
2021-11-29 04:00:00+00:00,False,201.951,206.891,201.302,204.241,0.0,1.0,0.0
2021-11-29 08:00:00+00:00,False,204.164,206.404,201.437,204.461,0.0,1.0,0.0
2021-11-29 12:00:00+00:00,False,204.526,211.04,204.218,210.205,0.0,1.0,0.0
2021-11-29 16:00:00+00:00,True,210.146,212.993,205.653,206.089,0.0,0.0,0.0
2021-11-29 20:00:00+00:00,True,206.111,208.2,203.854,206.203,0.0,0.0,0.0
2021-11-30 00:00:00+00:00,True,206.162,206.734,201.35,206.205,0.0,0.0,0.0
2021-11-30 04:00:00+00:00,True,206.202,206.326,199.711,202.134,0.0,0.0,0.0
2021-11-30 08:00:00+00:00,True,202.21,217.539,200.438,213.743,0.0,0.0,0.0
2021-11-30 12:00:00+00:00,True,213.705,218.549,208.08,210.856,0.0,0.0,0.0
2021-11-30 16:00:00+00:00,True,210.834,216.351,208.067,213.442,0.0,0.0,0.0
2021-11-30 20:00:00+00:00,True,213.38,214.175,207.821,211.18,0.0,0.0,0.0
2021-12-01 00:00:00+00:00,True,211.179,216.702,210.003,215.367,0.0,0.0,0.0
2021-12-01 04:00:00+00:00,True,215.353,221.119,214.771,217.793,0.0,0.0,0.0
2021-12-01 08:00:00+00:00,True,217.836,224.634,217.207,222.433,0.0,0.0,0.0
2021-12-01 12:00:00+00:00,True,222.434,231.9,222.023,231.678,0.0,0.0,0.0
2021-12-01 16:00:00+00:00,True,231.642,232.492,221.713,222.846,0.0,0.0,0.0
2021-12-01 20:00:00+00:00,True,222.831,231.06,220.27,228.501,0.0,0.0,0.0
2021-12-02 00:00:00+00:00,True,228.509,236.387,220.113,225.317,0.0,0.0,0.0
2021-12-02 04:00:00+00:00,True,225.326,229.0,221.657,229.0,0.0,0.0,0.0
2021-12-02 08:00:00+00:00,True,229.0,229.89,223.516,224.758,0.0,0.0,0.0
2021-12-02 12:00:00+00:00,True,224.668,232.812,222.0,228.334,0.0,0.0,0.0
2021-12-02 16:00:00+00:00,True,228.325,240.0,227.683,239.96,0.0,0.0,0.0
2021-12-02 20:00:00+00:00,True,239.931,243.564,230.732,232.744,0.0,0.0,0.0
2021-12-03 00:00:00+00:00,True,232.737,234.133,226.569,230.902,0.0,0.0,0.0
2021-12-03 04:00:00+00:00,True,230.959,235.485,228.421,231.615,0.0,0.0,0.0
2021-12-03 08:00:00+00:00,True,231.606,238.592,231.132,236.591,0.0,0.0,0.0
2021-12-03 12:00:00+00:00,True,236.591,239.609,216.812,219.132,0.0,0.0,0.0
2021-12-03 16:00:00+00:00,True,219.07,223.226,204.12,216.513,0.0,0.0,0.0
2021-12-03 20:00:00+00:00,True,216.53,219.319,201.298,203.996,0.0,0.0,0.0
2021-12-04 00:00:00+00:00,True,203.988,205.843,185.57,188.313,0.0,0.0,0.0
2021-12-04 04:00:00+00:00,True,188.765,210.0,176.0,193.422,0.0,0.0,0.0
2021-12-04 08:00:00+00:00,False,193.427,197.978,185.85,190.843,0.0,0.0,1.0
2021-12-04 12:00:00+00:00,False,190.833,208.0,189.0,199.922,0.0,0.0,1.0
2021-12-04 16:00:00+00:00,False,200.12,213.0,199.866,206.472,0.0,0.0,1.0
2021-12-04 20:00:00+00:00,False,206.471,206.9,193.645,195.714,0.0,0.0,1.0
2021-12-05 00:00:00+00:00,False,195.748,197.969,191.359,195.805,0.0,0.0,1.0
2021-12-05 04:00:00+00:00,False,195.806,203.825,194.464,201.097,0.0,0.0,1.0
2021-12-05 08:00:00+00:00,False,201.112,201.231,195.1,196.59,0.0,0.0,1.0
2021-12-05 12:00:00+00:00,False,196.574,197.374,181.5,187.252,0.0,0.0,1.0
2021-12-05 16:00:00+00:00,False,187.252,192.89,185.837,191.852,0.0,0.0,1.0
2021-12-05 20:00:00+00:00,False,191.847,198.094,187.0,191.136,0.0,0.0,1.0
2021-12-06 00:00:00+00:00,False,191.191,196.67,188.419,195.431,0.0,0.0,1.0
2021-12-06 04:00:00+00:00,False,195.474,195.527,182.116,183.635,0.0,0.0,1.0
2021-12-06 08:00:00+00:00,False,183.649,184.971,176.45,183.262,0.0,0.0,1.0
2021-12-06 12:00:00+00:00,False,183.245,190.971,179.201,189.388,0.0,0.0,1.0
2021-12-06 16:00:00+00:00,False,189.393,192.333,185.784,188.28,0.0,0.0,1.0
2021-12-06 20:00:00+00:00,False,188.289,198.0,188.282,197.34,0.0,0.0,1.0
2021-12-07 00:00:00+00:00,False,197.384,198.3,193.782,197.137,0.0,0.0,1.0
2021-12-07 04:00:00+00:00,False,197.098,204.338,196.07,203.678,0.0,0.0,1.0
2021-12-07 08:00:00+00:00,False,203.638,204.199,196.622,200.577,0.0,0.0,1.0
2021-12-07 12:00:00+00:00,False,200.605,200.95,194.606,196.165,0.0,0.0,1.0
2021-12-07 16:00:00+00:00,False,196.16,197.89,191.713,192.769,0.0,0.0,1.0
2021-12-07 20:00:00+00:00,False,192.761,194.681,187.677,192.122,0.0,0.0,1.0
2021-12-08 00:00:00+00:00,False,192.2,193.551,186.295,187.609,0.0,0.0,1.0
2021-12-08 04:00:00+00:00,False,187.615,191.19,187.008,190.305,0.0,0.0,1.0
2021-12-08 08:00:00+00:00,False,190.273,190.821,183.76,189.656,0.0,0.0,1.0
2021-12-08 12:00:00+00:00,False,189.571,196.506,187.04,192.158,0.0,0.0,1.0
2021-12-08 16:00:00+00:00,False,192.113,194.897,191.588,193.023,0.0,0.0,1.0
2021-12-08 20:00:00+00:00,False,193.07,196.818,191.174,194.764,0.0,0.0,1.0
2021-12-09 00:00:00+00:00,False,194.762,194.807,188.458,191.507,0.0,0.0,1.0
2021-12-09 04:00:00+00:00,False,191.487,191.865,188.356,188.706,0.0,0.0,1.0
2021-12-09 08:00:00+00:00,False,188.701,188.996,186.772,188.431,0.0,0.0,1.0
2021-12-09 12:00:00+00:00,False,188.394,189.724,182.393,184.616,0.0,0.0,1.0
2021-12-09 16:00:00+00:00,False,184.624,185.002,178.775,181.202,0.0,0.0,1.0
2021-12-09 20:00:00+00:00,False,181.203,184.72,180.31,180.43,0.0,0.0,1.0
2021-12-10 00:00:00+00:00,False,180.44,183.66,178.0,178.9,0.0,0.0,1.0
2021-12-10 04:00:00+00:00,False,178.83,179.77,175.21,177.08,0.0,0.0,1.0
2021-12-10 08:00:00+00:00,False,177.14,181.5,175.55,179.95,0.0,0.0,1.0
2021-12-10 12:00:00+00:00,False,179.95,183.86,170.0,171.94,0.0,0.0,1.0
2021-12-10 16:00:00+00:00,False,171.95,175.77,170.0,175.3,0.0,0.0,1.0
2021-12-10 20:00:00+00:00,False,175.3,175.59,161.51,166.6,0.0,0.0,1.0
2021-12-11 00:00:00+00:00,False,166.62,172.0,165.58,170.89,0.0,0.0,1.0
2021-12-11 04:00:00+00:00,False,170.9,172.51,167.5,170.5,0.0,0.0,1.0
2021-12-11 08:00:00+00:00,False,170.54,172.48,169.61,169.7,0.0,0.0,1.0
2021-12-11 12:00:00+00:00,False,169.67,173.88,167.83,171.81,0.0,0.0,1.0
2021-12-11 16:00:00+00:00,False,171.87,172.29,167.65,169.01,0.0,0.0,1.0
2021-12-11 20:00:00+00:00,False,169.03,172.73,167.94,170.85,0.0,0.0,1.0
2021-12-12 00:00:00+00:00,False,170.87,171.48,168.12,169.37,0.0,0.0,1.0
2021-12-12 04:00:00+00:00,False,169.3,171.0,168.22,169.22,0.0,0.0,1.0
2021-12-12 08:00:00+00:00,False,169.27,170.47,167.8,169.55,0.0,0.0,1.0
2021-12-12 12:00:00+00:00,False,169.55,172.66,169.53,172.37,0.0,0.0,1.0
2021-12-12 16:00:00+00:00,False,172.46,176.95,172.13,174.25,0.0,0.0,1.0
2021-12-12 20:00:00+00:00,False,174.25,175.37,170.1,170.66,0.0,0.0,1.0
2021-12-13 00:00:00+00:00,False,170.7,171.09,166.25,167.4,0.0,0.0,1.0
2021-12-13 04:00:00+00:00,False,167.39,167.8,162.87,165.19,0.0,0.0,1.0
2021-12-13 08:00:00+00:00,False,165.19,168.91,164.48,167.11,0.0,0.0,1.0
2021-12-13 12:00:00+00:00,False,167.12,167.36,155.69,156.49,0.0,0.0,1.0
2021-12-13 16:00:00+00:00,False,156.47,159.37,148.03,152.15,0.0,0.0,1.0
2021-12-13 20:00:00+00:00,False,152.22,160.0,150.87,155.92,0.0,0.0,1.0
2021-12-14 00:00:00+00:00,False,155.89,158.78,152.24,153.58,0.0,0.0,1.0
2021-12-14 04:00:00+00:00,False,153.61,157.14,149.65,156.23,0.0,0.0,1.0
2021-12-14 08:00:00+00:00,False,156.19,161.26,153.23,160.23,0.0,0.0,1.0
2021-12-14 12:00:00+00:00,False,160.23,161.81,155.03,155.64,0.0,0.0,1.0
2021-12-14 16:00:00+00:00,False,155.63,158.12,152.7,157.64,0.0,0.0,1.0
2021-12-14 20:00:00+00:00,False,157.56,163.7,157.51,160.8,0.0,0.0,1.0
2021-12-15 00:00:00+00:00,False,160.81,162.59,158.62,161.83,0.0,0.0,1.0
2021-12-15 04:00:00+00:00,False,161.77,168.6,160.25,167.38,0.0,0.0,1.0
2021-12-15 08:00:00+00:00,False,167.34,168.77,162.26,163.2,0.0,0.0,1.0
2021-12-15 12:00:00+00:00,False,163.17,164.99,156.94,162.41,0.0,0.0,1.0
2021-12-15 16:00:00+00:00,False,162.46,183.0,162.46,178.95,0.0,0.0,1.0
2021-12-15 20:00:00+00:00,True,178.93,186.0,175.5,179.78,0.0,0.0,1.0
2021-12-16 00:00:00+00:00,True,179.71,179.97,176.46,176.65,0.0,0.0,1.0
2021-12-16 04:00:00+00:00,True,176.64,181.09,174.11,180.95,0.0,0.0,1.0
2021-12-16 08:00:00+00:00,True,180.99,187.5,180.07,184.83,0.0,0.0,1.0
2021-12-16 12:00:00+00:00,True,184.8,189.61,182.76,183.7,0.0,0.0,1.0
2021-12-16 16:00:00+00:00,True,183.7,185.1,179.55,183.41,0.0,0.0,1.0
2021-12-16 20:00:00+00:00,True,183.43,183.5,175.97,180.08,0.0,0.0,1.0
2021-12-17 00:00:00+00:00,True,180.12,181.71,177.28,179.04,0.0,0.0,1.0
2021-12-17 04:00:00+00:00,True,179.01,182.51,175.53,177.62,0.0,0.0,1.0
2021-12-17 08:00:00+00:00,True,177.63,178.62,173.68,175.21,0.0,0.0,1.0
2021-12-17 12:00:00+00:00,True,175.21,181.71,168.03,179.2,0.0,0.0,1.0
2021-12-17 16:00:00+00:00,True,179.16,179.18,173.64,174.78,0.0,0.0,1.0
2021-12-17 20:00:00+00:00,True,174.79,178.5,172.63,173.66,0.0,0.0,1.0
2021-12-18 00:00:00+00:00,True,173.74,175.34,171.01,174.48,0.0,0.0,1.0
2021-12-18 04:00:00+00:00,True,174.42,178.42,173.87,177.84,0.0,0.0,1.0
2021-12-18 08:00:00+00:00,True,177.76,181.83,177.2,181.44,0.0,0.0,1.0
2021-12-18 12:00:00+00:00,True,181.44,183.67,179.23,180.98,0.0,0.0,1.0
2021-12-18 16:00:00+00:00,True,180.99,182.75,179.85,182.58,0.0,0.0,1.0
2021-12-18 20:00:00+00:00,True,182.56,184.39,181.77,182.63,0.0,0.0,1.0
2021-12-19 00:00:00+00:00,True,182.61,187.13,179.92,187.06,0.0,0.0,1.0
2021-12-19 04:00:00+00:00,True,187.09,189.42,185.45,186.01,0.0,0.0,1.0
2021-12-19 08:00:00+00:00,True,185.97,186.62,182.97,185.86,0.0,0.0,1.0
2021-12-19 12:00:00+00:00,True,185.86,189.16,182.88,183.0,0.0,0.0,1.0
2021-12-19 16:00:00+00:00,True,183.0,183.54,178.31,179.11,0.0,0.0,1.0
2021-12-19 20:00:00+00:00,True,179.1,184.0,177.2,180.11,0.0,0.0,1.0
2021-12-20 00:00:00+00:00,True,180.12,181.32,177.21,179.95,0.0,0.0,1.0
2021-12-20 04:00:00+00:00,True,179.89,180.07,174.78,175.18,0.0,0.0,1.0
2021-12-20 08:00:00+00:00,True,175.13,175.21,169.95,170.22,0.0,0.0,1.0
2021-12-20 12:00:00+00:00,True,170.29,174.11,168.3,172.0,0.0,0.0,1.0
2021-12-20 16:00:00+00:00,True,172.01,177.11,171.52,176.52,0.0,0.0,1.0
2021-12-20 20:00:00+00:00,True,176.48,178.17,171.94,173.45,0.0,0.0,1.0
2021-12-21 00:00:00+00:00,True,173.46,179.81,170.27,179.14,0.0,0.0,1.0
2021-12-21 04:00:00+00:00,True,179.12,181.19,177.28,180.13,0.0,0.0,1.0
2021-12-21 08:00:00+00:00,True,180.1,182.78,178.66,180.58,0.0,0.0,1.0
2021-12-21 12:00:00+00:00,True,180.65,181.8,176.62,178.3,0.0,0.0,1.0
2021-12-21 16:00:00+00:00,True,178.3,179.2,176.04,178.38,0.0,0.0,1.0
2021-12-21 20:00:00+00:00,True,178.34,181.58,177.48,178.05,0.0,0.0,1.0
2021-12-22 00:00:00+00:00,True,178.06,182.0,177.76,181.99,0.0,0.0,1.0
2021-12-22 04:00:00+00:00,True,181.99,187.56,181.93,186.99,0.0,0.0,1.0
2021-12-22 08:00:00+00:00,True,186.99,187.0,181.25,183.1,0.0,0.0,1.0
2021-12-22 12:00:00+00:00,True,183.07,186.19,182.26,183.67,0.0,0.0,1.0
2021-12-22 16:00:00+00:00,True,183.69,184.02,179.5,179.98,0.0,0.0,1.0
2021-12-22 20:00:00+00:00,True,179.98,181.72,175.66,177.27,0.0,0.0,1.0
2021-12-23 00:00:00+00:00,True,177.33,183.05,176.55,180.12,0.0,0.0,1.0
2021-12-23 04:00:00+00:00,True,180.1,180.76,177.12,179.56,0.0,0.0,1.0
2021-12-23 08:00:00+00:00,True,179.56,180.65,177.69,179.2,0.0,0.0,1.0
2021-12-23 12:00:00+00:00,True,179.18,184.49,178.5,183.4,0.0,0.0,1.0
2021-12-23 16:00:00+00:00,True,183.41,193.76,183.05,190.45,0.0,0.0,1.0
2021-12-23 20:00:00+00:00,True,190.39,192.95,188.73,189.77,0.0,0.0,1.0
2021-12-24 00:00:00+00:00,True,189.8,190.94,187.11,187.48,0.0,0.0,1.0
2021-12-24 04:00:00+00:00,True,187.49,190.56,186.35,188.96,0.0,0.0,1.0
2021-12-24 08:00:00+00:00,True,188.93,191.48,187.86,189.29,0.0,0.0,1.0
2021-12-24 12:00:00+00:00,True,189.31,197.59,184.1,194.1,0.0,0.0,1.0
2021-12-24 16:00:00+00:00,True,194.1,197.21,190.91,194.75,0.0,0.0,1.0
2021-12-24 20:00:00+00:00,True,194.75,195.5,188.55,195.1,0.0,0.0,1.0
2021-12-25 00:00:00+00:00,True,195.01,195.28,191.59,193.83,0.0,0.0,1.0
2021-12-25 04:00:00+00:00,True,193.88,194.99,191.97,192.58,0.0,0.0,1.0
2021-12-25 08:00:00+00:00,True,192.59,193.28,189.26,190.99,0.0,0.0,1.0
2021-12-25 12:00:00+00:00,True,190.96,193.0,190.23,191.81,0.0,0.0,1.0
2021-12-25 16:00:00+00:00,True,191.85,192.72,189.34,191.92,0.0,0.0,1.0
2021-12-25 20:00:00+00:00,True,191.9,196.32,191.12,195.4,0.0,0.0,1.0
2021-12-26 00:00:00+00:00,True,195.34,196.84,190.31,192.13,0.0,0.0,1.0
2021-12-26 04:00:00+00:00,True,192.1,194.5,191.13,193.22,0.0,0.0,1.0
2021-12-26 08:00:00+00:00,True,193.22,199.29,193.21,197.77,0.0,0.0,1.0
2021-12-26 12:00:00+00:00,True,197.75,200.69,196.34,199.06,0.0,0.0,1.0
2021-12-26 16:00:00+00:00,True,199.09,199.54,196.8,197.29,0.0,0.0,1.0
2021-12-26 20:00:00+00:00,True,197.32,199.73,196.14,197.34,0.0,0.0,1.0
2021-12-27 00:00:00+00:00,True,197.35,201.9,196.81,199.34,0.0,0.0,1.0
2021-12-27 04:00:00+00:00,True,199.37,200.13,195.2,195.32,0.0,0.0,1.0
2021-12-27 08:00:00+00:00,True,195.3,201.68,194.83,201.53,0.0,0.0,1.0
2021-12-27 12:00:00+00:00,True,201.5,203.66,200.0,203.51,0.0,0.0,1.0
2021-12-27 16:00:00+00:00,True,203.48,204.9,198.68,199.9,0.0,0.0,1.0
2021-12-27 20:00:00+00:00,True,199.86,200.41,192.0,193.8,0.0,0.0,1.0
2021-12-28 00:00:00+00:00,True,193.81,194.52,185.91,188.93,0.0,0.0,1.0
2021-12-28 04:00:00+00:00,True,188.98,193.56,188.38,190.9,0.0,0.0,1.0
2021-12-28 08:00:00+00:00,True,190.91,193.02,188.66,190.66,0.0,0.0,1.0
2021-12-28 12:00:00+00:00,True,190.69,191.51,180.55,182.81,0.0,0.0,1.0
2021-12-28 16:00:00+00:00,True,182.81,182.81,176.23,180.53,0.0,0.0,1.0
2021-12-28 20:00:00+00:00,False,180.53,181.31,176.45,178.65,0.0,0.0,0.0
2021-12-29 00:00:00+00:00,False,178.63,180.65,176.69,176.83,0.0,0.0,0.0
2021-12-29 04:00:00+00:00,False,176.87,177.96,175.15,177.4,0.0,0.0,0.0
2021-12-29 08:00:00+00:00,False,177.38,177.93,171.63,172.39,0.0,0.0,0.0
2021-12-29 12:00:00+00:00,False,172.4,176.92,170.69,174.51,0.0,0.0,0.0
2021-12-29 16:00:00+00:00,False,174.52,177.63,173.53,174.04,0.0,0.0,0.0
2021-12-29 20:00:00+00:00,False,174.01,175.2,168.07,171.11,0.0,0.0,0.0
2021-12-30 00:00:00+00:00,False,171.11,172.27,168.5,170.62,0.0,0.0,0.0
2021-12-30 04:00:00+00:00,False,170.54,174.99,169.8,173.01,0.0,0.0,0.0
2021-12-30 08:00:00+00:00,False,173.02,175.79,171.9,175.15,0.0,0.0,0.0
2021-12-30 12:00:00+00:00,False,175.11,175.6,172.9,174.84,0.0,0.0,0.0
2021-12-30 16:00:00+00:00,False,174.85,175.64,172.2,172.27,0.0,0.0,0.0
2021-12-30 20:00:00+00:00,False,172.23,173.78,170.88,172.32,0.0,0.0,0.0
2021-12-31 00:00:00+00:00,False,172.37,173.28,170.7,170.79,0.0,0.0,0.0
2021-12-31 04:00:00+00:00,False,170.8,177.7,170.1,176.94,0.0,0.0,0.0
2021-12-31 08:00:00+00:00,False,176.84,177.64,172.7,175.22,0.0,0.0,0.0
2021-12-31 12:00:00+00:00,False,175.21,176.14,173.3,173.92,0.0,0.0,0.0
2021-12-31 16:00:00+00:00,False,173.85,174.04,167.63,169.35,0.0,0.0,0.0
2021-12-31 20:00:00+00:00,False,169.38,172.6,168.27,171.86,0.0,0.0,0.0
2022-01-01 00:00:00+00:00,False,171.85,174.25,171.18,171.42,0.0,0.0,0.0
2022-01-01 04:00:00+00:00,False,171.46,174.33,171.35,172.62,0.0,0.0,0.0
2022-01-01 08:00:00+00:00,False,172.63,173.36,170.86,172.64,0.0,0.0,0.0
2022-01-01 12:00:00+00:00,False,172.58,174.94,171.97,174.1,0.0,0.0,0.0
2022-01-01 16:00:00+00:00,False,174.13,179.25,173.6,178.07,0.0,0.0,0.0
2022-01-01 20:00:00+00:00,False,178.08,179.56,176.22,178.63,0.0,0.0,0.0
2022-01-02 00:00:00+00:00,False,178.63,179.11,175.0,176.28,0.0,0.0,0.0
2022-01-02 04:00:00+00:00,False,176.28,176.86,174.56,175.04,0.0,0.0,0.0
2022-01-02 08:00:00+00:00,False,175.03,176.84,174.87,175.69,0.0,0.0,0.0
2022-01-02 12:00:00+00:00,False,175.7,178.4,175.17,178.21,0.0,0.0,0.0
2022-01-02 16:00:00+00:00,False,178.28,178.74,174.41,175.31,0.0,0.0,0.0
2022-01-02 20:00:00+00:00,False,175.32,177.16,175.0,175.12,0.0,0.0,0.0
2022-01-03 00:00:00+00:00,False,175.13,175.35,172.01,172.57,0.0,0.0,0.0
2022-01-03 04:00:00+00:00,False,172.58,173.88,172.21,173.38,0.0,0.0,0.0
2022-01-03 08:00:00+00:00,False,173.38,175.09,172.37,174.3,0.0,0.0,0.0
2022-01-03 12:00:00+00:00,False,174.3,175.95,169.0,171.04,0.0,0.0,0.0
2022-01-03 16:00:00+00:00,False,171.07,171.78,166.73,168.85,0.0,0.0,0.0
2022-01-03 20:00:00+00:00,False,168.83,171.09,168.01,168.08,0.0,0.0,0.0
2022-01-04 00:00:00+00:00,False,168.06,169.54,166.5,167.02,0.0,0.0,0.0
2022-01-04 04:00:00+00:00,False,167.03,169.65,166.83,168.57,0.0,0.0,0.0
2022-01-04 08:00:00+00:00,False,168.58,172.27,167.29,171.91,0.0,0.0,0.0
2022-01-04 12:00:00+00:00,False,171.88,173.88,170.78,171.3,0.0,0.0,0.0
2022-01-04 16:00:00+00:00,False,171.32,171.79,167.0,168.87,0.0,0.0,0.0
2022-01-04 20:00:00+00:00,False,168.87,169.27,167.12,168.62,0.0,0.0,0.0
2022-01-05 00:00:00+00:00,False,168.58,169.38,167.18,168.28,0.0,0.0,0.0
2022-01-05 04:00:00+00:00,False,168.28,170.46,168.09,169.89,0.0,0.0,0.0
2022-01-05 08:00:00+00:00,False,169.9,171.34,167.53,168.38,0.0,0.0,0.0
2022-01-05 12:00:00+00:00,False,168.39,169.27,167.28,167.92,0.0,0.0,0.0
2022-01-05 16:00:00+00:00,False,167.9,168.09,155.3,156.76,0.0,0.0,0.0
2022-01-05 20:00:00+00:00,False,156.8,158.26,145.0,153.74,0.0,0.0,0.0
2022-01-06 00:00:00+00:00,False,153.74,154.2,147.07,149.6,0.0,0.0,0.0
2022-01-06 04:00:00+00:00,False,149.6,150.99,148.51,148.97,0.0,0.0,0.0
2022-01-06 08:00:00+00:00,False,149.0,149.63,145.76,149.35,0.0,0.0,0.0
2022-01-06 12:00:00+00:00,False,149.32,151.12,147.25,150.64,0.0,0.0,0.0
2022-01-06 16:00:00+00:00,False,150.61,154.6,150.48,151.89,0.0,0.0,0.0
2022-01-06 20:00:00+00:00,False,151.94,152.19,145.67,146.94,0.0,0.0,0.0
2022-01-07 00:00:00+00:00,False,146.92,147.8,135.5,139.85,0.0,0.0,0.0
2022-01-07 04:00:00+00:00,False,139.85,143.0,134.68,139.96,0.0,0.0,0.0
2022-01-07 08:00:00+00:00,False,139.98,142.17,138.38,140.87,0.0,0.0,0.0
2022-01-07 12:00:00+00:00,False,140.84,142.89,133.31,139.09,0.0,0.0,0.0
2022-01-07 16:00:00+00:00,False,139.11,143.67,138.02,140.27,0.0,0.0,0.0
2022-01-07 20:00:00+00:00,False,140.27,140.89,135.77,140.78,0.0,0.0,0.0
2022-01-08 00:00:00+00:00,False,140.79,141.95,138.28,140.97,0.0,0.0,0.0
2022-01-08 04:00:00+00:00,False,140.97,146.44,140.4,146.07,0.0,0.0,0.0
2022-01-08 08:00:00+00:00,False,146.03,148.14,144.17,145.54,0.0,0.0,0.0
2022-01-08 12:00:00+00:00,False,145.51,146.23,139.85,140.11,0.0,0.0,0.0
2022-01-08 16:00:00+00:00,False,140.13,140.72,133.0,139.34,0.0,0.0,0.0
2022-01-08 20:00:00+00:00,False,139.45,146.99,139.12,144.4,0.0,0.0,0.0
2022-01-09 00:00:00+00:00,False,144.48,145.61,141.49,143.36,0.0,0.0,0.0
2022-01-09 04:00:00+00:00,False,143.36,143.63,138.95,139.52,0.0,0.0,0.0
2022-01-09 08:00:00+00:00,False,139.52,141.18,137.87,139.96,0.0,0.0,0.0
2022-01-09 12:00:00+00:00,False,139.95,144.66,137.94,144.26,0.0,0.0,0.0
2022-01-09 16:00:00+00:00,False,144.26,145.71,142.47,143.84,0.0,0.0,0.0
2022-01-09 20:00:00+00:00,False,143.84,143.88,140.0,141.04,0.0,0.0,0.0
2022-01-10 00:00:00+00:00,False,141.0,143.63,138.9,142.94,0.0,0.0,0.0
2022-01-10 04:00:00+00:00,False,142.95,143.76,141.16,141.67,0.0,0.0,0.0
2022-01-10 08:00:00+00:00,False,141.65,142.19,135.4,136.43,0.0,0.0,0.0
2022-01-10 12:00:00+00:00,False,136.4,137.61,130.0,136.53,0.0,0.0,0.0
2022-01-10 16:00:00+00:00,False,136.49,136.52,130.51,135.53,0.0,0.0,0.0
2022-01-10 20:00:00+00:00,False,135.47,136.21,134.4,134.56,0.0,0.0,0.0
2022-01-11 00:00:00+00:00,False,134.64,137.95,133.6,136.35,0.0,0.0,0.0
2022-01-11 04:00:00+00:00,False,136.35,138.5,135.05,136.69,0.0,0.0,0.0
2022-01-11 08:00:00+00:00,False,136.65,137.1,134.34,136.79,0.0,0.0,0.0
2022-01-11 12:00:00+00:00,False,136.77,142.1,135.11,142.08,0.0,0.0,0.0
2022-01-11 16:00:00+00:00,False,142.08,143.57,140.22,141.97,0.0,0.0,0.0
2022-01-11 20:00:00+00:00,False,141.96,142.21,139.74,140.2,0.0,0.0,0.0
2022-01-12 00:00:00+00:00,True,140.2,141.1,139.21,139.74,0.0,0.0,0.0
2022-01-12 04:00:00+00:00,True,139.77,140.89,138.29,140.51,0.0,0.0,0.0
2022-01-12 08:00:00+00:00,True,140.54,144.12,140.06,143.92,0.0,0.0,0.0
2022-01-12 12:00:00+00:00,True,143.87,152.29,142.52,151.06,0.0,0.0,0.0
2022-01-12 16:00:00+00:00,True,151.05,153.4,149.23,152.02,0.0,0.0,0.0
2022-01-12 20:00:00+00:00,True,152.02,153.4,150.47,150.89,0.0,0.0,0.0
2022-01-13 00:00:00+00:00,True,150.88,151.24,148.24,149.23,0.0,0.0,0.0
2022-01-13 04:00:00+00:00,True,149.22,152.6,148.78,151.29,0.0,0.0,0.0
2022-01-13 08:00:00+00:00,True,151.29,154.38,150.0,154.13,0.0,0.0,0.0
2022-01-13 12:00:00+00:00,True,154.19,157.94,151.5,152.53,0.0,0.0,0.0
2022-01-13 16:00:00+00:00,True,152.51,152.96,145.56,148.82,0.0,0.0,0.0
2022-01-13 20:00:00+00:00,True,148.81,149.99,144.54,147.84,0.0,0.0,0.0
2022-01-14 00:00:00+00:00,True,147.84,149.09,145.76,147.5,0.0,0.0,0.0
2022-01-14 04:00:00+00:00,True,147.52,150.65,145.22,146.87,0.0,0.0,0.0
2022-01-14 08:00:00+00:00,True,146.88,147.43,142.0,144.13,0.0,0.0,0.0
2022-01-14 12:00:00+00:00,True,144.11,148.69,142.78,147.45,0.0,0.0,0.0
2022-01-14 16:00:00+00:00,True,147.48,149.97,145.66,146.6,0.0,0.0,0.0
2022-01-14 20:00:00+00:00,True,146.6,147.65,145.05,145.54,0.0,0.0,0.0
2022-01-15 00:00:00+00:00,True,145.54,147.39,144.7,145.61,0.0,0.0,0.0
2022-01-15 04:00:00+00:00,True,145.59,146.1,144.77,145.36,0.0,0.0,0.0
2022-01-15 08:00:00+00:00,True,145.35,146.85,144.0,144.68,0.0,0.0,0.0
2022-01-15 12:00:00+00:00,True,144.68,148.89,144.31,148.56,0.0,0.0,0.0
2022-01-15 16:00:00+00:00,True,148.56,149.6,147.26,149.01,0.0,0.0,0.0
2022-01-15 20:00:00+00:00,True,149.02,149.28,146.79,147.89,0.0,0.0,0.0
2022-01-16 00:00:00+00:00,True,147.88,148.34,146.22,147.5,0.0,0.0,0.0
2022-01-16 04:00:00+00:00,True,147.48,150.8,146.48,149.48,0.0,0.0,0.0
2022-01-16 08:00:00+00:00,True,149.43,150.15,147.74,149.81,0.0,0.0,0.0
2022-01-16 12:00:00+00:00,True,149.75,152.0,147.13,149.94,0.0,0.0,0.0
2022-01-16 16:00:00+00:00,True,149.94,150.82,147.41,147.97,0.0,0.0,0.0
2022-01-16 20:00:00+00:00,True,147.99,148.48,146.16,146.75,0.0,0.0,0.0
2022-01-17 00:00:00+00:00,True,146.76,146.87,141.77,142.13,0.0,0.0,0.0
2022-01-17 04:00:00+00:00,True,142.15,143.91,141.83,143.4,0.0,0.0,0.0
2022-01-17 08:00:00+00:00,True,143.4,143.93,141.02,142.13,0.0,0.0,0.0
2022-01-17 12:00:00+00:00,True,142.1,143.89,140.09,140.54,0.0,0.0,0.0
2022-01-17 16:00:00+00:00,True,140.55,140.95,138.86,139.55,0.0,0.0,0.0
2022-01-17 20:00:00+00:00,True,139.52,141.63,137.14,141.17,0.0,0.0,0.0
2022-01-18 00:00:00+00:00,True,141.17,141.91,138.17,138.36,0.0,0.0,0.0
2022-01-18 04:00:00+00:00,True,138.38,140.98,137.63,137.91,0.0,0.0,0.0
2022-01-18 08:00:00+00:00,True,137.94,138.31,136.12,137.06,0.0,0.0,0.0
2022-01-18 12:00:00+00:00,False,137.04,137.93,134.34,136.75,0.0,0.0,0.0
2022-01-18 16:00:00+00:00,False,136.81,137.8,135.67,137.55,0.0,0.0,0.0
2022-01-18 20:00:00+00:00,False,137.5,143.04,137.45,140.55,0.0,0.0,0.0
2022-01-19 00:00:00+00:00,False,140.58,142.79,137.01,139.1,0.0,0.0,0.0
2022-01-19 04:00:00+00:00,False,139.13,139.22,132.8,133.91,0.0,0.0,0.0
2022-01-19 08:00:00+00:00,False,133.91,137.1,133.66,136.67,0.0,0.0,0.0
2022-01-19 12:00:00+00:00,False,136.66,138.72,135.38,137.45,0.0,0.0,0.0
2022-01-19 16:00:00+00:00,False,137.47,138.15,135.14,135.84,0.0,0.0,0.0
2022-01-19 20:00:00+00:00,False,135.83,137.66,135.11,136.16,0.0,0.0,0.0
2022-01-20 00:00:00+00:00,False,136.14,137.4,134.58,137.01,0.0,0.0,0.0
2022-01-20 04:00:00+00:00,False,137.05,137.94,136.31,136.9,0.0,0.0,0.0
2022-01-20 08:00:00+00:00,False,136.87,138.28,135.72,137.62,0.0,0.0,0.0
2022-01-20 12:00:00+00:00,False,137.64,143.96,137.34,142.5,0.0,0.0,0.0
2022-01-20 16:00:00+00:00,False,142.56,142.66,137.56,137.78,0.0,0.0,0.0
2022-01-20 20:00:00+00:00,False,137.76,137.95,126.0,126.87,0.0,0.0,0.0
2022-01-21 00:00:00+00:00,False,126.86,128.26,121.1,125.5,0.0,0.0,0.0
2022-01-21 04:00:00+00:00,False,125.48,126.94,123.79,125.33,0.0,0.0,0.0
2022-01-21 08:00:00+00:00,False,125.35,125.57,115.36,118.97,0.0,0.0,0.0
2022-01-21 12:00:00+00:00,False,118.98,129.0,117.05,128.47,0.0,0.0,0.0
2022-01-21 16:00:00+00:00,False,128.35,131.95,117.07,120.21,0.0,0.0,0.0
2022-01-21 20:00:00+00:00,False,120.27,121.99,106.0,111.54,0.0,0.0,0.0
2022-01-22 00:00:00+00:00,False,111.58,113.34,108.33,108.75,0.0,0.0,0.0
2022-01-22 04:00:00+00:00,False,108.7,110.18,98.37,101.99,0.0,0.0,0.0
2022-01-22 08:00:00+00:00,False,102.08,103.31,88.25,101.03,0.0,0.0,0.0
2022-01-22 12:00:00+00:00,False,101.05,103.62,91.56,96.24,0.0,0.0,0.0
2022-01-22 16:00:00+00:00,False,96.15,97.39,88.65,95.93,0.0,0.0,0.0
2022-01-22 20:00:00+00:00,False,95.91,98.57,92.71,98.05,0.0,0.0,0.0
2022-01-23 00:00:00+00:00,False,98.05,99.37,93.36,95.87,0.0,0.0,0.0
2022-01-23 04:00:00+00:00,False,95.83,102.24,93.6,102.07,0.0,0.0,0.0
2022-01-23 08:00:00+00:00,False,102.13,104.83,100.15,100.92,0.0,0.0,0.0
2022-01-23 12:00:00+00:00,False,100.95,103.44,96.25,98.35,0.0,0.0,0.0
2022-01-23 16:00:00+00:00,False,98.35,99.12,94.01,95.78,0.0,0.0,0.0
2022-01-23 20:00:00+00:00,False,95.8,101.99,92.3,92.89,0.0,0.0,0.0
2022-01-24 00:00:00+00:00,False,92.85,94.64,89.15,89.26,0.0,0.0,0.0
2022-01-24 04:00:00+00:00,False,89.3,90.28,86.03,87.61,0.0,0.0,0.0
2022-01-24 08:00:00+00:00,False,87.71,87.98,80.83,81.39,0.0,0.0,0.0
2022-01-24 12:00:00+00:00,False,81.36,88.12,80.85,85.7,0.0,0.0,0.0
2022-01-24 16:00:00+00:00,False,85.73,96.28,84.0,92.54,0.0,0.0,0.0
2022-01-24 20:00:00+00:00,False,92.63,94.1,89.06,89.66,0.0,0.0,0.0
2022-01-25 00:00:00+00:00,False,89.67,90.7,87.45,87.97,0.0,0.0,0.0
2022-01-25 04:00:00+00:00,False,87.96,92.81,87.84,90.92,0.0,0.0,0.0
2022-01-25 08:00:00+00:00,False,90.95,94.52,90.89,92.35,0.0,0.0,0.0
2022-01-25 12:00:00+00:00,False,92.38,95.0,90.47,94.0,0.0,0.0,0.0
2022-01-25 16:00:00+00:00,False,94.07,100.24,93.79,94.0,0.0,0.0,0.0
2022-01-25 20:00:00+00:00,False,94.0,95.87,92.02,93.22,0.0,0.0,0.0
2022-01-26 00:00:00+00:00,False,93.23,97.22,91.45,95.98,0.0,0.0,0.0
2022-01-26 04:00:00+00:00,False,95.98,96.55,93.72,96.12,0.0,0.0,0.0
2022-01-26 08:00:00+00:00,False,96.13,98.36,95.39,96.78,0.0,0.0,0.0
2022-01-26 12:00:00+00:00,False,96.75,102.26,96.12,100.1,0.0,0.0,0.0
2022-01-26 16:00:00+00:00,False,100.07,104.85,91.8,94.57,0.0,0.0,0.0
2022-01-26 20:00:00+00:00,True,94.63,94.77,89.26,92.38,0.0,0.0,0.0
2022-01-27 00:00:00+00:00,True,92.38,92.42,85.76,88.25,0.0,0.0,0.0
2022-01-27 04:00:00+00:00,True,88.25,90.2,87.31,89.84,0.0,0.0,0.0
2022-01-27 08:00:00+00:00,True,89.81,92.07,89.55,91.73,0.0,0.0,0.0
2022-01-27 12:00:00+00:00,True,91.71,94.7,91.05,92.84,0.0,0.0,0.0
2022-01-27 16:00:00+00:00,True,92.81,92.86,86.9,87.25,0.0,0.0,0.0
2022-01-27 20:00:00+00:00,True,87.19,92.15,85.65,92.14,0.0,0.0,0.0
2022-01-28 00:00:00+00:00,True,92.16,93.16,88.71,92.29,0.0,0.0,0.0
2022-01-28 04:00:00+00:00,True,92.28,93.58,89.0,89.84,0.0,0.0,0.0
2022-01-28 08:00:00+00:00,True,89.86,91.02,87.21,87.51,0.0,0.0,0.0
2022-01-28 12:00:00+00:00,True,87.53,92.71,87.22,91.21,0.0,0.0,0.0
2022-01-28 16:00:00+00:00,True,91.19,93.11,90.13,91.95,0.0,0.0,0.0
2022-01-28 20:00:00+00:00,True,91.94,93.88,90.27,92.84,0.0,0.0,0.0
2022-01-29 00:00:00+00:00,True,92.83,94.46,90.59,94.31,0.0,0.0,0.0
2022-01-29 04:00:00+00:00,True,94.33,97.7,93.36,95.41,0.0,0.0,0.0
2022-01-29 08:00:00+00:00,True,95.37,97.73,95.0,96.35,0.0,0.0,0.0
2022-01-29 12:00:00+00:00,True,96.35,99.01,93.5,95.16,0.0,0.0,0.0
2022-01-29 16:00:00+00:00,True,95.18,96.92,93.79,96.68,0.0,0.0,0.0
2022-01-29 20:00:00+00:00,True,96.68,96.8,93.77,94.12,0.0,0.0,0.0
2022-01-30 00:00:00+00:00,True,94.14,95.71,93.79,95.32,0.0,0.0,0.0
2022-01-30 04:00:00+00:00,True,95.33,97.63,95.32,95.91,0.0,0.0,0.0
2022-01-30 08:00:00+00:00,True,96.02,96.77,95.12,95.47,0.0,0.0,0.0
2022-01-30 12:00:00+00:00,True,95.48,95.97,93.95,94.18,0.0,0.0,0.0
2022-01-30 16:00:00+00:00,True,94.21,95.37,91.46,92.49,0.0,0.0,0.0
2022-01-30 20:00:00+00:00,True,92.48,94.28,90.6,90.83,0.0,0.0,0.0
2022-01-31 00:00:00+00:00,True,90.87,91.32,88.95,89.91,0.0,0.0,0.0
2022-01-31 04:00:00+00:00,True,89.94,90.76,89.48,90.37,0.0,0.0,0.0
2022-01-31 08:00:00+00:00,True,90.35,91.93,90.0,90.8,0.0,0.0,0.0
2022-01-31 12:00:00+00:00,True,90.78,98.71,90.35,97.74,0.0,0.0,0.0
2022-01-31 16:00:00+00:00,True,97.72,99.45,96.98,98.32,0.0,0.0,0.0
2022-01-31 20:00:00+00:00,True,98.33,101.41,98.32,100.54,0.0,0.0,0.0
2022-02-01 00:00:00+00:00,True,100.53,108.74,100.44,106.19,0.0,0.0,0.0
2022-02-01 04:00:00+00:00,True,106.19,108.97,104.55,108.96,0.0,0.0,0.0
2022-02-01 08:00:00+00:00,True,108.92,109.0,103.85,107.15,0.0,0.0,0.0
2022-02-01 12:00:00+00:00,True,107.13,113.89,106.24,113.12,0.0,0.0,0.0
2022-02-01 16:00:00+00:00,True,113.1,113.25,107.67,111.24,0.0,0.0,0.0
2022-02-01 20:00:00+00:00,True,111.23,112.35,108.26,109.52,0.0,0.0,0.0
2022-02-02 00:00:00+00:00,True,109.52,112.48,108.27,109.56,0.0,0.0,0.0
2022-02-02 04:00:00+00:00,True,109.56,110.56,107.68,109.67,0.0,0.0,0.0
2022-02-02 08:00:00+00:00,True,109.66,112.37,109.02,112.17,0.0,0.0,0.0
2022-02-02 12:00:00+00:00,True,112.18,112.19,103.54,105.47,0.0,0.0,0.0
2022-02-02 16:00:00+00:00,True,105.43,111.96,102.48,103.63,0.0,0.0,0.0
2022-02-02 20:00:00+00:00,True,103.59,103.79,96.87,102.44,0.0,0.0,0.0
2022-02-03 00:00:00+00:00,True,102.44,102.61,96.62,98.05,0.0,0.0,0.0
2022-02-03 04:00:00+00:00,True,98.05,100.03,97.6,98.67,0.0,0.0,0.0
2022-02-03 08:00:00+00:00,True,98.66,98.8,94.07,96.62,0.0,0.0,0.0
2022-02-03 12:00:00+00:00,True,96.63,99.29,95.43,96.38,0.0,0.0,0.0
2022-02-03 16:00:00+00:00,True,96.4,98.49,95.88,98.21,0.0,0.0,0.0
2022-02-03 20:00:00+00:00,True,98.22,102.33,97.76,101.15,0.0,0.0,0.0
2022-02-04 00:00:00+00:00,True,101.11,103.91,100.54,102.55,0.0,0.0,0.0
2022-02-04 04:00:00+00:00,True,102.56,106.97,102.45,106.15,0.0,0.0,0.0
2022-02-04 08:00:00+00:00,True,106.12,107.08,103.75,104.1,0.0,0.0,0.0
2022-02-04 12:00:00+00:00,True,104.09,111.75,101.68,109.37,0.0,0.0,0.0
2022-02-04 16:00:00+00:00,True,109.35,111.2,108.12,110.0,0.0,0.0,0.0
2022-02-04 20:00:00+00:00,True,109.99,113.05,109.37,111.55,0.0,0.0,0.0
2022-02-05 00:00:00+00:00,True,111.53,116.0,110.29,115.53,0.0,0.0,0.0
2022-02-05 04:00:00+00:00,True,115.5,118.69,115.23,116.05,0.0,0.0,0.0
2022-02-05 08:00:00+00:00,True,116.05,116.4,114.26,114.64,0.0,0.0,0.0
2022-02-05 12:00:00+00:00,True,114.61,117.31,111.27,111.87,0.0,0.0,0.0
2022-02-05 16:00:00+00:00,True,111.89,114.95,110.84,113.69,0.0,0.0,0.0
2022-02-05 20:00:00+00:00,True,113.65,115.83,113.36,114.75,0.0,0.0,0.0
2022-02-06 00:00:00+00:00,True,114.76,115.84,112.22,113.7,0.0,0.0,0.0
2022-02-06 04:00:00+00:00,True,113.7,114.86,112.3,114.66,0.0,0.0,0.0
2022-02-06 08:00:00+00:00,True,114.66,116.11,113.8,114.31,0.0,0.0,0.0
2022-02-06 12:00:00+00:00,True,114.25,115.96,111.51,113.71,0.0,0.0,0.0
2022-02-06 16:00:00+00:00,True,113.68,114.59,112.0,112.66,0.0,0.0,0.0
2022-02-06 20:00:00+00:00,True,112.69,115.7,112.25,113.4,0.0,0.0,0.0
2022-02-07 00:00:00+00:00,True,113.43,120.08,113.03,118.56,0.0,0.0,0.0
2022-02-07 04:00:00+00:00,True,118.6,119.32,116.01,117.14,0.0,0.0,0.0
2022-02-07 08:00:00+00:00,True,117.15,118.03,115.55,117.99,0.0,0.0,0.0
2022-02-07 12:00:00+00:00,True,117.97,121.99,117.88,120.02,0.0,0.0,0.0
2022-02-07 16:00:00+00:00,True,120.02,121.66,117.55,118.49,0.0,0.0,0.0
2022-02-07 20:00:00+00:00,True,118.43,118.97,115.62,117.45,0.0,0.0,0.0
2022-02-08 00:00:00+00:00,True,117.45,119.05,116.52,118.55,0.0,0.0,0.0
2022-02-08 04:00:00+00:00,True,118.48,120.4,113.69,114.76,0.0,0.0,0.0
2022-02-08 08:00:00+00:00,True,114.7,114.81,111.53,112.94,0.0,0.0,0.0
2022-02-08 12:00:00+00:00,True,112.91,113.48,110.39,110.93,0.0,0.0,0.0
2022-02-08 16:00:00+00:00,True,110.94,113.65,109.68,113.35,0.0,0.0,0.0
2022-02-08 20:00:00+00:00,True,113.36,115.16,112.5,114.82,0.0,0.0,0.0
2022-02-09 00:00:00+00:00,True,114.86,115.06,110.57,110.79,0.0,0.0,0.0
2022-02-09 04:00:00+00:00,True,110.81,111.96,109.35,111.18,0.0,0.0,0.0
2022-02-09 08:00:00+00:00,True,111.16,115.53,110.84,115.23,0.0,0.0,0.0
2022-02-09 12:00:00+00:00,True,115.25,117.22,112.63,114.61,0.0,0.0,0.0
2022-02-09 16:00:00+00:00,True,114.6,116.55,113.19,115.65,0.0,0.0,0.0
2022-02-09 20:00:00+00:00,True,115.66,116.04,113.0,113.64,0.0,0.0,0.0
2022-02-10 00:00:00+00:00,True,113.64,113.83,110.66,111.55,0.0,0.0,0.0
2022-02-10 04:00:00+00:00,True,111.54,113.19,111.25,112.96,0.0,0.0,0.0
2022-02-10 08:00:00+00:00,True,112.96,114.98,112.55,113.28,0.0,0.0,0.0
2022-02-10 12:00:00+00:00,True,113.28,114.09,105.64,112.02,0.0,0.0,0.0
2022-02-10 16:00:00+00:00,True,112.02,113.15,108.17,109.22,0.0,0.0,0.0
2022-02-10 20:00:00+00:00,False,109.22,109.42,103.68,106.44,0.0,0.0,0.0
2022-02-11 00:00:00+00:00,False,106.46,106.5,104.0,104.61,0.0,0.0,0.0
2022-02-11 04:00:00+00:00,False,104.63,106.38,103.27,105.29,0.0,0.0,0.0
2022-02-11 08:00:00+00:00,False,105.25,106.77,105.03,106.77,0.0,0.0,0.0
2022-02-11 12:00:00+00:00,False,106.75,108.59,105.02,106.47,0.0,0.0,0.0
2022-02-11 16:00:00+00:00,False,106.4,106.58,96.24,97.92,0.0,0.0,0.0
2022-02-11 20:00:00+00:00,False,97.91,98.52,95.17,96.48,0.0,0.0,0.0
2022-02-12 00:00:00+00:00,False,96.53,98.57,96.33,97.12,0.0,0.0,0.0
2022-02-12 04:00:00+00:00,False,97.13,97.19,92.78,95.37,0.0,0.0,0.0
2022-02-12 08:00:00+00:00,False,95.39,96.28,93.83,95.39,0.0,0.0,0.0
2022-02-12 12:00:00+00:00,False,95.42,97.7,93.59,97.37,0.0,0.0,0.0
2022-02-12 16:00:00+00:00,False,97.37,99.93,96.82,97.7,0.0,0.0,0.0
2022-02-12 20:00:00+00:00,False,97.71,97.73,94.0,96.67,0.0,0.0,0.0
2022-02-13 00:00:00+00:00,False,96.71,97.35,95.24,95.77,0.0,0.0,0.0
2022-02-13 04:00:00+00:00,False,95.84,97.01,95.3,96.51,0.0,0.0,0.0
2022-02-13 08:00:00+00:00,False,96.49,96.88,95.49,96.34,0.0,0.0,0.0
2022-02-13 12:00:00+00:00,False,96.32,96.98,93.35,93.68,0.0,0.0,0.0
2022-02-13 16:00:00+00:00,False,93.64,94.12,91.38,93.88,0.0,0.0,0.0
2022-02-13 20:00:00+00:00,False,93.89,94.17,91.85,92.49,0.0,0.0,0.0
2022-02-14 00:00:00+00:00,False,92.57,94.09,90.79,93.83,0.0,0.0,0.0
2022-02-14 04:00:00+00:00,False,93.81,94.97,92.76,93.49,0.0,0.0,0.0
2022-02-14 08:00:00+00:00,False,93.53,95.93,91.6,95.28,0.0,0.0,0.0
2022-02-14 12:00:00+00:00,False,95.3,97.97,94.72,97.16,0.0,0.0,0.0
2022-02-14 16:00:00+00:00,False,97.19,97.36,93.35,94.95,0.0,0.0,0.0
2022-02-14 20:00:00+00:00,False,94.95,97.68,94.61,97.09,0.0,0.0,0.0
2022-02-15 00:00:00+00:00,False,97.07,102.58,96.83,101.21,0.0,0.0,0.0
2022-02-15 04:00:00+00:00,False,101.21,103.66,100.39,102.99,0.0,0.0,0.0
2022-02-15 08:00:00+00:00,False,102.98,103.75,101.65,102.18,0.0,0.0,0.0
2022-02-15 12:00:00+00:00,False,102.18,103.37,100.81,101.89,0.0,0.0,0.0
2022-02-15 16:00:00+00:00,False,101.86,102.66,100.9,101.65,0.0,0.0,0.0
2022-02-15 20:00:00+00:00,False,101.67,105.86,100.99,103.51,0.0,0.0,0.0
2022-02-16 00:00:00+00:00,True,103.47,103.84,100.77,101.93,0.0,1.0,0.0
2022-02-16 04:00:00+00:00,True,101.89,104.49,101.83,103.85,0.0,1.0,0.0
2022-02-16 08:00:00+00:00,True,103.84,103.87,101.5,101.71,0.0,1.0,0.0
2022-02-16 12:00:00+00:00,True,101.72,102.02,98.28,99.36,0.0,1.0,0.0
2022-02-16 16:00:00+00:00,True,99.37,103.73,98.73,103.0,0.0,1.0,0.0
2022-02-16 20:00:00+00:00,True,103.01,103.19,101.45,102.49,0.0,1.0,0.0
2022-02-17 00:00:00+00:00,True,102.47,102.88,98.0,99.14,0.0,1.0,0.0
2022-02-17 04:00:00+00:00,True,99.16,101.13,98.39,99.44,0.0,1.0,0.0
2022-02-17 08:00:00+00:00,True,99.46,99.76,97.81,99.17,0.0,1.0,0.0
2022-02-17 12:00:00+00:00,True,99.14,99.14,96.64,97.34,0.0,1.0,0.0
2022-02-17 16:00:00+00:00,True,97.35,97.46,93.05,94.23,0.0,1.0,0.0
2022-02-17 20:00:00+00:00,True,94.19,94.84,92.38,94.59,0.0,1.0,0.0
2022-02-18 00:00:00+00:00,True,94.58,95.59,93.39,94.1,0.0,1.0,0.0
2022-02-18 04:00:00+00:00,False,94.09,96.45,94.06,96.25,0.0,1.0,0.0
2022-02-18 08:00:00+00:00,False,96.24,96.28,93.68,94.46,0.0,1.0,0.0
2022-02-18 12:00:00+00:00,False,94.47,94.57,90.0,90.58,0.0,1.0,0.0
2022-02-18 16:00:00+00:00,False,90.57,91.34,89.29,90.86,0.0,1.0,0.0
2022-02-18 20:00:00+00:00,False,90.84,91.44,89.38,91.07,0.0,1.0,0.0
2022-02-19 00:00:00+00:00,False,91.08,92.27,90.85,91.99,0.0,1.0,0.0
2022-02-19 04:00:00+00:00,False,92.03,92.79,90.55,91.1,0.0,1.0,0.0
2022-02-19 08:00:00+00:00,False,91.07,91.34,88.7,89.1,0.0,1.0,0.0
2022-02-19 12:00:00+00:00,False,89.13,92.2,88.69,90.37,0.0,1.0,0.0
2022-02-19 16:00:00+00:00,False,90.38,91.27,89.7,90.26,0.0,1.0,0.0
2022-02-19 20:00:00+00:00,False,90.29,91.78,89.56,89.94,0.0,1.0,0.0
2022-02-20 00:00:00+00:00,False,89.95,90.68,87.14,87.49,0.0,1.0,0.0
2022-02-20 04:00:00+00:00,False,87.49,88.51,85.62,88.15,0.0,1.0,0.0
2022-02-20 08:00:00+00:00,False,88.16,90.91,87.76,89.02,0.0,1.0,0.0
2022-02-20 12:00:00+00:00,False,89.02,90.95,87.33,90.48,0.0,1.0,0.0
2022-02-20 16:00:00+00:00,False,90.47,93.5,90.33,91.29,0.0,1.0,0.0
2022-02-20 20:00:00+00:00,False,91.28,93.96,90.28,92.91,0.0,1.0,0.0
2022-02-21 00:00:00+00:00,False,92.92,95.34,92.91,94.45,0.0,1.0,0.0
2022-02-21 04:00:00+00:00,False,94.49,96.16,93.82,94.21,0.0,1.0,0.0
2022-02-21 08:00:00+00:00,False,94.26,95.03,87.78,88.19,0.0,1.0,0.0
2022-02-21 12:00:00+00:00,False,88.2,92.26,86.94,88.97,0.0,1.0,0.0
2022-02-21 16:00:00+00:00,False,88.97,89.61,86.29,87.04,0.0,1.0,0.0
2022-02-21 20:00:00+00:00,False,87.04,88.31,82.69,84.21,0.0,1.0,0.0
2022-02-22 00:00:00+00:00,False,84.2,84.35,81.0,82.0,0.0,1.0,0.0
2022-02-22 04:00:00+00:00,False,82.02,83.87,81.42,83.47,0.0,1.0,0.0
2022-02-22 08:00:00+00:00,False,83.49,86.06,83.2,85.03,0.0,1.0,0.0
2022-02-22 12:00:00+00:00,False,85.05,87.71,84.28,85.25,0.0,1.0,0.0
2022-02-22 16:00:00+00:00,False,85.24,86.68,83.8,85.87,0.0,1.0,0.0
2022-02-22 20:00:00+00:00,False,85.88,88.37,84.79,86.99,0.0,1.0,0.0
2022-02-23 00:00:00+00:00,False,86.99,89.24,86.18,88.98,0.0,1.0,0.0
2022-02-23 04:00:00+00:00,False,88.99,90.29,88.16,90.08,0.0,1.0,0.0
2022-02-23 08:00:00+00:00,False,90.05,93.35,89.79,92.61,0.0,1.0,0.0
2022-02-23 12:00:00+00:00,False,92.55,93.42,88.95,90.49,0.0,1.0,0.0
2022-02-23 16:00:00+00:00,True,90.47,92.24,86.35,87.61,0.0,0.0,0.0
2022-02-23 20:00:00+00:00,True,87.66,88.34,84.09,84.66,0.0,0.0,0.0
2022-02-24 00:00:00+00:00,False,84.63,85.31,75.36,79.16,0.0,0.0,0.0
2022-02-24 04:00:00+00:00,False,79.18,84.58,78.25,82.78,0.0,0.0,0.0
2022-02-24 08:00:00+00:00,False,82.77,83.73,79.36,79.71,0.0,0.0,0.0
2022-02-24 12:00:00+00:00,False,79.7,86.88,79.48,84.48,0.0,0.0,0.0
2022-02-24 16:00:00+00:00,False,84.46,93.69,83.4,90.01,0.0,0.0,0.0
2022-02-24 20:00:00+00:00,False,90.03,90.85,86.72,88.41,0.0,0.0,0.0
2022-02-25 00:00:00+00:00,True,88.43,90.85,88.09,88.25,0.0,0.0,0.0
2022-02-25 04:00:00+00:00,True,88.23,89.44,86.87,88.13,0.0,0.0,0.0
2022-02-25 08:00:00+00:00,True,88.11,91.46,86.97,90.7,0.0,0.0,0.0
2022-02-25 12:00:00+00:00,True,90.72,92.28,87.91,90.9,0.0,0.0,0.0
2022-02-25 16:00:00+00:00,True,90.9,91.28,88.88,90.5,0.0,0.0,0.0
2022-02-25 20:00:00+00:00,True,90.47,95.2,90.43,94.69,0.0,0.0,0.0
2022-02-26 00:00:00+00:00,True,94.67,94.75,92.2,92.86,0.0,0.0,0.0
2022-02-26 04:00:00+00:00,True,92.83,93.28,90.52,91.09,0.0,0.0,0.0
2022-02-26 08:00:00+00:00,True,91.09,91.58,90.11,90.5,0.0,0.0,0.0
2022-02-26 12:00:00+00:00,True,90.49,92.15,90.42,90.73,0.0,0.0,0.0
2022-02-26 16:00:00+00:00,True,90.73,91.98,89.28,91.38,0.0,0.0,0.0
2022-02-26 20:00:00+00:00,True,91.38,92.72,87.55,87.76,0.0,0.0,0.0
2022-02-27 00:00:00+00:00,True,87.72,87.97,86.29,86.9,0.0,0.0,0.0
2022-02-27 04:00:00+00:00,True,86.89,89.31,86.87,88.82,0.0,0.0,0.0
2022-02-27 08:00:00+00:00,True,88.85,92.18,88.79,91.65,0.0,0.0,0.0
2022-02-27 12:00:00+00:00,True,91.66,92.24,88.42,88.81,0.0,0.0,0.0
2022-02-27 16:00:00+00:00,True,88.84,89.09,84.43,85.48,0.0,0.0,0.0
2022-02-27 20:00:00+00:00,True,85.49,86.16,84.1,84.76,0.0,0.0,0.0
2022-02-28 00:00:00+00:00,True,84.74,88.09,84.69,86.73,0.0,0.0,0.0
2022-02-28 04:00:00+00:00,True,86.71,90.28,84.76,90.05,0.0,0.0,0.0
2022-02-28 08:00:00+00:00,True,90.08,91.64,89.42,90.31,0.0,0.0,0.0
2022-02-28 12:00:00+00:00,True,90.29,97.25,88.92,94.98,0.0,0.0,0.0
2022-02-28 16:00:00+00:00,True,94.98,99.75,94.32,98.86,0.0,0.0,0.0
2022-02-28 20:00:00+00:00,True,98.89,102.65,96.91,98.29,0.0,0.0,0.0
2022-03-01 00:00:00+00:00,True,98.3,98.33,95.87,97.71,0.0,0.0,0.0
2022-03-01 04:00:00+00:00,True,97.7,97.71,95.11,96.19,0.0,0.0,0.0
2022-03-01 08:00:00+00:00,True,96.2,99.4,94.29,99.04,0.0,0.0,0.0
2022-03-01 12:00:00+00:00,True,99.05,102.1,96.11,96.56,0.0,0.0,0.0
2022-03-01 16:00:00+00:00,True,96.56,99.24,96.4,99.24,0.0,0.0,0.0
2022-03-01 20:00:00+00:00,True,99.25,99.89,96.81,99.16,0.0,0.0,0.0
2022-03-02 00:00:00+00:00,True,99.09,105.4,97.12,103.94,0.0,0.0,0.0
2022-03-02 04:00:00+00:00,True,103.97,104.74,101.2,103.76,0.0,0.0,0.0
2022-03-02 08:00:00+00:00,True,103.8,106.45,102.62,103.89,0.0,0.0,0.0
2022-03-02 12:00:00+00:00,True,103.88,105.0,100.2,101.67,0.0,0.0,0.0
2022-03-02 16:00:00+00:00,True,101.66,103.39,99.86,100.11,0.0,0.0,0.0
2022-03-02 20:00:00+00:00,True,100.11,102.05,99.91,100.13,0.0,0.0,0.0
2022-03-03 00:00:00+00:00,True,100.13,100.14,97.75,98.86,0.0,0.0,0.0
2022-03-03 04:00:00+00:00,True,98.84,100.94,97.87,100.22,0.0,0.0,0.0
2022-03-03 08:00:00+00:00,True,100.22,101.21,98.78,100.19,0.0,0.0,0.0
2022-03-03 12:00:00+00:00,True,100.19,100.48,95.03,95.51,0.0,0.0,0.0
2022-03-03 16:00:00+00:00,True,95.51,95.78,93.99,94.29,0.0,0.0,0.0
2022-03-03 20:00:00+00:00,True,94.29,96.4,91.9,92.96,0.0,0.0,0.0
2022-03-04 00:00:00+00:00,True,92.94,93.07,90.44,91.67,0.0,0.0,0.0
2022-03-04 04:00:00+00:00,True,91.67,92.86,90.53,92.5,0.0,0.0,0.0
2022-03-04 08:00:00+00:00,True,92.46,93.93,91.64,92.25,0.0,0.0,0.0
2022-03-04 12:00:00+00:00,True,92.26,93.87,90.63,92.02,0.0,0.0,0.0
2022-03-04 16:00:00+00:00,False,92.0,92.9,87.8,88.8,0.0,0.0,1.0
2022-03-04 20:00:00+00:00,False,88.82,89.27,86.0,87.03,0.0,0.0,1.0
2022-03-05 00:00:00+00:00,False,87.07,87.94,86.25,87.21,0.0,0.0,1.0
2022-03-05 04:00:00+00:00,False,87.21,89.25,87.04,88.59,0.0,0.0,1.0
2022-03-05 08:00:00+00:00,False,88.63,89.82,87.83,88.81,0.0,0.0,1.0
2022-03-05 12:00:00+00:00,False,88.8,90.98,87.82,90.6,0.0,0.0,1.0
2022-03-05 16:00:00+00:00,False,90.61,91.24,89.22,89.88,0.0,0.0,1.0
2022-03-05 20:00:00+00:00,False,89.89,90.12,89.05,89.85,0.0,0.0,1.0
2022-03-06 00:00:00+00:00,False,89.86,89.95,86.62,88.53,0.0,0.0,1.0
2022-03-06 04:00:00+00:00,False,88.56,88.95,87.36,87.42,0.0,0.0,1.0
2022-03-06 08:00:00+00:00,False,87.43,87.92,85.77,87.29,0.0,0.0,1.0
2022-03-06 12:00:00+00:00,False,87.27,88.29,86.48,87.43,0.0,0.0,1.0
2022-03-06 16:00:00+00:00,False,87.44,87.59,84.88,85.75,0.0,0.0,1.0
2022-03-06 20:00:00+00:00,False,85.78,86.64,82.01,83.15,0.0,0.0,1.0
2022-03-07 00:00:00+00:00,False,83.13,83.82,81.43,82.55,0.0,0.0,1.0
2022-03-07 04:00:00+00:00,False,82.5,83.54,81.1,82.62,0.0,0.0,1.0
2022-03-07 08:00:00+00:00,False,82.65,84.56,81.9,83.91,0.0,0.0,1.0
2022-03-07 12:00:00+00:00,False,84.0,86.73,83.8,84.01,0.0,0.0,1.0
2022-03-07 16:00:00+00:00,False,84.03,84.64,80.0,81.22,0.0,0.0,1.0
2022-03-07 20:00:00+00:00,False,81.22,82.96,80.77,82.17,0.0,0.0,1.0
2022-03-08 00:00:00+00:00,False,82.16,84.63,81.87,83.51,0.0,0.0,1.0
2022-03-08 04:00:00+00:00,False,83.51,84.95,82.5,83.85,0.0,0.0,1.0
2022-03-08 08:00:00+00:00,False,83.89,84.57,83.16,84.38,0.0,0.0,1.0
2022-03-08 12:00:00+00:00,False,84.35,84.5,81.35,82.05,0.0,0.0,1.0
2022-03-08 16:00:00+00:00,False,82.08,85.35,81.61,81.93,0.0,0.0,1.0
2022-03-08 20:00:00+00:00,False,81.96,83.45,81.38,83.04,0.0,0.0,1.0
2022-03-09 00:00:00+00:00,False,83.03,88.78,82.71,87.99,0.0,0.0,1.0
2022-03-09 04:00:00+00:00,False,88.0,89.93,86.96,88.65,0.0,0.0,1.0
2022-03-09 08:00:00+00:00,False,88.62,89.19,87.12,87.43,0.0,0.0,1.0
2022-03-09 12:00:00+00:00,False,87.44,89.44,86.55,88.44,0.0,0.0,1.0
2022-03-09 16:00:00+00:00,False,88.46,88.66,86.08,86.35,0.0,0.0,1.0
2022-03-09 20:00:00+00:00,False,86.36,88.85,86.09,87.3,0.0,0.0,1.0
2022-03-10 00:00:00+00:00,False,87.3,88.2,82.72,83.21,0.0,0.0,1.0
2022-03-10 04:00:00+00:00,False,83.21,83.32,81.92,82.7,0.0,0.0,1.0
2022-03-10 08:00:00+00:00,False,82.72,83.23,81.93,82.76,0.0,0.0,1.0
2022-03-10 12:00:00+00:00,False,82.78,83.99,80.77,82.18,0.0,0.0,1.0
2022-03-10 16:00:00+00:00,False,82.18,83.47,81.73,83.2,0.0,0.0,1.0
2022-03-10 20:00:00+00:00,False,83.24,84.05,81.89,81.91,0.0,0.0,1.0
2022-03-11 00:00:00+00:00,False,81.92,82.26,80.33,80.57,0.0,0.0,1.0
2022-03-11 04:00:00+00:00,False,80.56,82.64,80.22,82.04,0.0,0.0,1.0
2022-03-11 08:00:00+00:00,False,82.03,84.37,81.24,83.41,0.0,0.0,1.0
2022-03-11 12:00:00+00:00,False,83.42,83.47,80.5,81.04,0.0,0.0,1.0
2022-03-11 16:00:00+00:00,False,81.06,81.45,80.09,80.7,0.0,0.0,1.0
2022-03-11 20:00:00+00:00,False,80.66,81.79,80.55,81.6,0.0,0.0,1.0
2022-03-12 00:00:00+00:00,False,81.6,82.78,81.34,81.97,0.0,0.0,1.0
2022-03-12 04:00:00+00:00,False,81.97,82.31,80.63,81.19,0.0,0.0,1.0
2022-03-12 08:00:00+00:00,False,81.19,81.72,80.96,81.57,0.0,0.0,1.0
2022-03-12 12:00:00+00:00,False,81.53,82.41,80.94,82.25,0.0,0.0,1.0
2022-03-12 16:00:00+00:00,False,82.27,82.36,81.53,82.07,0.0,0.0,1.0
2022-03-12 20:00:00+00:00,False,82.04,82.21,81.04,81.07,0.0,0.0,1.0
2022-03-13 00:00:00+00:00,False,81.09,83.33,81.07,82.46,0.0,0.0,1.0
2022-03-13 04:00:00+00:00,False,82.44,82.83,81.62,81.83,0.0,0.0,1.0
2022-03-13 08:00:00+00:00,False,81.83,81.83,80.84,81.0,0.0,0.0,1.0
2022-03-13 12:00:00+00:00,False,80.96,81.7,80.05,81.33,0.0,0.0,1.0
2022-03-13 16:00:00+00:00,False,81.32,81.48,80.33,80.37,0.0,0.0,1.0
2022-03-13 20:00:00+00:00,False,80.34,80.47,77.74,78.79,0.0,0.0,1.0
2022-03-14 00:00:00+00:00,False,78.79,79.96,78.02,79.84,0.0,0.0,1.0
2022-03-14 04:00:00+00:00,False,79.87,81.68,79.85,81.22,0.0,0.0,1.0
2022-03-14 08:00:00+00:00,False,81.21,82.28,80.7,80.76,0.0,0.0,1.0
2022-03-14 12:00:00+00:00,False,80.74,81.48,80.08,80.9,0.0,0.0,1.0
2022-03-14 16:00:00+00:00,False,80.9,80.99,78.5,79.94,0.0,0.0,1.0
2022-03-14 20:00:00+00:00,True,79.93,81.6,79.13,81.2,0.0,0.0,1.0
2022-03-15 00:00:00+00:00,True,81.23,81.58,79.33,79.81,0.0,0.0,1.0
2022-03-15 04:00:00+00:00,True,79.82,80.42,78.78,79.1,0.0,0.0,1.0
2022-03-15 08:00:00+00:00,True,79.08,80.43,79.0,80.27,0.0,0.0,1.0
2022-03-15 12:00:00+00:00,True,80.31,81.28,79.62,80.98,0.0,0.0,1.0
2022-03-15 16:00:00+00:00,True,80.97,86.02,80.93,85.01,0.0,0.0,1.0
2022-03-15 20:00:00+00:00,True,84.98,85.0,82.74,82.89,0.0,0.0,1.0
2022-03-16 00:00:00+00:00,True,82.88,86.4,82.05,82.47,0.0,0.0,1.0
2022-03-16 04:00:00+00:00,True,82.48,83.02,81.53,82.97,0.0,0.0,1.0
2022-03-16 08:00:00+00:00,True,82.97,84.62,82.81,84.43,0.0,0.0,1.0
2022-03-16 12:00:00+00:00,True,84.43,84.98,82.75,84.36,0.0,0.0,1.0
2022-03-16 16:00:00+00:00,True,84.38,86.08,82.18,85.77,0.0,0.0,1.0
2022-03-16 20:00:00+00:00,True,85.81,88.12,85.64,87.84,0.0,0.0,1.0
2022-03-17 00:00:00+00:00,True,87.85,89.25,86.95,87.67,0.0,0.0,1.0
2022-03-17 04:00:00+00:00,True,87.62,89.02,86.78,87.33,0.0,0.0,1.0
2022-03-17 08:00:00+00:00,True,87.27,88.67,86.62,88.54,0.0,0.0,1.0
2022-03-17 12:00:00+00:00,True,88.5,90.79,88.09,89.36,0.0,0.0,1.0
2022-03-17 16:00:00+00:00,True,89.38,91.09,88.67,90.53,0.0,0.0,1.0
2022-03-17 20:00:00+00:00,True,90.54,90.64,87.55,87.56,0.0,0.0,1.0
2022-03-18 00:00:00+00:00,True,87.54,88.18,85.59,85.73,0.0,0.0,1.0
2022-03-18 04:00:00+00:00,True,85.74,87.19,85.64,85.64,0.0,0.0,1.0
2022-03-18 08:00:00+00:00,True,85.67,86.63,84.5,85.15,0.0,0.0,1.0
2022-03-18 12:00:00+00:00,True,85.16,88.89,84.65,88.83,0.0,0.0,1.0
2022-03-18 16:00:00+00:00,True,88.86,92.45,88.27,91.48,0.0,0.0,1.0
2022-03-18 20:00:00+00:00,True,91.45,91.7,88.92,89.9,0.0,0.0,1.0
2022-03-19 00:00:00+00:00,True,89.88,92.4,89.35,90.07,0.0,0.0,1.0
2022-03-19 04:00:00+00:00,True,90.03,90.9,89.28,89.55,0.0,0.0,1.0
2022-03-19 08:00:00+00:00,True,89.54,91.05,89.38,90.53,0.0,0.0,1.0
2022-03-19 12:00:00+00:00,True,90.54,94.44,90.45,94.01,0.0,0.0,1.0
2022-03-19 16:00:00+00:00,True,93.97,94.63,91.95,92.05,0.0,0.0,1.0
2022-03-19 20:00:00+00:00,True,92.03,93.5,91.23,92.24,0.0,0.0,1.0
2022-03-20 00:00:00+00:00,True,92.24,92.46,90.4,90.77,0.0,0.0,1.0
2022-03-20 04:00:00+00:00,True,90.8,91.62,90.39,91.13,0.0,0.0,1.0
2022-03-20 08:00:00+00:00,True,91.13,91.69,89.65,89.85,0.0,0.0,1.0
2022-03-20 12:00:00+00:00,True,89.88,90.71,88.93,89.02,0.0,0.0,1.0
2022-03-20 16:00:00+00:00,True,88.98,89.97,87.87,89.58,0.0,0.0,1.0
2022-03-20 20:00:00+00:00,True,89.59,90.36,88.29,88.73,0.0,0.0,1.0
2022-03-21 00:00:00+00:00,True,88.76,89.22,86.79,87.71,0.0,0.0,1.0
2022-03-21 04:00:00+00:00,True,87.71,89.98,87.6,89.91,0.0,0.0,1.0
2022-03-21 08:00:00+00:00,True,89.9,91.18,89.41,89.68,0.0,0.0,1.0
2022-03-21 12:00:00+00:00,True,89.69,91.32,88.69,89.48,0.0,0.0,1.0
2022-03-21 16:00:00+00:00,True,89.48,89.63,87.46,88.88,0.0,0.0,1.0
2022-03-21 20:00:00+00:00,True,88.86,89.25,88.26,88.45,0.0,0.0,1.0
2022-03-22 00:00:00+00:00,True,88.42,91.78,88.0,91.39,0.0,0.0,1.0
2022-03-22 04:00:00+00:00,True,91.41,92.46,89.53,90.26,0.0,0.0,1.0
2022-03-22 08:00:00+00:00,True,90.26,92.26,90.19,91.95,0.0,0.0,1.0
2022-03-22 12:00:00+00:00,True,91.92,94.0,91.04,92.99,0.0,0.0,1.0
2022-03-22 16:00:00+00:00,True,93.0,93.65,91.37,91.71,0.0,0.0,1.0
2022-03-22 20:00:00+00:00,True,91.73,92.47,90.27,90.35,0.0,0.0,1.0
2022-03-23 00:00:00+00:00,True,90.35,91.38,89.17,90.31,0.0,0.0,1.0
2022-03-23 04:00:00+00:00,True,90.35,91.81,89.71,90.96,0.0,0.0,1.0
2022-03-23 08:00:00+00:00,True,90.99,91.82,90.62,91.42,0.0,0.0,1.0
2022-03-23 12:00:00+00:00,True,91.41,96.34,90.93,95.14,0.0,0.0,1.0
2022-03-23 16:00:00+00:00,True,95.21,95.5,92.58,92.83,0.0,0.0,1.0
2022-03-23 20:00:00+00:00,True,92.81,95.37,92.81,95.1,0.0,0.0,1.0
2022-03-24 00:00:00+00:00,True,95.07,95.98,93.43,94.88,0.0,0.0,1.0
2022-03-24 04:00:00+00:00,True,94.88,97.62,94.61,96.9,0.0,0.0,1.0
2022-03-24 08:00:00+00:00,True,96.9,101.87,96.67,100.15,0.0,0.0,1.0
2022-03-24 12:00:00+00:00,True,100.15,102.21,98.24,101.25,0.0,0.0,1.0
2022-03-24 16:00:00+00:00,True,101.25,103.77,100.64,102.71,0.0,0.0,1.0
2022-03-24 20:00:00+00:00,True,102.74,103.59,101.54,101.85,0.0,0.0,1.0
2022-03-25 00:00:00+00:00,True,101.82,104.79,100.89,103.24,0.0,0.0,1.0
2022-03-25 04:00:00+00:00,True,103.23,104.89,102.63,102.78,0.0,0.0,1.0
2022-03-25 08:00:00+00:00,True,102.78,104.54,101.58,104.22,0.0,0.0,1.0
2022-03-25 12:00:00+00:00,True,104.22,104.55,99.54,99.61,0.0,0.0,1.0
2022-03-25 16:00:00+00:00,True,99.61,100.9,96.75,98.27,0.0,0.0,1.0
2022-03-25 20:00:00+00:00,True,98.27,99.29,97.84,98.62,0.0,0.0,1.0
2022-03-26 00:00:00+00:00,True,98.64,99.29,97.65,98.99,0.0,0.0,1.0
2022-03-26 04:00:00+00:00,True,98.99,101.55,98.62,101.36,0.0,0.0,1.0
2022-03-26 08:00:00+00:00,True,101.37,101.54,100.02,100.76,0.0,0.0,1.0
2022-03-26 12:00:00+00:00,True,100.76,101.97,99.77,101.87,0.0,0.0,1.0
2022-03-26 16:00:00+00:00,True,101.82,103.38,101.53,102.92,0.0,0.0,1.0
2022-03-26 20:00:00+00:00,True,102.89,103.43,101.27,101.74,0.0,0.0,1.0
2022-03-27 00:00:00+00:00,True,101.74,103.08,101.38,101.98,0.0,0.0,1.0
2022-03-27 04:00:00+00:00,True,102.0,102.52,101.14,102.36,0.0,0.0,1.0
2022-03-27 08:00:00+00:00,True,102.35,102.47,100.23,100.64,0.0,0.0,1.0
2022-03-27 12:00:00+00:00,True,100.63,101.63,98.82,101.45,0.0,0.0,1.0
2022-03-27 16:00:00+00:00,True,101.47,103.44,100.96,103.0,0.0,0.0,1.0
2022-03-27 20:00:00+00:00,True,103.0,107.5,101.84,106.7,0.0,0.0,1.0
2022-03-28 00:00:00+00:00,True,106.69,107.68,105.14,106.74,0.0,0.0,1.0
2022-03-28 04:00:00+00:00,True,106.76,111.94,105.94,109.1,0.0,0.0,1.0
2022-03-28 08:00:00+00:00,True,109.09,111.74,107.66,110.3,0.0,0.0,1.0
2022-03-28 12:00:00+00:00,True,110.32,113.87,109.28,110.23,0.0,0.0,1.0
2022-03-28 16:00:00+00:00,True,110.26,113.07,108.9,111.26,0.0,0.0,1.0
2022-03-28 20:00:00+00:00,True,111.29,113.11,105.51,106.76,0.0,0.0,1.0
2022-03-29 00:00:00+00:00,True,106.81,110.6,106.49,109.36,0.0,0.0,1.0
2022-03-29 04:00:00+00:00,True,109.39,111.8,108.61,110.55,0.0,0.0,1.0
2022-03-29 08:00:00+00:00,True,110.56,113.72,110.35,113.13,0.0,0.0,1.0
2022-03-29 12:00:00+00:00,True,113.14,115.7,110.73,111.15,0.0,0.0,1.0
2022-03-29 16:00:00+00:00,True,111.18,114.17,108.92,113.46,0.0,0.0,1.0
2022-03-29 20:00:00+00:00,True,113.48,113.95,109.05,111.12,0.0,0.0,1.0
2022-03-30 00:00:00+00:00,True,111.12,111.45,107.07,110.68,0.0,0.0,1.0
2022-03-30 04:00:00+00:00,True,110.68,112.93,109.52,112.31,0.0,0.0,1.0
2022-03-30 08:00:00+00:00,True,112.29,112.95,110.73,111.86,0.0,0.0,1.0
2022-03-30 12:00:00+00:00,True,111.84,125.27,111.52,122.31,0.0,0.0,1.0
2022-03-30 16:00:00+00:00,True,122.31,125.11,119.72,121.21,0.0,0.0,1.0
2022-03-30 20:00:00+00:00,True,121.18,121.34,119.11,120.25,0.0,0.0,1.0
2022-03-31 00:00:00+00:00,True,120.15,124.0,119.96,120.97,0.0,0.0,1.0
2022-03-31 04:00:00+00:00,True,120.96,123.82,120.4,123.66,0.0,0.0,1.0
2022-03-31 08:00:00+00:00,True,123.65,128.04,122.47,127.4,0.0,0.0,1.0
2022-03-31 12:00:00+00:00,True,127.37,129.6,121.39,124.67,0.0,0.0,1.0
2022-03-31 16:00:00+00:00,True,124.63,127.58,121.77,122.88,0.0,0.0,1.0
2022-03-31 20:00:00+00:00,True,122.86,125.66,122.25,123.37,0.0,0.0,1.0
2022-04-01 00:00:00+00:00,True,123.43,124.95,117.5,123.16,0.0,0.0,1.0
2022-04-01 04:00:00+00:00,True,123.16,127.13,120.0,127.1,0.0,0.0,1.0
2022-04-01 08:00:00+00:00,True,127.07,127.07,122.6,123.56,0.0,0.0,1.0
2022-04-01 12:00:00+00:00,True,123.59,133.77,122.14,132.77,0.0,0.0,1.0
2022-04-01 16:00:00+00:00,True,132.72,137.69,132.31,136.29,0.0,0.0,1.0
2022-04-01 20:00:00+00:00,True,136.27,138.46,133.07,133.86,0.0,0.0,1.0
2022-04-02 00:00:00+00:00,True,133.89,137.32,133.6,134.35,0.0,0.0,1.0
2022-04-02 04:00:00+00:00,True,134.36,136.39,134.15,135.52,0.0,0.0,1.0
2022-04-02 08:00:00+00:00,True,135.55,138.43,135.04,136.69,0.0,0.0,1.0
2022-04-02 12:00:00+00:00,True,136.69,143.57,136.29,138.09,0.0,0.0,1.0
2022-04-02 16:00:00+00:00,True,138.14,140.57,134.46,135.6,0.0,0.0,1.0
2022-04-02 20:00:00+00:00,True,135.59,137.57,131.31,132.75,0.0,0.0,1.0
2022-04-03 00:00:00+00:00,True,132.77,136.25,130.62,135.9,0.0,0.0,1.0
2022-04-03 04:00:00+00:00,True,135.89,139.0,135.65,137.81,0.0,0.0,1.0
2022-04-03 08:00:00+00:00,True,137.79,141.05,136.36,139.29,0.0,0.0,1.0
2022-04-03 12:00:00+00:00,True,139.27,140.06,135.57,135.87,0.0,0.0,1.0
2022-04-03 16:00:00+00:00,True,135.87,136.98,134.15,135.43,0.0,0.0,1.0
2022-04-03 20:00:00+00:00,True,135.39,139.53,135.36,136.22,0.0,0.0,1.0
2022-04-04 00:00:00+00:00,True,136.23,137.46,134.14,135.23,0.0,0.0,1.0
2022-04-04 04:00:00+00:00,True,135.27,138.28,134.9,136.89,0.0,0.0,1.0
2022-04-04 08:00:00+00:00,True,136.94,137.88,132.97,134.46,0.0,0.0,1.0
2022-04-04 12:00:00+00:00,True,134.41,135.53,128.28,129.05,0.0,0.0,1.0
2022-04-04 16:00:00+00:00,True,129.1,131.91,125.84,129.15,0.0,0.0,1.0
2022-04-04 20:00:00+00:00,True,129.15,133.15,129.01,132.48,0.0,0.0,1.0
2022-04-05 00:00:00+00:00,False,132.49,133.98,129.78,133.51,0.0,0.0,1.0
2022-04-05 04:00:00+00:00,False,133.5,134.24,131.48,133.26,0.0,0.0,1.0
2022-04-05 08:00:00+00:00,False,133.25,134.96,131.49,134.72,0.0,0.0,1.0
2022-04-05 12:00:00+00:00,False,134.7,136.68,129.19,130.55,0.0,0.0,1.0
2022-04-05 16:00:00+00:00,False,130.58,133.66,129.26,131.37,0.0,0.0,1.0
2022-04-05 20:00:00+00:00,False,131.34,131.49,126.01,126.5,0.0,0.0,1.0
2022-04-06 00:00:00+00:00,False,126.44,126.77,120.13,123.34,0.0,0.0,1.0
2022-04-06 04:00:00+00:00,False,123.42,127.44,123.38,125.67,0.0,0.0,1.0
2022-04-06 08:00:00+00:00,False,125.66,125.67,119.17,121.83,0.0,0.0,1.0
2022-04-06 12:00:00+00:00,False,121.87,123.23,114.75,117.35,0.0,0.0,1.0
2022-04-06 16:00:00+00:00,False,117.39,120.02,114.6,119.16,0.0,0.0,1.0
2022-04-06 20:00:00+00:00,False,119.18,119.63,112.14,113.46,0.0,0.0,1.0
2022-04-07 00:00:00+00:00,False,113.47,114.93,110.93,114.15,0.0,0.0,1.0
2022-04-07 04:00:00+00:00,False,114.1,116.6,113.07,116.37,0.0,0.0,1.0
2022-04-07 08:00:00+00:00,False,116.36,117.96,113.78,117.64,0.0,0.0,1.0
2022-04-07 12:00:00+00:00,False,117.63,118.6,111.67,113.29,0.0,0.0,1.0
2022-04-07 16:00:00+00:00,False,113.32,118.59,112.75,117.34,0.0,0.0,1.0
2022-04-07 20:00:00+00:00,False,117.32,119.96,116.75,118.58,0.0,0.0,1.0
2022-04-08 00:00:00+00:00,False,118.62,122.48,118.41,122.25,0.0,0.0,1.0
2022-04-08 04:00:00+00:00,False,122.3,122.32,116.62,118.96,0.0,0.0,1.0
2022-04-08 08:00:00+00:00,False,118.91,120.32,114.94,115.56,0.0,0.0,1.0
2022-04-08 12:00:00+00:00,False,115.6,118.55,112.86,116.42,0.0,0.0,1.0
2022-04-08 16:00:00+00:00,False,116.44,116.9,112.75,113.76,0.0,0.0,1.0
2022-04-08 20:00:00+00:00,False,113.76,114.03,108.11,110.58,0.0,0.0,1.0
2022-04-09 00:00:00+00:00,False,110.58,111.9,108.3,109.43,0.0,0.0,1.0
2022-04-09 04:00:00+00:00,False,109.42,111.2,109.02,110.36,0.0,0.0,1.0
2022-04-09 08:00:00+00:00,False,110.38,111.19,109.0,110.52,0.0,0.0,1.0
2022-04-09 12:00:00+00:00,False,110.52,111.84,109.3,109.92,0.0,0.0,1.0
2022-04-09 16:00:00+00:00,False,109.95,111.58,109.65,109.85,0.0,0.0,1.0
2022-04-09 20:00:00+00:00,False,109.88,113.71,109.55,112.53,0.0,0.0,1.0
2022-04-10 00:00:00+00:00,False,112.52,114.1,111.17,113.08,0.0,0.0,1.0
2022-04-10 04:00:00+00:00,False,113.08,113.61,111.4,111.45,0.0,0.0,1.0
2022-04-10 08:00:00+00:00,False,111.46,112.26,109.81,111.36,0.0,0.0,1.0
2022-04-10 12:00:00+00:00,False,111.32,112.89,110.53,112.62,0.0,0.0,1.0
2022-04-10 16:00:00+00:00,False,112.58,116.07,111.92,114.94,0.0,0.0,1.0
2022-04-10 20:00:00+00:00,False,114.91,115.42,110.44,110.88,0.0,0.0,1.0
2022-04-11 00:00:00+00:00,False,110.9,111.99,108.35,109.96,0.0,0.0,1.0
2022-04-11 04:00:00+00:00,False,109.94,111.86,109.6,111.56,0.0,0.0,1.0
2022-04-11 08:00:00+00:00,False,111.53,111.53,103.3,103.8,0.0,0.0,1.0
2022-04-11 12:00:00+00:00,False,103.81,104.79,101.23,101.89,0.0,0.0,1.0
2022-04-11 16:00:00+00:00,False,101.88,103.92,100.44,101.21,0.0,0.0,1.0
2022-04-11 20:00:00+00:00,False,101.25,102.66,98.13,100.48,0.0,0.0,1.0
2022-04-12 00:00:00+00:00,False,100.45,101.11,98.39,99.8,0.0,0.0,1.0
2022-04-12 04:00:00+00:00,False,99.81,103.27,99.31,102.96,0.0,0.0,1.0
2022-04-12 08:00:00+00:00,False,102.98,106.01,102.25,105.88,0.0,0.0,1.0
2022-04-12 12:00:00+00:00,False,105.87,109.44,104.86,105.82,0.0,0.0,1.0
2022-04-12 16:00:00+00:00,False,105.83,107.14,100.3,101.7,0.0,0.0,1.0
2022-04-12 20:00:00+00:00,False,101.71,103.71,101.09,103.3,0.0,0.0,1.0
2022-04-13 00:00:00+00:00,False,103.3,105.1,101.92,103.47,0.0,0.0,1.0
2022-04-13 04:00:00+00:00,False,103.5,104.85,103.0,104.07,0.0,0.0,1.0
2022-04-13 08:00:00+00:00,False,104.03,104.34,101.03,101.36,0.0,0.0,1.0
2022-04-13 12:00:00+00:00,False,101.34,106.08,100.03,105.21,0.0,0.0,1.0
2022-04-13 16:00:00+00:00,False,105.2,105.98,103.69,104.06,0.0,0.0,1.0
2022-04-13 20:00:00+00:00,False,104.04,105.45,103.88,104.98,0.0,0.0,1.0
2022-04-14 00:00:00+00:00,False,105.02,107.48,104.51,105.7,0.0,0.0,1.0
2022-04-14 04:00:00+00:00,False,105.71,107.71,105.62,106.68,0.0,0.0,1.0
2022-04-14 08:00:00+00:00,False,106.64,107.28,103.07,103.53,0.0,0.0,1.0
2022-04-14 12:00:00+00:00,False,103.51,105.81,101.08,101.34,0.0,0.0,1.0
2022-04-14 16:00:00+00:00,False,101.35,101.96,98.56,99.44,0.0,0.0,1.0
2022-04-14 20:00:00+00:00,False,99.41,101.3,99.1,101.12,0.0,0.0,1.0
2022-04-15 00:00:00+00:00,False,101.09,102.3,99.54,102.06,0.0,0.0,1.0
2022-04-15 04:00:00+00:00,False,102.04,102.49,100.56,101.98,0.0,0.0,1.0
2022-04-15 08:00:00+00:00,False,101.93,102.1,100.86,101.81,0.0,0.0,1.0
2022-04-15 12:00:00+00:00,False,101.76,102.9,99.86,102.09,0.0,0.0,1.0
2022-04-15 16:00:00+00:00,False,102.1,102.83,100.01,100.63,0.0,0.0,1.0
2022-04-15 20:00:00+00:00,False,100.63,101.58,100.4,101.33,0.0,0.0,1.0
2022-04-16 00:00:00+00:00,False,101.28,102.05,100.91,101.1,0.0,0.0,1.0
2022-04-16 04:00:00+00:00,False,101.12,101.9,101.04,101.48,0.0,0.0,1.0
2022-04-16 08:00:00+00:00,False,101.5,102.78,101.12,101.97,0.0,0.0,1.0
2022-04-16 12:00:00+00:00,False,101.94,103.49,100.8,100.86,0.0,0.0,1.0
2022-04-16 16:00:00+00:00,False,100.86,102.73,100.83,102.06,0.0,0.0,1.0
2022-04-16 20:00:00+00:00,False,102.04,102.99,101.73,102.09,0.0,0.0,1.0
2022-04-17 00:00:00+00:00,False,102.1,102.39,101.03,101.56,0.0,0.0,1.0
2022-04-17 04:00:00+00:00,False,101.54,102.25,101.34,102.08,0.0,0.0,1.0
2022-04-17 08:00:00+00:00,False,102.09,102.8,101.88,102.68,0.0,0.0,1.0
2022-04-17 12:00:00+00:00,False,102.62,105.34,102.34,104.97,0.0,0.0,1.0
2022-04-17 16:00:00+00:00,True,105.0,105.47,102.73,104.31,0.0,1.0,1.0
2022-04-17 20:00:00+00:00,True,104.27,104.27,99.66,100.2,0.0,1.0,1.0
2022-04-18 00:00:00+00:00,True,100.23,101.77,100.02,101.04,0.0,1.0,1.0
2022-04-18 04:00:00+00:00,True,101.05,101.16,95.03,96.58,0.0,1.0,1.0
2022-04-18 08:00:00+00:00,True,96.59,97.3,94.69,97.02,0.0,1.0,1.0
2022-04-18 12:00:00+00:00,False,96.99,99.21,96.94,98.37,0.0,1.0,0.0
2022-04-18 16:00:00+00:00,False,98.41,102.55,97.05,101.54,0.0,1.0,0.0
2022-04-18 20:00:00+00:00,False,101.56,102.68,101.01,102.36,0.0,1.0,0.0
2022-04-19 00:00:00+00:00,True,102.36,103.76,101.26,101.48,0.0,0.0,0.0
2022-04-19 04:00:00+00:00,True,101.51,102.57,101.08,102.01,0.0,0.0,0.0
2022-04-19 08:00:00+00:00,True,102.03,103.56,101.46,102.53,0.0,0.0,0.0
2022-04-19 12:00:00+00:00,True,102.5,108.6,102.5,106.34,0.0,0.0,0.0
2022-04-19 16:00:00+00:00,True,106.32,107.19,105.33,106.4,0.0,0.0,0.0
2022-04-19 20:00:00+00:00,True,106.41,108.88,105.77,108.6,0.0,0.0,0.0
2022-04-20 00:00:00+00:00,True,108.59,109.5,107.0,108.29,0.0,0.0,0.0
2022-04-20 04:00:00+00:00,True,108.29,108.54,106.68,107.0,0.0,0.0,0.0
2022-04-20 08:00:00+00:00,True,107.0,110.95,106.61,110.75,0.0,0.0,0.0
2022-04-20 12:00:00+00:00,True,110.74,110.8,104.69,105.65,0.0,0.0,0.0
2022-04-20 16:00:00+00:00,True,105.63,106.7,104.27,106.41,0.0,0.0,0.0
2022-04-20 20:00:00+00:00,True,106.44,107.61,105.05,105.58,0.0,0.0,0.0
2022-04-21 00:00:00+00:00,True,105.5,107.15,105.48,106.84,0.0,0.0,0.0
2022-04-21 04:00:00+00:00,True,106.88,107.63,105.3,107.0,0.0,0.0,0.0
2022-04-21 08:00:00+00:00,True,107.01,109.02,105.78,108.54,0.0,0.0,0.0
2022-04-21 12:00:00+00:00,True,108.54,110.0,106.82,107.03,0.0,0.0,0.0
2022-04-21 16:00:00+00:00,True,107.05,107.62,103.2,103.96,0.0,0.0,0.0
2022-04-21 20:00:00+00:00,True,103.96,104.0,99.93,101.6,0.0,0.0,0.0
2022-04-22 00:00:00+00:00,True,101.58,103.1,101.54,102.62,0.0,0.0,0.0
2022-04-22 04:00:00+00:00,True,102.6,103.55,101.35,102.73,0.0,0.0,0.0
2022-04-22 08:00:00+00:00,True,102.8,102.98,100.08,102.33,0.0,0.0,0.0
2022-04-22 12:00:00+00:00,True,102.34,102.81,99.31,99.58,0.0,0.0,0.0
2022-04-22 16:00:00+00:00,True,99.55,101.99,99.18,100.9,0.0,0.0,0.0
2022-04-22 20:00:00+00:00,True,100.92,101.75,100.02,100.88,0.0,0.0,0.0
2022-04-23 00:00:00+00:00,True,100.85,101.05,99.31,100.07,0.0,0.0,0.0
2022-04-23 04:00:00+00:00,False,100.04,101.31,98.38,101.25,0.0,0.0,1.0
2022-04-23 08:00:00+00:00,False,101.23,102.06,100.71,101.46,0.0,0.0,1.0
2022-04-23 12:00:00+00:00,False,101.44,102.59,100.83,101.85,0.0,0.0,1.0
2022-04-23 16:00:00+00:00,False,101.84,102.94,101.46,102.13,0.0,0.0,1.0
2022-04-23 20:00:00+00:00,False,102.2,102.48,100.29,100.8,0.0,0.0,1.0
2022-04-24 00:00:00+00:00,False,100.79,101.61,100.25,101.5,0.0,0.0,1.0
2022-04-24 04:00:00+00:00,False,101.48,101.99,101.0,101.76,0.0,0.0,1.0
2022-04-24 08:00:00+00:00,False,101.73,102.26,100.83,101.0,0.0,0.0,1.0
2022-04-24 12:00:00+00:00,False,101.04,101.55,99.87,100.13,0.0,0.0,1.0
2022-04-24 16:00:00+00:00,False,100.12,101.28,98.62,100.58,0.0,0.0,1.0
2022-04-24 20:00:00+00:00,False,100.6,100.64,99.03,99.1,0.0,0.0,1.0
2022-04-25 00:00:00+00:00,False,99.15,99.28,96.22,98.02,0.0,0.0,1.0
2022-04-25 04:00:00+00:00,False,98.02,98.3,94.42,95.02,0.0,0.0,1.0
2022-04-25 08:00:00+00:00,False,95.03,96.99,94.5,96.8,0.0,0.0,1.0
2022-04-25 12:00:00+00:00,False,96.81,98.28,95.88,97.05,0.0,0.0,1.0
2022-04-25 16:00:00+00:00,False,97.09,100.91,97.02,100.81,0.0,0.0,1.0
2022-04-25 20:00:00+00:00,False,100.82,101.64,99.79,101.1,0.0,0.0,1.0
2022-04-26 00:00:00+00:00,False,101.09,102.0,100.24,100.89,0.0,0.0,1.0
2022-04-26 04:00:00+00:00,False,100.89,101.52,100.11,100.9,0.0,0.0,1.0
2022-04-26 08:00:00+00:00,False,100.9,101.57,99.75,100.63,0.0,0.0,1.0
2022-04-26 12:00:00+00:00,False,100.62,101.1,96.0,96.65,0.0,0.0,1.0
2022-04-26 16:00:00+00:00,False,96.71,97.8,95.66,96.78,0.0,0.0,1.0
2022-04-26 20:00:00+00:00,False,96.75,97.5,94.66,95.92,0.0,0.0,1.0
2022-04-27 00:00:00+00:00,False,95.93,97.21,94.9,96.7,0.0,0.0,1.0
2022-04-27 04:00:00+00:00,False,96.72,99.59,96.69,99.5,0.0,0.0,1.0
2022-04-27 08:00:00+00:00,False,99.53,100.14,98.03,99.45,0.0,0.0,1.0
2022-04-27 12:00:00+00:00,False,99.43,100.76,96.85,98.26,0.0,0.0,1.0
2022-04-27 16:00:00+00:00,False,98.25,98.99,96.8,97.32,0.0,0.0,1.0
2022-04-27 20:00:00+00:00,False,97.35,98.89,97.35,98.28,0.0,0.0,1.0
2022-04-28 00:00:00+00:00,False,98.28,99.9,97.98,99.19,0.0,0.0,1.0
2022-04-28 04:00:00+00:00,False,99.15,100.02,98.57,99.4,0.0,0.0,1.0
2022-04-28 08:00:00+00:00,True,99.39,100.55,99.0,99.9,0.0,0.0,1.0
2022-04-28 12:00:00+00:00,True,99.91,100.1,96.32,97.59,0.0,0.0,1.0
2022-04-28 16:00:00+00:00,True,97.58,100.2,96.85,98.34,0.0,0.0,1.0
2022-04-28 20:00:00+00:00,True,98.32,99.15,97.27,98.23,0.0,0.0,1.0
2022-04-29 00:00:00+00:00,True,98.21,98.67,96.97,97.01,0.0,0.0,1.0
2022-04-29 04:00:00+00:00,True,97.01,98.02,96.76,97.94,0.0,0.0,1.0
2022-04-29 08:00:00+00:00,True,97.94,97.98,95.09,95.52,0.0,0.0,1.0
2022-04-29 12:00:00+00:00,False,95.53,97.0,95.2,95.85,0.0,0.0,0.0
2022-04-29 16:00:00+00:00,False,95.86,96.4,92.28,92.89,0.0,0.0,0.0
2022-04-29 20:00:00+00:00,False,92.91,94.46,92.72,94.07,0.0,0.0,0.0
2022-04-30 00:00:00+00:00,False,94.06,94.96,93.76,94.16,0.0,0.0,0.0
2022-04-30 04:00:00+00:00,False,94.16,94.95,93.66,93.91,0.0,0.0,0.0
2022-04-30 08:00:00+00:00,False,93.89,94.54,93.6,94.04,0.0,0.0,0.0
2022-04-30 12:00:00+00:00,False,94.02,94.21,91.5,92.11,0.0,0.0,0.0
2022-04-30 16:00:00+00:00,False,92.1,92.58,90.32,91.31,0.0,0.0,0.0
2022-04-30 20:00:00+00:00,False,91.28,91.4,82.08,85.4,0.0,0.0,0.0
2022-05-01 00:00:00+00:00,False,85.36,88.47,84.19,87.96,0.0,0.0,0.0
2022-05-01 04:00:00+00:00,False,87.94,89.93,87.1,89.09,0.0,0.0,0.0
2022-05-01 08:00:00+00:00,False,89.1,89.92,87.75,87.9,0.0,0.0,0.0
2022-05-01 12:00:00+00:00,False,87.88,90.5,87.01,89.88,0.0,0.0,0.0
2022-05-01 16:00:00+00:00,False,89.89,93.11,87.05,88.27,0.0,0.0,0.0
2022-05-01 20:00:00+00:00,False,88.24,90.46,87.73,89.72,0.0,0.0,0.0
2022-05-02 00:00:00+00:00,False,89.73,90.88,88.66,89.3,0.0,0.0,0.0
2022-05-02 04:00:00+00:00,False,89.29,90.77,89.03,89.88,0.0,0.0,0.0
2022-05-02 08:00:00+00:00,False,89.85,90.06,86.25,86.92,0.0,0.0,0.0
2022-05-02 12:00:00+00:00,False,86.93,88.93,86.2,87.27,0.0,0.0,0.0
2022-05-02 16:00:00+00:00,False,87.28,87.94,85.06,87.17,0.0,0.0,0.0
2022-05-02 20:00:00+00:00,False,87.18,88.46,86.27,87.39,0.0,0.0,0.0
2022-05-03 00:00:00+00:00,False,87.38,88.79,86.67,88.41,0.0,0.0,0.0
2022-05-03 04:00:00+00:00,False,88.43,88.78,87.8,88.46,0.0,0.0,0.0
2022-05-03 08:00:00+00:00,False,88.46,88.74,87.2,88.28,0.0,0.0,0.0
2022-05-03 12:00:00+00:00,False,88.29,88.41,86.68,87.3,0.0,0.0,0.0
2022-05-03 16:00:00+00:00,False,87.33,87.33,84.81,85.43,0.0,0.0,0.0
2022-05-03 20:00:00+00:00,False,85.44,86.58,84.47,85.53,0.0,0.0,0.0
2022-05-04 00:00:00+00:00,False,85.51,86.77,85.49,86.38,0.0,0.0,0.0
2022-05-04 04:00:00+00:00,False,86.36,87.53,85.48,87.25,0.0,0.0,0.0
2022-05-04 08:00:00+00:00,False,87.24,88.73,87.05,88.36,0.0,0.0,0.0
2022-05-04 12:00:00+00:00,False,88.34,88.74,86.25,86.87,0.0,0.0,0.0
2022-05-04 16:00:00+00:00,False,86.85,92.31,86.5,91.31,0.0,0.0,0.0
2022-05-04 20:00:00+00:00,False,91.31,93.64,91.27,93.29,0.0,0.0,0.0
2022-05-05 00:00:00+00:00,True,93.3,95.18,92.69,94.19,0.0,0.0,0.0
2022-05-05 04:00:00+00:00,True,94.19,94.52,92.63,92.76,0.0,0.0,0.0
2022-05-05 08:00:00+00:00,True,92.77,93.38,92.03,92.29,0.0,0.0,0.0
2022-05-05 12:00:00+00:00,True,92.31,92.97,84.25,85.49,0.0,0.0,0.0
2022-05-05 16:00:00+00:00,True,85.5,86.27,81.24,83.31,0.0,0.0,0.0
2022-05-05 20:00:00+00:00,True,83.35,85.38,83.08,84.63,0.0,0.0,0.0
2022-05-06 00:00:00+00:00,True,84.62,84.82,82.38,82.45,0.0,0.0,0.0
2022-05-06 04:00:00+00:00,True,82.45,83.43,81.0,82.16,0.0,0.0,0.0
2022-05-06 08:00:00+00:00,False,82.13,83.59,80.37,81.97,0.0,0.0,0.0
2022-05-06 12:00:00+00:00,False,81.95,83.19,80.0,82.03,0.0,0.0,0.0
2022-05-06 16:00:00+00:00,False,82.01,82.46,80.96,81.65,0.0,0.0,0.0
2022-05-06 20:00:00+00:00,False,81.65,82.4,81.3,81.63,0.0,0.0,0.0
2022-05-07 00:00:00+00:00,False,81.64,81.95,80.34,80.61,0.0,0.0,0.0
2022-05-07 04:00:00+00:00,False,80.6,80.95,79.08,80.51,0.0,0.0,0.0
2022-05-07 08:00:00+00:00,False,80.52,82.0,80.17,81.52,0.0,0.0,0.0
2022-05-07 12:00:00+00:00,False,81.54,82.3,80.85,82.17,0.0,0.0,0.0
2022-05-07 16:00:00+00:00,False,82.15,82.18,81.15,81.25,0.0,0.0,0.0
2022-05-07 20:00:00+00:00,False,81.24,81.33,77.12,78.88,0.0,0.0,0.0
2022-05-08 00:00:00+00:00,False,78.88,79.39,75.9,77.44,0.0,0.0,0.0
2022-05-08 04:00:00+00:00,False,77.47,78.58,77.18,77.98,0.0,0.0,0.0
2022-05-08 08:00:00+00:00,False,77.98,79.33,77.74,79.13,0.0,0.0,0.0
2022-05-08 12:00:00+00:00,False,79.14,79.3,76.72,77.42,0.0,0.0,0.0
2022-05-08 16:00:00+00:00,False,77.45,78.08,73.68,76.24,0.0,0.0,0.0
2022-05-08 20:00:00+00:00,False,76.27,76.49,74.65,75.47,0.0,0.0,0.0
2022-05-09 00:00:00+00:00,False,75.48,77.19,73.71,75.05,0.0,0.0,0.0
2022-05-09 04:00:00+00:00,False,75.02,76.03,73.31,74.0,0.0,0.0,0.0
2022-05-09 08:00:00+00:00,False,73.97,75.24,70.71,71.84,0.0,0.0,0.0
2022-05-09 12:00:00+00:00,False,71.82,73.09,69.21,69.51,0.0,0.0,0.0
2022-05-09 16:00:00+00:00,False,69.47,70.32,62.87,66.7,0.0,0.0,0.0
2022-05-09 20:00:00+00:00,False,66.61,68.47,61.69,62.88,0.0,0.0,0.0
2022-05-10 00:00:00+00:00,False,62.91,66.71,60.06,64.87,0.0,0.0,0.0
2022-05-10 04:00:00+00:00,False,64.85,72.98,64.59,69.11,0.0,0.0,0.0
2022-05-10 08:00:00+00:00,False,69.09,72.14,68.43,71.66,0.0,0.0,0.0
2022-05-10 12:00:00+00:00,False,71.65,74.09,67.23,70.02,0.0,0.0,0.0
2022-05-10 16:00:00+00:00,False,70.02,71.1,66.75,67.06,0.0,0.0,0.0
2022-05-10 20:00:00+00:00,False,67.09,67.65,63.19,66.8,0.0,0.0,0.0
2022-05-11 00:00:00+00:00,False,66.79,68.28,65.0,66.51,0.0,0.0,0.0
2022-05-11 04:00:00+00:00,False,66.53,68.42,60.69,62.38,0.0,0.0,0.0
2022-05-11 08:00:00+00:00,False,62.4,66.43,60.43,61.77,0.0,0.0,0.0
2022-05-11 12:00:00+00:00,False,61.79,63.9,48.0,55.85,0.0,0.0,0.0
2022-05-11 16:00:00+00:00,False,55.82,56.46,46.87,48.34,0.0,0.0,0.0
2022-05-11 20:00:00+00:00,False,48.31,51.77,43.1,51.6,0.0,0.0,0.0
2022-05-12 00:00:00+00:00,False,51.62,55.77,44.68,44.78,0.0,0.0,0.0
2022-05-12 04:00:00+00:00,False,44.77,46.52,36.34,43.81,0.0,0.0,0.0
2022-05-12 08:00:00+00:00,False,43.86,47.24,40.63,43.0,0.0,0.0,0.0
2022-05-12 12:00:00+00:00,False,43.03,49.3,42.36,45.7,0.0,0.0,0.0
2022-05-12 16:00:00+00:00,False,45.71,48.03,43.25,44.39,0.0,0.0,0.0
2022-05-12 20:00:00+00:00,False,44.35,45.73,41.33,44.62,0.0,0.0,0.0
2022-05-13 00:00:00+00:00,False,44.64,52.22,43.82,50.39,0.0,0.0,0.0
2022-05-13 04:00:00+00:00,False,50.42,54.0,48.78,49.99,0.0,0.0,0.0
2022-05-13 08:00:00+00:00,False,50.0,53.5,49.75,52.77,0.0,0.0,0.0
2022-05-13 12:00:00+00:00,False,52.77,57.0,51.92,53.19,0.0,0.0,0.0
2022-05-13 16:00:00+00:00,False,53.19,54.16,49.61,50.97,0.0,0.0,0.0
2022-05-13 20:00:00+00:00,False,51.0,51.92,48.12,48.98,0.0,0.0,0.0
2022-05-14 00:00:00+00:00,False,49.02,53.8,48.88,51.52,0.0,0.0,0.0
2022-05-14 04:00:00+00:00,False,51.53,53.27,50.42,50.61,0.0,0.0,0.0
2022-05-14 08:00:00+00:00,False,50.61,51.45,47.32,47.96,0.0,0.0,0.0
2022-05-14 12:00:00+00:00,False,47.94,49.06,46.05,46.53,0.0,0.0,0.0
2022-05-14 16:00:00+00:00,False,46.5,50.67,45.82,49.64,0.0,0.0,0.0
2022-05-14 20:00:00+00:00,False,49.64,52.88,49.51,51.9,0.0,0.0,0.0
2022-05-15 00:00:00+00:00,False,51.9,52.64,49.56,49.99,0.0,0.0,0.0
2022-05-15 04:00:00+00:00,False,49.99,52.48,49.8,51.29,0.0,0.0,0.0
2022-05-15 08:00:00+00:00,False,51.29,53.88,50.76,53.56,0.0,0.0,0.0
2022-05-15 12:00:00+00:00,True,53.53,54.69,52.16,53.05,0.0,0.0,0.0
2022-05-15 16:00:00+00:00,True,53.02,55.59,52.64,55.32,0.0,0.0,0.0
2022-05-15 20:00:00+00:00,True,55.31,59.24,55.02,58.26,0.0,0.0,0.0
2022-05-16 00:00:00+00:00,True,58.26,58.4,55.22,55.79,0.0,0.0,0.0
2022-05-16 04:00:00+00:00,True,55.79,56.36,53.12,53.77,0.0,0.0,0.0
2022-05-16 08:00:00+00:00,True,53.81,55.17,52.48,53.11,0.0,0.0,0.0
2022-05-16 12:00:00+00:00,True,53.1,55.49,51.76,53.49,0.0,0.0,0.0
2022-05-16 16:00:00+00:00,True,53.48,55.5,52.2,53.69,0.0,0.0,0.0
2022-05-16 20:00:00+00:00,True,53.7,55.76,53.03,53.84,0.0,0.0,0.0
2022-05-17 00:00:00+00:00,True,53.81,56.11,53.77,55.45,0.0,0.0,0.0
2022-05-17 04:00:00+00:00,True,55.45,57.62,55.02,55.95,0.0,0.0,0.0
2022-05-17 08:00:00+00:00,True,55.95,57.05,55.34,55.81,0.0,0.0,0.0
2022-05-17 12:00:00+00:00,True,55.8,58.19,54.29,55.06,0.0,0.0,0.0
2022-05-17 16:00:00+00:00,True,55.08,56.0,53.0,55.08,0.0,0.0,0.0
2022-05-17 20:00:00+00:00,True,55.07,57.57,54.99,57.35,0.0,0.0,0.0
2022-05-18 00:00:00+00:00,True,57.37,57.82,54.81,55.14,0.0,0.0,0.0
2022-05-18 04:00:00+00:00,True,55.09,56.2,54.74,55.4,0.0,0.0,0.0
2022-05-18 08:00:00+00:00,True,55.4,55.43,53.77,54.12,0.0,0.0,0.0
2022-05-18 12:00:00+00:00,True,54.12,54.28,49.61,50.11,0.0,0.0,0.0
2022-05-18 16:00:00+00:00,True,50.1,52.03,49.78,51.4,0.0,0.0,0.0
2022-05-18 20:00:00+00:00,True,51.38,51.6,49.36,49.96,0.0,0.0,0.0
2022-05-19 00:00:00+00:00,True,49.98,50.92,48.2,50.91,0.0,0.0,0.0
2022-05-19 04:00:00+00:00,True,50.91,52.19,50.13,50.79,0.0,0.0,0.0
2022-05-19 08:00:00+00:00,True,50.77,51.48,48.19,50.79,0.0,0.0,0.0
2022-05-19 12:00:00+00:00,True,50.77,54.0,50.25,53.31,0.0,0.0,0.0
2022-05-19 16:00:00+00:00,True,53.29,53.54,51.41,51.59,0.0,0.0,0.0
2022-05-19 20:00:00+00:00,True,51.58,52.63,50.65,52.17,0.0,0.0,0.0
2022-05-20 00:00:00+00:00,True,52.19,53.5,51.36,51.77,0.0,0.0,0.0
2022-05-20 04:00:00+00:00,True,51.77,52.31,50.55,51.78,0.0,0.0,0.0
2022-05-20 08:00:00+00:00,True,51.8,53.59,51.8,52.97,0.0,0.0,0.0
2022-05-20 12:00:00+00:00,True,52.96,52.99,48.77,48.85,0.0,0.0,0.0
2022-05-20 16:00:00+00:00,True,48.85,50.28,47.75,49.87,0.0,0.0,0.0
2022-05-20 20:00:00+00:00,True,49.89,50.75,49.25,49.38,0.0,0.0,0.0
2022-05-21 00:00:00+00:00,True,49.38,50.16,48.35,49.99,0.0,0.0,0.0
2022-05-21 04:00:00+00:00,True,49.99,50.31,49.36,49.98,0.0,0.0,0.0
2022-05-21 08:00:00+00:00,True,50.0,50.13,48.89,49.57,0.0,0.0,0.0
2022-05-21 12:00:00+00:00,True,49.55,50.8,48.91,50.78,0.0,0.0,0.0
2022-05-21 16:00:00+00:00,True,50.78,51.17,49.88,50.21,0.0,0.0,0.0
2022-05-21 20:00:00+00:00,True,50.18,50.58,49.39,50.2,0.0,0.0,0.0
2022-05-22 00:00:00+00:00,True,50.2,50.67,49.86,50.0,0.0,0.0,0.0
2022-05-22 04:00:00+00:00,True,49.99,50.47,49.62,50.23,0.0,0.0,0.0
2022-05-22 08:00:00+00:00,True,50.25,51.97,50.13,51.6,0.0,0.0,0.0
2022-05-22 12:00:00+00:00,True,51.61,52.87,51.28,51.84,0.0,0.0,0.0
2022-05-22 16:00:00+00:00,True,51.81,52.19,51.08,51.34,0.0,0.0,0.0
2022-05-22 20:00:00+00:00,True,51.34,53.11,51.26,52.48,0.0,0.0,0.0
2022-05-23 00:00:00+00:00,True,52.49,53.13,51.75,52.2,0.0,0.0,0.0
2022-05-23 04:00:00+00:00,True,52.2,54.31,51.85,53.78,0.0,0.0,0.0
2022-05-23 08:00:00+00:00,True,53.76,54.65,52.89,54.09,0.0,0.0,0.0
2022-05-23 12:00:00+00:00,True,54.05,54.63,52.18,54.03,0.0,0.0,0.0
2022-05-23 16:00:00+00:00,True,54.03,54.37,49.67,50.13,0.0,0.0,0.0
2022-05-23 20:00:00+00:00,True,50.12,51.1,48.57,49.14,0.0,0.0,0.0
2022-05-24 00:00:00+00:00,True,49.15,49.94,49.12,49.72,0.0,0.0,0.0
2022-05-24 04:00:00+00:00,True,49.71,50.3,49.34,49.79,0.0,0.0,0.0
2022-05-24 08:00:00+00:00,True,49.79,49.92,48.6,49.61,0.0,0.0,0.0
2022-05-24 12:00:00+00:00,True,49.57,50.53,47.01,50.15,0.0,0.0,0.0
2022-05-24 16:00:00+00:00,True,50.14,50.8,48.46,49.17,0.0,0.0,0.0
2022-05-24 20:00:00+00:00,True,49.14,50.08,48.65,49.7,0.0,0.0,0.0
2022-05-25 00:00:00+00:00,True,49.71,50.5,48.95,50.09,0.0,0.0,0.0
2022-05-25 04:00:00+00:00,True,50.09,50.11,48.35,48.78,0.0,0.0,0.0
2022-05-25 08:00:00+00:00,True,48.82,49.33,47.51,47.85,0.0,0.0,0.0
2022-05-25 12:00:00+00:00,True,47.85,48.84,47.59,48.09,0.0,0.0,0.0
2022-05-25 16:00:00+00:00,True,48.07,49.1,47.74,48.31,0.0,0.0,0.0
2022-05-25 20:00:00+00:00,True,48.31,48.86,47.8,48.15,0.0,0.0,0.0
2022-05-26 00:00:00+00:00,True,48.14,48.6,47.81,48.04,0.0,0.0,0.0
2022-05-26 04:00:00+00:00,True,48.06,48.28,45.55,46.14,0.0,0.0,0.0
2022-05-26 08:00:00+00:00,True,46.11,46.18,43.09,43.55,0.0,0.0,0.0
2022-05-26 12:00:00+00:00,True,43.54,45.89,41.65,45.39,0.0,0.0,0.0
2022-05-26 16:00:00+00:00,True,45.39,46.68,43.85,43.88,0.0,0.0,0.0
2022-05-26 20:00:00+00:00,True,43.88,44.8,43.26,43.66,0.0,0.0,0.0
2022-05-27 00:00:00+00:00,False,43.65,43.91,41.11,42.4,0.0,0.0,0.0
2022-05-27 04:00:00+00:00,False,42.39,42.85,39.93,40.65,0.0,0.0,0.0
2022-05-27 08:00:00+00:00,False,40.66,42.26,40.49,41.31,0.0,0.0,0.0
2022-05-27 12:00:00+00:00,False,41.31,43.58,41.22,41.91,0.0,0.0,0.0
2022-05-27 16:00:00+00:00,False,41.91,42.34,40.38,42.27,0.0,0.0,0.0
2022-05-27 20:00:00+00:00,False,42.22,42.58,40.52,41.08,0.0,0.0,0.0
2022-05-28 00:00:00+00:00,False,41.09,42.43,40.19,41.11,0.0,0.0,0.0
2022-05-28 04:00:00+00:00,False,41.11,42.14,41.04,41.65,0.0,0.0,0.0
2022-05-28 08:00:00+00:00,False,41.64,41.95,41.08,41.64,0.0,0.0,0.0
2022-05-28 12:00:00+00:00,False,41.63,43.46,41.43,43.09,0.0,0.0,0.0
2022-05-28 16:00:00+00:00,False,43.07,44.7,42.46,44.22,0.0,0.0,0.0
2022-05-28 20:00:00+00:00,False,44.19,45.04,43.65,44.12,0.0,0.0,0.0
2022-05-29 00:00:00+00:00,False,44.11,44.38,42.12,42.19,0.0,0.0,0.0
2022-05-29 04:00:00+00:00,False,42.17,42.61,41.76,42.41,0.0,0.0,0.0
2022-05-29 08:00:00+00:00,True,42.41,44.31,42.29,44.29,0.0,0.0,0.0
2022-05-29 12:00:00+00:00,True,44.31,45.62,44.25,44.8,0.0,0.0,0.0
2022-05-29 16:00:00+00:00,True,44.78,45.27,44.0,44.4,0.0,0.0,0.0
2022-05-29 20:00:00+00:00,True,44.41,45.12,44.1,44.81,0.0,0.0,0.0
2022-05-30 00:00:00+00:00,True,44.8,46.66,44.22,45.76,0.0,0.0,0.0
2022-05-30 04:00:00+00:00,True,45.76,47.34,45.5,46.99,0.0,0.0,0.0
2022-05-30 08:00:00+00:00,True,46.99,47.2,45.83,46.0,0.0,0.0,0.0
2022-05-30 12:00:00+00:00,True,46.0,46.63,44.88,45.61,0.0,0.0,0.0
2022-05-30 16:00:00+00:00,True,45.61,46.33,45.34,45.6,0.0,0.0,0.0
2022-05-30 20:00:00+00:00,True,45.59,48.37,45.57,47.28,0.0,0.0,0.0
2022-05-31 00:00:00+00:00,True,47.27,48.18,46.17,47.48,0.0,0.0,0.0
2022-05-31 04:00:00+00:00,True,47.49,47.82,45.86,46.58,0.0,0.0,0.0
2022-05-31 08:00:00+00:00,True,46.58,46.91,45.93,46.48,0.0,0.0,0.0
2022-05-31 12:00:00+00:00,True,46.47,46.79,44.53,46.68,0.0,0.0,0.0
2022-05-31 16:00:00+00:00,True,46.66,46.69,45.12,45.54,0.0,0.0,0.0
2022-05-31 20:00:00+00:00,True,45.56,46.19,45.37,45.83,0.0,0.0,0.0
2022-06-01 00:00:00+00:00,True,45.82,46.16,44.62,44.83,0.0,0.0,0.0
2022-06-01 04:00:00+00:00,True,44.83,45.18,44.29,44.67,0.0,0.0,0.0
2022-06-01 08:00:00+00:00,True,44.65,45.25,44.17,44.58,0.0,0.0,0.0
2022-06-01 12:00:00+00:00,True,44.58,45.64,42.62,42.94,0.0,0.0,0.0
2022-06-01 16:00:00+00:00,True,42.93,43.07,40.72,41.13,0.0,0.0,0.0
2022-06-01 20:00:00+00:00,True,41.13,41.16,39.56,39.94,0.0,0.0,0.0
2022-06-02 00:00:00+00:00,True,39.94,40.24,38.65,39.05,0.0,0.0,0.0
2022-06-02 04:00:00+00:00,True,39.0,40.09,38.1,39.53,0.0,0.0,0.0
2022-06-02 08:00:00+00:00,True,39.52,41.18,39.46,40.91,0.0,0.0,0.0
2022-06-02 12:00:00+00:00,True,40.9,41.21,39.61,40.8,0.0,0.0,0.0
2022-06-02 16:00:00+00:00,False,40.79,41.03,39.87,40.63,0.0,0.0,0.0
2022-06-02 20:00:00+00:00,False,40.61,41.61,40.34,40.69,0.0,0.0,0.0
2022-06-03 00:00:00+00:00,False,40.68,41.51,40.4,41.14,0.0,0.0,0.0
2022-06-03 04:00:00+00:00,False,41.13,41.16,40.01,40.19,0.0,0.0,0.0
2022-06-03 08:00:00+00:00,False,40.18,40.44,37.92,38.32,0.0,0.0,0.0
2022-06-03 12:00:00+00:00,False,38.31,38.67,37.59,38.11,0.0,0.0,0.0
2022-06-03 16:00:00+00:00,False,38.11,38.56,37.75,38.16,0.0,0.0,0.0
2022-06-03 20:00:00+00:00,False,38.16,38.94,37.88,38.24,0.0,0.0,0.0
2022-06-04 00:00:00+00:00,False,38.25,38.35,35.66,36.7,0.0,0.0,0.0
2022-06-04 04:00:00+00:00,False,36.71,37.45,36.67,37.31,0.0,0.0,0.0
2022-06-04 08:00:00+00:00,False,37.29,37.86,36.75,36.97,0.0,0.0,0.0
2022-06-04 12:00:00+00:00,False,36.97,38.24,36.52,37.67,0.0,0.0,0.0
2022-06-04 16:00:00+00:00,False,37.67,38.17,37.32,37.73,0.0,0.0,0.0
2022-06-04 20:00:00+00:00,False,37.72,39.48,37.53,38.76,0.0,0.0,0.0
2022-06-05 00:00:00+00:00,False,38.76,39.46,37.81,38.22,0.0,0.0,0.0
2022-06-05 04:00:00+00:00,False,38.22,39.3,37.9,38.8,0.0,0.0,0.0
2022-06-05 08:00:00+00:00,False,38.8,39.92,38.72,39.47,0.0,0.0,0.0
2022-06-05 12:00:00+00:00,False,39.49,39.83,38.72,39.77,0.0,0.0,0.0
2022-06-05 16:00:00+00:00,True,39.77,40.21,39.17,39.86,0.0,0.0,0.0
2022-06-05 20:00:00+00:00,True,39.85,40.03,38.29,38.56,0.0,0.0,0.0
2022-06-06 00:00:00+00:00,True,38.54,41.93,38.51,41.89,0.0,0.0,0.0
2022-06-06 04:00:00+00:00,True,41.89,43.95,41.47,43.31,0.0,0.0,0.0
2022-06-06 08:00:00+00:00,True,43.29,44.84,43.09,44.0,0.0,0.0,0.0
2022-06-06 12:00:00+00:00,True,43.99,44.1,42.25,42.48,0.0,0.0,0.0
2022-06-06 16:00:00+00:00,True,42.49,42.58,41.48,41.95,0.0,0.0,0.0
2022-06-06 20:00:00+00:00,True,41.94,43.2,41.07,41.89,0.0,0.0,0.0
2022-06-07 00:00:00+00:00,True,41.86,42.5,38.68,39.34,0.0,0.0,0.0
2022-06-07 04:00:00+00:00,True,39.36,39.65,38.8,39.25,0.0,0.0,0.0
2022-06-07 08:00:00+00:00,True,39.26,39.64,37.4,37.96,0.0,0.0,0.0
2022-06-07 12:00:00+00:00,True,37.93,39.66,37.63,39.01,0.0,0.0,0.0
2022-06-07 16:00:00+00:00,True,39.02,41.14,38.6,40.74,0.0,0.0,0.0
2022-06-07 20:00:00+00:00,True,40.75,41.34,38.36,39.25,0.0,0.0,0.0
2022-06-08 00:00:00+00:00,True,39.26,40.92,38.26,38.43,0.0,0.0,0.0
2022-06-08 04:00:00+00:00,True,38.43,39.53,38.27,39.28,0.0,0.0,0.0
2022-06-08 08:00:00+00:00,True,39.3,39.72,38.95,39.31,0.0,0.0,0.0
2022-06-08 12:00:00+00:00,True,39.3,40.13,38.71,39.77,0.0,0.0,0.0
2022-06-08 16:00:00+00:00,True,39.77,39.86,38.39,38.76,0.0,0.0,0.0
2022-06-08 20:00:00+00:00,True,38.75,39.38,38.65,38.72,0.0,0.0,0.0
2022-06-09 00:00:00+00:00,True,38.73,39.21,38.41,39.08,0.0,0.0,0.0
2022-06-09 04:00:00+00:00,True,39.08,39.75,38.81,39.45,0.0,0.0,0.0
2022-06-09 08:00:00+00:00,True,39.45,42.04,39.28,41.37,0.0,0.0,0.0
2022-06-09 12:00:00+00:00,True,41.36,41.43,39.8,40.34,0.0,0.0,0.0
2022-06-09 16:00:00+00:00,True,40.33,41.39,39.35,39.63,0.0,0.0,0.0
2022-06-09 20:00:00+00:00,True,39.61,40.13,39.38,40.0,0.0,0.0,0.0
2022-06-10 00:00:00+00:00,True,39.98,40.88,39.0,40.21,0.0,0.0,0.0
2022-06-10 04:00:00+00:00,True,40.22,40.8,40.03,40.47,0.0,0.0,0.0
2022-06-10 08:00:00+00:00,True,40.49,40.52,38.86,39.28,0.0,0.0,0.0
2022-06-10 12:00:00+00:00,True,39.29,39.69,37.41,37.91,0.0,0.0,0.0
2022-06-10 16:00:00+00:00,True,37.9,38.03,36.96,37.52,0.0,0.0,0.0
2022-06-10 20:00:00+00:00,True,37.5,38.05,36.71,37.07,0.0,0.0,0.0
2022-06-11 00:00:00+00:00,True,37.06,37.71,36.95,37.55,0.0,0.0,0.0
2022-06-11 04:00:00+00:00,True,37.53,37.9,37.08,37.56,0.0,0.0,0.0
2022-06-11 08:00:00+00:00,True,37.57,37.61,35.1,35.63,0.0,0.0,0.0
2022-06-11 12:00:00+00:00,True,35.61,35.75,33.14,33.66,0.0,0.0,0.0
2022-06-11 16:00:00+00:00,False,33.66,34.77,33.31,34.16,0.0,0.0,0.0
2022-06-11 20:00:00+00:00,False,34.16,34.66,33.58,33.99,0.0,0.0,0.0
2022-06-12 00:00:00+00:00,False,33.97,34.29,31.4,32.48,0.0,0.0,0.0
2022-06-12 04:00:00+00:00,False,32.48,33.15,31.04,32.84,0.0,0.0,0.0
2022-06-12 08:00:00+00:00,False,32.84,33.8,32.25,32.83,0.0,0.0,0.0
2022-06-12 12:00:00+00:00,False,32.84,34.62,31.34,33.9,0.0,0.0,0.0
2022-06-12 16:00:00+00:00,False,33.88,34.25,32.26,32.75,0.0,0.0,0.0
2022-06-12 20:00:00+00:00,False,32.75,32.77,30.51,30.52,0.0,0.0,0.0
2022-06-13 00:00:00+00:00,False,30.55,31.07,27.62,28.81,0.0,0.0,0.0
2022-06-13 04:00:00+00:00,False,28.81,29.67,27.15,27.58,0.0,0.0,0.0
2022-06-13 08:00:00+00:00,False,27.56,28.4,26.0,26.94,0.0,0.0,0.0
2022-06-13 12:00:00+00:00,False,26.93,28.22,26.06,27.97,0.0,0.0,0.0
2022-06-13 16:00:00+00:00,False,27.97,29.4,27.4,28.85,0.0,0.0,0.0
2022-06-13 20:00:00+00:00,False,28.83,29.82,26.95,28.29,0.0,0.0,0.0
2022-06-14 00:00:00+00:00,False,28.3,29.36,25.84,29.21,0.0,0.0,0.0
2022-06-14 04:00:00+00:00,False,29.21,32.23,27.99,30.75,0.0,0.0,0.0
2022-06-14 08:00:00+00:00,False,30.72,30.74,28.6,29.06,0.0,0.0,0.0
2022-06-14 12:00:00+00:00,False,29.04,31.36,28.34,30.67,0.0,0.0,0.0
2022-06-14 16:00:00+00:00,False,30.65,30.83,28.99,29.53,0.0,0.0,0.0
2022-06-14 20:00:00+00:00,False,29.52,30.02,28.0,29.5,0.0,0.0,0.0
2022-06-15 00:00:00+00:00,False,29.5,30.28,28.58,28.62,0.0,0.0,0.0
2022-06-15 04:00:00+00:00,False,28.59,28.77,27.06,27.15,0.0,0.0,0.0
2022-06-15 08:00:00+00:00,False,27.14,29.16,26.74,28.89,0.0,0.0,0.0
2022-06-15 12:00:00+00:00,False,28.89,29.96,28.56,29.43,0.0,0.0,0.0
2022-06-15 16:00:00+00:00,False,29.44,32.99,28.07,31.53,0.0,0.0,0.0
2022-06-15 20:00:00+00:00,False,31.54,35.68,31.02,35.67,0.0,0.0,0.0
2022-06-16 00:00:00+00:00,True,35.66,36.0,33.67,33.74,0.0,0.0,0.0
2022-06-16 04:00:00+00:00,True,33.74,34.21,32.42,32.58,0.0,0.0,0.0
2022-06-16 08:00:00+00:00,True,32.59,32.96,30.68,31.51,0.0,0.0,0.0
2022-06-16 12:00:00+00:00,True,31.53,32.53,30.01,30.95,0.0,0.0,0.0
2022-06-16 16:00:00+00:00,True,30.96,32.67,30.41,31.3,0.0,0.0,0.0
2022-06-16 20:00:00+00:00,True,31.29,31.55,29.5,29.97,0.0,0.0,0.0
2022-06-17 00:00:00+00:00,True,29.99,31.32,29.23,30.0,0.0,0.0,0.0
2022-06-17 04:00:00+00:00,True,29.99,31.97,29.97,31.48,0.0,0.0,0.0
2022-06-17 08:00:00+00:00,True,31.47,32.1,30.92,31.62,0.0,0.0,0.0
2022-06-17 12:00:00+00:00,True,31.63,32.03,30.76,31.3,0.0,0.0,0.0
2022-06-17 16:00:00+00:00,True,31.29,32.09,30.92,31.31,0.0,0.0,0.0
2022-06-17 20:00:00+00:00,True,31.28,31.71,30.53,30.79,0.0,0.0,0.0
2022-06-18 00:00:00+00:00,True,30.79,31.28,29.74,30.06,0.0,0.0,0.0
2022-06-18 04:00:00+00:00,True,30.06,30.38,28.08,28.41,0.0,0.0,0.0
2022-06-18 08:00:00+00:00,True,28.41,30.65,27.79,29.84,0.0,0.0,0.0
2022-06-18 12:00:00+00:00,True,29.84,30.39,29.47,29.87,0.0,0.0,0.0
2022-06-18 16:00:00+00:00,True,29.86,30.6,27.88,27.9,0.0,0.0,0.0
2022-06-18 20:00:00+00:00,True,27.89,32.38,27.1,31.66,0.0,0.0,0.0
2022-06-19 00:00:00+00:00,True,31.66,32.25,29.69,30.11,0.0,0.0,0.0
2022-06-19 04:00:00+00:00,True,30.12,30.6,28.78,29.1,0.0,0.0,0.0
2022-06-19 08:00:00+00:00,True,29.12,32.98,28.67,32.33,0.0,0.0,0.0
2022-06-19 12:00:00+00:00,True,32.34,33.6,31.47,33.26,0.0,0.0,0.0
2022-06-19 16:00:00+00:00,True,33.25,34.22,31.95,33.06,0.0,0.0,0.0
2022-06-19 20:00:00+00:00,True,33.03,35.32,33.01,34.19,0.0,0.0,0.0
2022-06-20 00:00:00+00:00,True,34.19,34.28,31.69,32.17,0.0,0.0,0.0
2022-06-20 04:00:00+00:00,True,32.15,32.79,31.67,32.21,0.0,0.0,0.0
2022-06-20 08:00:00+00:00,True,32.22,36.86,32.12,35.6,0.0,0.0,0.0
2022-06-20 12:00:00+00:00,True,35.63,36.67,34.48,34.85,0.0,0.0,0.0
2022-06-20 16:00:00+00:00,True,34.86,35.25,33.86,34.14,0.0,0.0,0.0
2022-06-20 20:00:00+00:00,True,34.2,35.72,33.72,35.19,0.0,0.0,0.0
2022-06-21 00:00:00+00:00,True,35.18,35.85,34.18,35.09,0.0,0.0,0.0
2022-06-21 04:00:00+00:00,True,35.11,37.64,34.73,37.13,0.0,0.0,0.0
2022-06-21 08:00:00+00:00,True,37.12,38.51,37.0,37.18,0.0,0.0,0.0
2022-06-21 12:00:00+00:00,True,37.19,39.2,36.91,37.88,0.0,0.0,0.0
2022-06-21 16:00:00+00:00,True,37.86,38.62,36.48,36.61,0.0,0.0,0.0
2022-06-21 20:00:00+00:00,True,36.61,36.8,35.55,36.15,0.0,0.0,0.0
2022-06-22 00:00:00+00:00,True,36.15,36.68,34.49,34.74,0.0,0.0,0.0
2022-06-22 04:00:00+00:00,True,34.74,35.23,33.59,33.63,0.0,0.0,0.0
2022-06-22 08:00:00+00:00,True,33.66,36.1,33.61,35.2,0.0,0.0,0.0
2022-06-22 12:00:00+00:00,True,35.21,36.86,34.16,34.34,0.0,0.0,0.0
2022-06-22 16:00:00+00:00,True,34.37,35.34,33.91,34.19,0.0,0.0,0.0
2022-06-22 20:00:00+00:00,True,34.19,35.05,33.83,34.15,0.0,0.0,0.0
2022-06-23 00:00:00+00:00,True,34.15,35.84,34.12,35.2,0.0,0.0,0.0
2022-06-23 04:00:00+00:00,True,35.2,36.63,34.98,36.16,0.0,0.0,0.0
2022-06-23 08:00:00+00:00,True,36.17,37.41,35.69,36.99,0.0,0.0,0.0
2022-06-23 12:00:00+00:00,True,36.98,37.79,36.06,36.86,0.0,0.0,0.0
2022-06-23 16:00:00+00:00,True,36.85,38.43,36.23,37.34,0.0,0.0,0.0
2022-06-23 20:00:00+00:00,True,37.34,38.6,37.21,38.42,0.0,0.0,0.0
2022-06-24 00:00:00+00:00,True,38.39,39.58,37.64,39.01,0.0,0.0,0.0
2022-06-24 04:00:00+00:00,True,39.01,39.27,37.71,38.36,0.0,0.0,0.0
2022-06-24 08:00:00+00:00,True,38.34,40.47,38.06,40.26,0.0,0.0,0.0
2022-06-24 12:00:00+00:00,True,40.27,41.29,39.7,40.24,0.0,0.0,0.0
2022-06-24 16:00:00+00:00,True,40.2,42.27,39.39,41.7,0.0,0.0,0.0
2022-06-24 20:00:00+00:00,True,41.71,42.9,40.85,41.74,0.0,0.0,0.0
2022-06-25 00:00:00+00:00,True,41.73,42.44,40.65,41.28,0.0,0.0,0.0
2022-06-25 04:00:00+00:00,True,41.3,42.33,40.94,42.14,0.0,0.0,0.0
2022-06-25 08:00:00+00:00,True,42.15,42.6,41.72,42.02,0.0,0.0,0.0
2022-06-25 12:00:00+00:00,True,42.03,42.03,39.72,39.94,0.0,0.0,0.0
2022-06-25 16:00:00+00:00,True,39.96,40.98,39.71,40.32,0.0,0.0,0.0
2022-06-25 20:00:00+00:00,True,40.31,42.56,40.06,42.19,0.0,0.0,0.0
2022-06-26 00:00:00+00:00,True,42.2,42.46,40.72,41.47,0.0,0.0,0.0
2022-06-26 04:00:00+00:00,True,41.48,41.81,40.75,41.55,0.0,0.0,0.0
2022-06-26 08:00:00+00:00,True,41.57,42.18,40.5,41.97,0.0,0.0,0.0
2022-06-26 12:00:00+00:00,True,41.97,42.44,39.95,40.63,0.0,0.0,0.0
2022-06-26 16:00:00+00:00,True,40.62,40.91,39.53,40.72,0.0,0.0,0.0
2022-06-26 20:00:00+00:00,True,40.73,41.39,39.15,39.42,0.0,0.0,0.0
2022-06-27 00:00:00+00:00,True,39.4,40.29,38.83,40.0,0.0,0.0,0.0
2022-06-27 04:00:00+00:00,True,40.02,40.93,39.61,40.87,0.0,0.0,0.0
2022-06-27 08:00:00+00:00,True,40.9,41.25,40.22,40.35,0.0,0.0,0.0
2022-06-27 12:00:00+00:00,True,40.35,40.45,38.22,38.65,0.0,0.0,0.0
2022-06-27 16:00:00+00:00,True,38.66,39.17,37.85,38.48,0.0,0.0,0.0
2022-06-27 20:00:00+00:00,True,38.48,39.11,38.24,38.52,0.0,0.0,0.0
2022-06-28 00:00:00+00:00,True,38.52,38.93,36.94,37.71,0.0,0.0,0.0
2022-06-28 04:00:00+00:00,True,37.74,38.69,37.53,38.6,0.0,0.0,0.0
2022-06-28 08:00:00+00:00,False,38.6,39.69,38.42,39.22,0.0,0.0,0.0
2022-06-28 12:00:00+00:00,False,39.21,39.86,36.56,36.71,0.0,0.0,0.0
2022-06-28 16:00:00+00:00,False,36.7,37.19,35.55,35.96,0.0,0.0,0.0
2022-06-28 20:00:00+00:00,False,35.94,36.64,35.04,35.22,0.0,0.0,0.0
2022-06-29 00:00:00+00:00,False,35.2,36.07,35.0,35.47,0.0,0.0,0.0
2022-06-29 04:00:00+00:00,False,35.46,35.68,34.4,35.52,0.0,0.0,0.0
2022-06-29 08:00:00+00:00,False,35.49,35.71,34.25,35.0,0.0,0.0,0.0
2022-06-29 12:00:00+00:00,False,35.02,35.11,33.57,34.54,0.0,0.0,0.0
2022-06-29 16:00:00+00:00,False,34.54,34.72,33.04,34.57,0.0,0.0,0.0
2022-06-29 20:00:00+00:00,False,34.56,35.1,33.47,34.01,0.0,0.0,0.0
2022-06-30 00:00:00+00:00,False,33.98,34.16,32.5,32.85,0.0,0.0,0.0
2022-06-30 04:00:00+00:00,False,32.87,33.16,31.51,31.66,0.0,0.0,0.0
2022-06-30 08:00:00+00:00,False,31.67,32.08,31.18,31.55,0.0,0.0,0.0
2022-06-30 12:00:00+00:00,False,31.56,32.42,30.79,32.25,0.0,0.0,0.0
2022-06-30 16:00:00+00:00,False,32.24,32.82,31.49,31.91,0.0,0.0,0.0
2022-06-30 20:00:00+00:00,False,31.92,33.89,31.44,33.48,0.0,0.0,0.0
2022-07-01 00:00:00+00:00,False,33.47,35.38,33.37,33.42,0.0,0.0,0.0
2022-07-01 04:00:00+00:00,False,33.4,33.63,32.29,32.98,0.0,0.0,0.0
2022-07-01 08:00:00+00:00,False,32.98,33.54,31.78,32.41,0.0,0.0,0.0
2022-07-01 12:00:00+00:00,False,32.38,33.14,31.99,32.3,0.0,0.0,0.0
2022-07-01 16:00:00+00:00,False,32.32,33.46,32.29,33.05,0.0,0.0,0.0
2022-07-01 20:00:00+00:00,False,33.05,34.03,32.52,32.84,0.0,0.0,0.0
2022-07-02 00:00:00+00:00,False,32.83,33.4,32.03,32.08,0.0,0.0,0.0
2022-07-02 04:00:00+00:00,False,32.08,32.85,32.08,32.41,0.0,0.0,0.0
2022-07-02 08:00:00+00:00,False,32.39,32.9,31.82,32.64,0.0,0.0,0.0
2022-07-02 12:00:00+00:00,False,32.64,33.39,32.56,32.79,0.0,0.0,0.0
2022-07-02 16:00:00+00:00,False,32.79,33.45,32.65,33.06,0.0,0.0,0.0
2022-07-02 20:00:00+00:00,False,33.06,34.1,32.85,33.31,0.0,0.0,0.0
2022-07-03 00:00:00+00:00,False,33.32,33.58,32.65,33.14,0.0,0.0,0.0
2022-07-03 04:00:00+00:00,False,33.14,33.65,32.29,32.86,0.0,0.0,0.0
2022-07-03 08:00:00+00:00,False,32.84,33.09,32.43,32.91,0.0,0.0,0.0
2022-07-03 12:00:00+00:00,False,32.9,32.97,32.11,32.36,0.0,0.0,0.0
2022-07-03 16:00:00+00:00,False,32.36,33.61,32.27,33.54,0.0,0.0,0.0
2022-07-03 20:00:00+00:00,False,33.53,33.64,33.1,33.26,0.0,0.0,0.0
2022-07-04 00:00:00+00:00,False,33.26,33.83,32.54,32.54,0.0,0.0,0.0
2022-07-04 04:00:00+00:00,False,32.58,33.07,32.4,32.75,0.0,0.0,0.0
2022-07-04 08:00:00+00:00,False,32.73,34.46,32.71,34.38,0.0,0.0,0.0
2022-07-04 12:00:00+00:00,False,34.37,34.93,33.71,34.18,0.0,0.0,0.0
2022-07-04 16:00:00+00:00,False,34.17,35.12,34.1,34.72,0.0,0.0,0.0
2022-07-04 20:00:00+00:00,True,34.69,36.92,34.69,36.45,0.0,1.0,0.0
2022-07-05 00:00:00+00:00,True,36.44,36.94,35.13,35.79,0.0,1.0,0.0
2022-07-05 04:00:00+00:00,True,35.79,36.28,35.54,35.57,0.0,1.0,0.0
2022-07-05 08:00:00+00:00,True,35.56,35.57,33.71,33.89,0.0,1.0,0.0
2022-07-05 12:00:00+00:00,True,33.88,34.04,33.1,33.75,0.0,1.0,0.0
2022-07-05 16:00:00+00:00,True,33.77,36.06,33.6,35.77,0.0,1.0,0.0
2022-07-05 20:00:00+00:00,True,35.77,36.42,35.01,35.45,0.0,1.0,0.0
2022-07-06 00:00:00+00:00,True,35.44,36.01,34.74,35.49,0.0,1.0,0.0
2022-07-06 04:00:00+00:00,True,35.52,36.41,35.24,35.81,0.0,1.0,0.0
2022-07-06 08:00:00+00:00,True,35.79,36.64,35.41,35.52,0.0,1.0,0.0
2022-07-06 12:00:00+00:00,True,35.51,36.48,35.29,35.75,0.0,1.0,0.0
2022-07-06 16:00:00+00:00,True,35.75,36.73,35.64,36.24,0.0,1.0,0.0
2022-07-06 20:00:00+00:00,True,36.24,37.61,35.9,36.98,0.0,1.0,0.0
2022-07-07 00:00:00+00:00,True,36.97,37.4,36.69,37.02,0.0,1.0,0.0
2022-07-07 04:00:00+00:00,True,37.01,37.06,36.35,36.83,0.0,1.0,0.0
2022-07-07 08:00:00+00:00,True,36.81,37.41,36.62,37.25,0.0,1.0,0.0
2022-07-07 12:00:00+00:00,True,37.23,38.6,36.75,38.39,0.0,1.0,0.0
2022-07-07 16:00:00+00:00,True,38.39,39.29,38.1,38.68,0.0,1.0,0.0
2022-07-07 20:00:00+00:00,True,38.67,38.71,38.1,38.28,0.0,1.0,0.0
2022-07-08 00:00:00+00:00,True,38.29,39.7,37.93,38.6,0.0,1.0,0.0
2022-07-08 04:00:00+00:00,True,38.59,38.79,37.17,37.48,0.0,1.0,0.0
2022-07-08 08:00:00+00:00,True,37.49,37.62,36.58,37.11,0.0,1.0,0.0
2022-07-08 12:00:00+00:00,True,37.13,38.79,36.42,38.61,0.0,1.0,0.0
2022-07-08 16:00:00+00:00,True,38.6,39.32,37.92,38.95,0.0,1.0,0.0
2022-07-08 20:00:00+00:00,True,38.96,39.16,37.99,38.35,0.0,1.0,0.0
2022-07-09 00:00:00+00:00,True,38.33,38.81,37.77,38.39,0.0,1.0,0.0
2022-07-09 04:00:00+00:00,True,38.4,38.84,38.21,38.61,0.0,1.0,0.0
2022-07-09 08:00:00+00:00,True,38.61,38.83,38.03,38.19,0.0,1.0,0.0
2022-07-09 12:00:00+00:00,True,38.22,38.34,37.73,37.97,0.0,1.0,0.0
2022-07-09 16:00:00+00:00,True,37.98,38.91,37.98,38.37,0.0,1.0,0.0
2022-07-09 20:00:00+00:00,True,38.37,38.53,37.95,38.09,0.0,1.0,0.0
2022-07-10 00:00:00+00:00,True,38.07,38.17,37.07,37.34,0.0,1.0,0.0
2022-07-10 04:00:00+00:00,True,37.33,37.52,37.13,37.32,0.0,1.0,0.0
2022-07-10 08:00:00+00:00,True,37.3,37.37,36.63,36.93,0.0,1.0,0.0
2022-07-10 12:00:00+00:00,True,36.92,37.12,36.15,36.71,0.0,1.0,0.0
2022-07-10 16:00:00+00:00,True,36.69,37.29,36.38,37.26,0.0,1.0,0.0
2022-07-10 20:00:00+00:00,True,37.26,37.41,36.47,36.51,0.0,1.0,0.0
2022-07-11 00:00:00+00:00,True,36.52,36.57,35.31,35.72,0.0,1.0,0.0
2022-07-11 04:00:00+00:00,True,35.73,35.74,34.75,35.01,0.0,1.0,0.0
2022-07-11 08:00:00+00:00,False,35.01,35.63,34.97,34.99,0.0,1.0,0.0
2022-07-11 12:00:00+00:00,False,34.99,35.76,34.58,35.07,0.0,1.0,0.0
2022-07-11 16:00:00+00:00,False,35.09,35.65,35.03,35.36,0.0,1.0,0.0
2022-07-11 20:00:00+00:00,False,35.34,35.43,33.22,33.37,0.0,1.0,0.0
2022-07-12 00:00:00+00:00,False,33.37,33.97,33.27,33.62,0.0,1.0,0.0
2022-07-12 04:00:00+00:00,False,33.62,34.1,33.24,33.48,0.0,1.0,0.0
2022-07-12 08:00:00+00:00,False,33.48,34.14,33.11,34.06,0.0,1.0,0.0
2022-07-12 12:00:00+00:00,False,34.05,34.58,33.7,34.24,0.0,1.0,0.0
2022-07-12 16:00:00+00:00,False,34.23,34.46,32.68,32.89,0.0,1.0,0.0
2022-07-12 20:00:00+00:00,False,32.91,33.28,32.35,32.55,0.0,1.0,0.0
2022-07-13 00:00:00+00:00,False,32.55,33.22,32.38,33.11,0.0,1.0,0.0
2022-07-13 04:00:00+00:00,False,33.12,33.86,32.93,33.79,0.0,1.0,0.0
2022-07-13 08:00:00+00:00,False,33.79,34.11,33.59,34.06,0.0,1.0,0.0
2022-07-13 12:00:00+00:00,False,34.04,34.45,31.75,33.15,0.0,1.0,0.0
2022-07-13 16:00:00+00:00,False,33.15,34.06,32.95,33.83,0.0,1.0,0.0
2022-07-13 20:00:00+00:00,False,33.81,35.3,33.46,35.24,0.0,1.0,0.0
2022-07-14 00:00:00+00:00,False,35.21,35.24,34.49,34.56,0.0,1.0,0.0
2022-07-14 04:00:00+00:00,False,34.56,34.71,34.15,34.39,0.0,1.0,0.0
2022-07-14 08:00:00+00:00,False,34.39,34.4,33.55,33.76,0.0,1.0,0.0
2022-07-14 12:00:00+00:00,False,33.76,35.28,33.57,35.23,0.0,1.0,0.0
2022-07-14 16:00:00+00:00,False,35.24,37.07,34.82,36.45,0.0,1.0,0.0
2022-07-14 20:00:00+00:00,False,36.46,37.28,36.32,37.11,0.0,1.0,0.0
2022-07-15 00:00:00+00:00,False,37.12,37.86,36.54,37.29,0.0,1.0,0.0
2022-07-15 04:00:00+00:00,True,37.3,37.55,36.49,37.47,0.0,1.0,0.0
2022-07-15 08:00:00+00:00,True,37.46,38.48,37.46,37.71,0.0,1.0,0.0
2022-07-15 12:00:00+00:00,True,37.72,38.62,37.36,37.74,0.0,1.0,0.0
2022-07-15 16:00:00+00:00,True,37.73,38.87,36.99,38.83,0.0,1.0,0.0
2022-07-15 20:00:00+00:00,True,38.83,39.09,37.09,37.35,0.0,1.0,0.0
2022-07-16 00:00:00+00:00,True,37.35,37.52,36.69,37.1,0.0,1.0,0.0
2022-07-16 04:00:00+00:00,True,37.13,37.25,36.35,36.57,0.0,1.0,0.0
2022-07-16 08:00:00+00:00,True,36.57,36.9,36.5,36.75,0.0,1.0,0.0
2022-07-16 12:00:00+00:00,True,36.75,38.1,36.61,38.08,0.0,1.0,0.0
2022-07-16 16:00:00+00:00,True,38.09,40.55,38.07,39.43,0.0,1.0,0.0
2022-07-16 20:00:00+00:00,True,39.42,39.91,38.81,39.73,0.0,1.0,0.0
2022-07-17 00:00:00+00:00,True,39.72,40.49,39.27,39.93,0.0,1.0,0.0
2022-07-17 04:00:00+00:00,True,39.94,41.08,39.87,40.38,0.0,1.0,0.0
2022-07-17 08:00:00+00:00,True,40.35,40.56,39.29,39.73,0.0,1.0,0.0
2022-07-17 12:00:00+00:00,True,39.73,39.81,39.03,39.2,0.0,1.0,0.0
2022-07-17 16:00:00+00:00,True,39.19,39.8,38.28,39.04,0.0,1.0,0.0
2022-07-17 20:00:00+00:00,True,39.04,39.57,38.5,38.72,0.0,1.0,0.0
2022-07-18 00:00:00+00:00,True,38.71,40.89,38.69,40.43,0.0,1.0,0.0
2022-07-18 04:00:00+00:00,True,40.45,42.48,40.26,42.24,0.0,1.0,0.0
2022-07-18 08:00:00+00:00,True,42.23,42.68,41.29,41.56,0.0,1.0,0.0
2022-07-18 12:00:00+00:00,True,41.58,42.57,41.19,42.19,0.0,1.0,0.0
2022-07-18 16:00:00+00:00,True,42.2,42.25,39.69,39.84,0.0,1.0,0.0
2022-07-18 20:00:00+00:00,True,39.84,44.08,39.83,43.61,0.0,1.0,0.0
2022-07-19 00:00:00+00:00,True,43.62,46.09,42.7,42.72,0.0,1.0,0.0
2022-07-19 04:00:00+00:00,True,42.71,44.13,42.55,43.24,0.0,1.0,0.0
2022-07-19 08:00:00+00:00,True,43.27,45.9,43.27,45.56,0.0,1.0,0.0
2022-07-19 12:00:00+00:00,True,45.54,47.4,45.26,46.66,0.0,1.0,0.0
2022-07-19 16:00:00+00:00,True,46.65,47.28,45.34,45.63,0.0,1.0,0.0
2022-07-19 20:00:00+00:00,True,45.62,46.12,44.59,44.85,0.0,1.0,0.0
2022-07-20 00:00:00+00:00,True,44.85,45.8,44.1,45.46,0.0,1.0,0.0
2022-07-20 04:00:00+00:00,True,45.46,46.05,44.25,44.54,0.0,1.0,0.0
2022-07-20 08:00:00+00:00,True,44.51,45.63,43.74,45.08,0.0,1.0,0.0
2022-07-20 12:00:00+00:00,True,45.08,46.34,44.87,45.38,0.0,1.0,0.0
2022-07-20 16:00:00+00:00,True,45.38,45.38,43.14,43.47,0.0,1.0,0.0
2022-07-20 20:00:00+00:00,True,43.48,43.58,41.05,42.23,0.0,1.0,0.0
2022-07-21 00:00:00+00:00,True,42.22,42.46,39.9,40.05,0.0,1.0,0.0
2022-07-21 04:00:00+00:00,True,40.02,41.49,39.65,41.18,0.0,1.0,0.0
2022-07-21 08:00:00+00:00,True,41.15,41.89,40.63,41.6,0.0,1.0,0.0
2022-07-21 12:00:00+00:00,True,41.62,42.46,40.83,42.26,0.0,1.0,0.0
2022-07-21 16:00:00+00:00,True,42.26,44.03,42.2,44.0,0.0,1.0,0.0
2022-07-21 20:00:00+00:00,True,44.0,44.06,42.47,42.89,0.0,1.0,0.0
2022-07-22 00:00:00+00:00,True,42.89,43.53,42.27,42.79,0.0,1.0,0.0
2022-07-22 04:00:00+00:00,True,42.8,43.47,42.06,42.99,0.0,1.0,0.0
2022-07-22 08:00:00+00:00,True,42.99,44.34,42.82,44.18,0.0,1.0,0.0
2022-07-22 12:00:00+00:00,True,44.14,44.2,41.4,41.75,0.0,1.0,0.0
2022-07-22 16:00:00+00:00,False,41.75,41.92,40.03,40.34,0.0,1.0,1.0
2022-07-22 20:00:00+00:00,False,40.33,41.11,40.21,40.46,0.0,1.0,1.0
2022-07-23 00:00:00+00:00,False,40.46,41.52,40.11,41.12,0.0,1.0,1.0
2022-07-23 04:00:00+00:00,False,41.12,41.94,41.04,41.47,0.0,1.0,1.0
2022-07-23 08:00:00+00:00,False,41.46,41.53,39.41,39.45,0.0,1.0,1.0
2022-07-23 12:00:00+00:00,False,39.45,40.48,39.38,40.14,0.0,1.0,1.0
2022-07-23 16:00:00+00:00,False,40.12,40.39,38.58,39.45,0.0,1.0,1.0
2022-07-23 20:00:00+00:00,False,39.46,40.44,39.2,40.34,0.0,1.0,1.0
2022-07-24 00:00:00+00:00,False,40.35,40.45,39.47,39.71,0.0,1.0,1.0
2022-07-24 04:00:00+00:00,False,39.73,41.17,39.51,40.68,0.0,1.0,1.0
2022-07-24 08:00:00+00:00,False,40.68,41.4,40.25,40.78,0.0,1.0,1.0
2022-07-24 12:00:00+00:00,False,40.78,41.37,40.11,41.07,0.0,1.0,1.0
2022-07-24 16:00:00+00:00,False,41.06,41.24,40.6,40.79,0.0,1.0,1.0
2022-07-24 20:00:00+00:00,False,40.79,42.12,40.68,40.99,0.0,1.0,1.0
2022-07-25 00:00:00+00:00,False,40.99,41.11,37.72,37.96,0.0,1.0,1.0
2022-07-25 04:00:00+00:00,False,37.97,38.75,37.79,38.54,0.0,1.0,1.0
2022-07-25 08:00:00+00:00,False,38.54,39.27,38.35,38.85,0.0,1.0,1.0
2022-07-25 12:00:00+00:00,False,38.86,39.38,38.29,38.74,0.0,1.0,1.0
2022-07-25 16:00:00+00:00,False,38.74,39.02,37.34,38.47,0.0,1.0,1.0
2022-07-25 20:00:00+00:00,False,38.46,38.97,36.51,36.73,0.0,1.0,1.0
2022-07-26 00:00:00+00:00,False,36.73,36.83,35.54,36.24,0.0,1.0,1.0
2022-07-26 04:00:00+00:00,False,36.24,36.51,35.47,35.66,0.0,1.0,1.0
2022-07-26 08:00:00+00:00,False,35.65,36.25,35.32,35.83,0.0,1.0,1.0
2022-07-26 12:00:00+00:00,False,35.87,36.29,34.93,35.07,0.0,1.0,1.0
2022-07-26 16:00:00+00:00,False,35.06,35.6,34.68,34.9,0.0,1.0,1.0
2022-07-26 20:00:00+00:00,False,34.91,36.4,34.9,36.26,0.0,1.0,1.0
2022-07-27 00:00:00+00:00,False,36.26,36.32,35.69,35.8,0.0,1.0,1.0
2022-07-27 04:00:00+00:00,False,35.82,37.2,35.77,36.94,0.0,1.0,1.0
2022-07-27 08:00:00+00:00,False,36.94,37.09,36.21,36.43,0.0,1.0,1.0
2022-07-27 12:00:00+00:00,False,36.45,37.47,36.39,37.07,0.0,1.0,1.0
2022-07-27 16:00:00+00:00,False,37.09,40.33,36.44,39.53,0.0,1.0,1.0
2022-07-27 20:00:00+00:00,False,39.53,40.57,39.28,40.13,0.0,1.0,1.0
2022-07-28 00:00:00+00:00,False,40.14,40.48,39.06,39.81,0.0,1.0,1.0
2022-07-28 04:00:00+00:00,False,39.8,40.01,39.25,39.37,0.0,1.0,1.0
2022-07-28 08:00:00+00:00,False,39.38,40.86,39.27,40.47,0.0,1.0,1.0
2022-07-28 12:00:00+00:00,False,40.47,42.18,39.21,41.96,0.0,1.0,1.0
2022-07-28 16:00:00+00:00,False,41.95,42.99,41.75,42.35,0.0,1.0,1.0
2022-07-28 20:00:00+00:00,True,42.34,44.19,42.32,42.98,0.0,1.0,1.0
2022-07-29 00:00:00+00:00,True,43.0,43.6,42.4,43.54,0.0,1.0,1.0
2022-07-29 04:00:00+00:00,True,43.53,44.46,42.73,42.95,0.0,1.0,1.0
2022-07-29 08:00:00+00:00,True,42.93,43.34,41.38,41.82,0.0,1.0,1.0
2022-07-29 12:00:00+00:00,True,41.81,43.65,41.13,42.21,0.0,1.0,1.0
2022-07-29 16:00:00+00:00,True,42.2,42.64,41.22,41.79,0.0,1.0,1.0
2022-07-29 20:00:00+00:00,True,41.8,43.13,41.54,42.15,0.0,1.0,1.0
2022-07-30 00:00:00+00:00,True,42.13,42.52,41.45,41.71,0.0,1.0,1.0
2022-07-30 04:00:00+00:00,True,41.74,42.5,41.48,42.31,0.0,1.0,1.0
2022-07-30 08:00:00+00:00,True,42.31,43.07,41.86,42.4,0.0,1.0,1.0
2022-07-30 12:00:00+00:00,True,42.41,46.33,42.22,46.22,0.0,1.0,1.0
2022-07-30 16:00:00+00:00,True,46.2,46.72,44.81,45.29,0.0,1.0,1.0
2022-07-30 20:00:00+00:00,True,45.27,45.52,43.35,43.35,0.0,1.0,1.0
2022-07-31 00:00:00+00:00,True,43.4,44.2,42.99,43.41,0.0,1.0,1.0
2022-07-31 04:00:00+00:00,True,43.45,44.53,43.36,43.96,0.0,1.0,1.0
2022-07-31 08:00:00+00:00,True,43.97,44.81,43.28,44.39,0.0,1.0,1.0
2022-07-31 12:00:00+00:00,True,44.39,44.64,43.64,44.12,0.0,1.0,1.0
2022-07-31 16:00:00+00:00,True,44.11,45.25,42.77,43.78,0.0,1.0,1.0
2022-07-31 20:00:00+00:00,True,43.82,43.86,42.11,42.31,0.0,1.0,1.0
2022-08-01 00:00:00+00:00,True,42.31,43.29,42.29,43.03,0.0,1.0,1.0
2022-08-01 04:00:00+00:00,True,43.03,43.14,42.27,42.98,0.0,1.0,1.0
2022-08-01 08:00:00+00:00,True,42.97,43.14,41.65,42.15,0.0,1.0,1.0
2022-08-01 12:00:00+00:00,True,42.14,42.99,41.36,42.08,0.0,1.0,1.0
2022-08-01 16:00:00+00:00,True,42.11,42.24,40.58,41.12,0.0,1.0,1.0
2022-08-01 20:00:00+00:00,True,41.11,41.91,40.79,41.76,0.0,1.0,1.0
2022-08-02 00:00:00+00:00,True,41.74,42.13,39.97,40.19,0.0,1.0,1.0
2022-08-02 04:00:00+00:00,False,40.18,40.67,39.94,40.41,0.0,1.0,0.0
2022-08-02 08:00:00+00:00,False,40.44,40.82,39.82,40.61,0.0,1.0,0.0
2022-08-02 12:00:00+00:00,False,40.62,41.79,39.92,41.68,0.0,1.0,0.0
2022-08-02 16:00:00+00:00,False,41.7,42.46,40.94,41.21,0.0,1.0,0.0
2022-08-02 20:00:00+00:00,False,41.21,41.52,39.5,39.79,0.0,1.0,0.0
2022-08-03 00:00:00+00:00,False,39.79,40.05,37.48,38.36,0.0,1.0,0.0
2022-08-03 04:00:00+00:00,False,38.35,39.4,38.18,38.91,0.0,1.0,0.0
2022-08-03 08:00:00+00:00,False,38.89,39.97,38.59,39.69,0.0,1.0,0.0
2022-08-03 12:00:00+00:00,False,39.68,41.11,39.58,40.07,0.0,1.0,0.0
2022-08-03 16:00:00+00:00,False,40.05,40.75,39.81,40.13,0.0,1.0,0.0
2022-08-03 20:00:00+00:00,False,40.14,40.29,38.2,38.62,0.0,1.0,0.0
2022-08-04 00:00:00+00:00,False,38.65,39.67,38.6,39.34,0.0,1.0,0.0
2022-08-04 04:00:00+00:00,False,39.33,39.73,38.57,39.19,0.0,1.0,0.0
2022-08-04 08:00:00+00:00,False,39.19,39.34,38.52,38.81,0.0,1.0,0.0
2022-08-04 12:00:00+00:00,False,38.8,39.84,38.33,38.86,0.0,1.0,0.0
2022-08-04 16:00:00+00:00,False,38.85,39.02,37.91,38.38,0.0,1.0,0.0
2022-08-04 20:00:00+00:00,False,38.4,39.03,38.18,38.86,0.0,1.0,0.0
2022-08-05 00:00:00+00:00,False,38.85,40.19,38.7,40.04,0.0,1.0,0.0
2022-08-05 04:00:00+00:00,False,40.04,40.58,39.69,40.19,0.0,1.0,0.0
2022-08-05 08:00:00+00:00,False,40.19,41.18,39.85,41.12,0.0,1.0,0.0
2022-08-05 12:00:00+00:00,False,41.12,41.37,39.62,40.01,0.0,1.0,0.0
2022-08-05 16:00:00+00:00,False,40.01,40.16,39.44,39.86,0.0,1.0,0.0
2022-08-05 20:00:00+00:00,False,39.86,40.78,39.76,40.64,0.0,1.0,0.0
2022-08-06 00:00:00+00:00,False,40.65,40.72,40.17,40.65,0.0,1.0,0.0
2022-08-06 04:00:00+00:00,False,40.65,40.68,40.25,40.49,0.0,1.0,0.0
2022-08-06 08:00:00+00:00,False,40.49,40.89,40.29,40.33,0.0,1.0,0.0
2022-08-06 12:00:00+00:00,False,40.34,40.57,40.18,40.46,0.0,1.0,0.0
2022-08-06 16:00:00+00:00,False,40.47,40.92,39.82,40.75,0.0,1.0,0.0
2022-08-06 20:00:00+00:00,False,40.74,40.85,39.94,40.0,0.0,1.0,0.0
2022-08-07 00:00:00+00:00,False,39.98,40.28,39.22,39.97,0.0,1.0,0.0
2022-08-07 04:00:00+00:00,False,39.96,40.21,39.73,39.98,0.0,1.0,0.0
2022-08-07 08:00:00+00:00,False,39.99,40.39,39.69,40.39,0.0,1.0,0.0
2022-08-07 12:00:00+00:00,False,40.38,40.63,40.09,40.33,0.0,1.0,0.0
2022-08-07 16:00:00+00:00,False,40.33,40.79,40.25,40.67,0.0,1.0,0.0
2022-08-07 20:00:00+00:00,False,40.67,41.58,40.46,40.63,0.0,1.0,0.0
2022-08-08 00:00:00+00:00,True,40.62,42.08,40.6,41.92,0.0,1.0,0.0
2022-08-08 04:00:00+00:00,True,41.91,42.8,41.86,42.76,0.0,1.0,0.0
2022-08-08 08:00:00+00:00,True,42.73,43.44,42.42,43.41,0.0,1.0,0.0
2022-08-08 12:00:00+00:00,True,43.41,43.71,42.4,42.49,0.0,1.0,0.0
2022-08-08 16:00:00+00:00,True,42.49,42.58,42.04,42.55,0.0,1.0,0.0
2022-08-08 20:00:00+00:00,True,42.54,43.17,41.8,42.14,0.0,1.0,0.0
2022-08-09 00:00:00+00:00,True,42.16,42.48,41.54,42.44,0.0,1.0,0.0
2022-08-09 04:00:00+00:00,True,42.45,42.76,42.23,42.57,0.0,1.0,0.0
2022-08-09 08:00:00+00:00,True,42.57,42.58,40.68,41.02,0.0,1.0,0.0
2022-08-09 12:00:00+00:00,True,41.01,41.46,39.75,40.2,0.0,1.0,0.0
2022-08-09 16:00:00+00:00,True,40.2,40.49,39.92,40.17,0.0,1.0,0.0
2022-08-09 20:00:00+00:00,True,40.17,40.76,40.12,40.18,0.0,1.0,0.0
2022-08-10 00:00:00+00:00,True,40.16,40.35,39.16,39.44,0.0,1.0,0.0
2022-08-10 04:00:00+00:00,True,39.43,39.82,39.14,39.71,0.0,1.0,0.0
2022-08-10 08:00:00+00:00,False,39.7,40.2,39.68,40.08,0.0,1.0,0.0
2022-08-10 12:00:00+00:00,False,40.06,42.49,39.86,42.14,0.0,1.0,0.0
2022-08-10 16:00:00+00:00,False,42.13,42.45,41.22,41.4,0.0,1.0,0.0
2022-08-10 20:00:00+00:00,False,41.43,42.86,41.38,42.4,0.0,1.0,0.0
2022-08-11 00:00:00+00:00,True,42.42,44.07,42.32,43.98,0.0,1.0,0.0
2022-08-11 04:00:00+00:00,True,43.98,45.1,43.88,44.48,0.0,1.0,0.0
2022-08-11 08:00:00+00:00,True,44.46,44.59,43.74,44.12,0.0,1.0,0.0
2022-08-11 12:00:00+00:00,True,44.13,45.4,43.36,43.55,0.0,1.0,0.0
2022-08-11 16:00:00+00:00,True,43.54,44.04,42.86,43.26,0.0,1.0,0.0
2022-08-11 20:00:00+00:00,True,43.27,43.53,42.37,42.84,0.0,1.0,0.0
2022-08-12 00:00:00+00:00,True,42.83,43.69,42.22,43.54,0.0,1.0,0.0
2022-08-12 04:00:00+00:00,True,43.55,43.67,42.83,43.22,0.0,1.0,0.0
2022-08-12 08:00:00+00:00,True,43.21,43.82,42.15,42.33,0.0,1.0,0.0
2022-08-12 12:00:00+00:00,True,42.33,43.49,42.31,43.46,0.0,1.0,0.0
2022-08-12 16:00:00+00:00,True,43.45,45.0,42.96,44.81,0.0,1.0,0.0
2022-08-12 20:00:00+00:00,True,44.81,45.54,44.33,45.31,0.0,1.0,0.0
2022-08-13 00:00:00+00:00,True,45.31,47.8,45.3,47.42,0.0,1.0,0.0
2022-08-13 04:00:00+00:00,True,47.42,48.39,46.94,47.35,0.0,1.0,0.0
2022-08-13 08:00:00+00:00,True,47.32,47.78,46.4,46.81,0.0,1.0,0.0
2022-08-13 12:00:00+00:00,True,46.79,47.17,46.06,46.4,0.0,1.0,0.0
2022-08-13 16:00:00+00:00,True,46.38,46.81,46.09,46.33,0.0,1.0,0.0
2022-08-13 20:00:00+00:00,True,46.33,47.4,46.21,46.64,0.0,1.0,0.0
2022-08-14 00:00:00+00:00,True,46.63,47.69,46.11,46.72,0.0,1.0,0.0
2022-08-14 04:00:00+00:00,True,46.71,48.09,46.56,47.46,0.0,1.0,0.0
2022-08-14 08:00:00+00:00,True,47.45,47.61,46.61,46.7,0.0,1.0,0.0
2022-08-14 12:00:00+00:00,True,46.71,46.74,45.81,45.93,0.0,1.0,0.0
2022-08-14 16:00:00+00:00,True,45.93,46.02,44.49,45.11,0.0,1.0,0.0
2022-08-14 20:00:00+00:00,True,45.11,45.84,44.78,44.88,0.0,1.0,0.0
2022-08-15 00:00:00+00:00,True,44.87,47.25,44.38,46.41,0.0,1.0,0.0
2022-08-15 04:00:00+00:00,True,46.4,46.68,43.54,43.86,0.0,1.0,0.0
2022-08-15 08:00:00+00:00,True,43.87,44.45,43.25,43.83,0.0,1.0,0.0
2022-08-15 12:00:00+00:00,True,43.84,44.59,43.3,44.53,0.0,1.0,0.0
2022-08-15 16:00:00+00:00,True,44.55,44.78,43.64,43.91,0.0,1.0,0.0
2022-08-15 20:00:00+00:00,True,43.9,44.15,42.67,43.77,0.0,1.0,0.0
2022-08-16 00:00:00+00:00,False,43.74,44.21,42.55,43.77,0.0,1.0,1.0
2022-08-16 04:00:00+00:00,False,43.78,43.8,42.78,43.27,0.0,1.0,1.0
2022-08-16 08:00:00+00:00,False,43.26,44.32,43.15,44.22,0.0,1.0,1.0
2022-08-16 12:00:00+00:00,False,44.2,44.25,42.61,43.32,0.0,1.0,1.0
2022-08-16 16:00:00+00:00,False,43.38,43.6,42.55,43.11,0.0,1.0,1.0
2022-08-16 20:00:00+00:00,False,43.09,43.51,42.84,43.02,0.0,1.0,1.0
2022-08-17 00:00:00+00:00,False,43.02,44.11,43.02,44.09,0.0,1.0,1.0
2022-08-17 04:00:00+00:00,False,44.09,44.74,43.01,43.17,0.0,1.0,1.0
2022-08-17 08:00:00+00:00,False,43.16,43.45,42.62,42.64,0.0,1.0,1.0
2022-08-17 12:00:00+00:00,False,42.64,42.64,40.73,41.13,0.0,1.0,1.0
2022-08-17 16:00:00+00:00,False,41.14,41.9,40.4,40.54,0.0,1.0,1.0
2022-08-17 20:00:00+00:00,False,40.55,41.14,40.18,40.49,0.0,1.0,1.0
2022-08-18 00:00:00+00:00,False,40.53,41.06,40.09,40.85,0.0,1.0,1.0
2022-08-18 04:00:00+00:00,False,40.84,41.07,40.55,40.95,0.0,1.0,1.0
2022-08-18 08:00:00+00:00,False,40.95,41.47,40.69,41.42,0.0,1.0,1.0
2022-08-18 12:00:00+00:00,False,41.42,41.68,40.7,41.15,0.0,1.0,1.0
2022-08-18 16:00:00+00:00,False,41.15,41.28,40.35,40.85,0.0,1.0,1.0
2022-08-18 20:00:00+00:00,False,40.86,41.26,39.34,39.44,0.0,1.0,1.0
2022-08-19 00:00:00+00:00,False,39.47,39.55,37.74,38.41,0.0,1.0,1.0
2022-08-19 04:00:00+00:00,False,38.4,38.44,35.25,36.55,0.0,1.0,1.0
2022-08-19 08:00:00+00:00,False,36.53,36.56,35.5,36.43,0.0,1.0,1.0
2022-08-19 12:00:00+00:00,False,36.41,37.35,36.07,36.94,0.0,1.0,1.0
2022-08-19 16:00:00+00:00,False,36.92,37.81,36.73,37.28,0.0,1.0,1.0
2022-08-19 20:00:00+00:00,False,37.26,37.28,35.62,35.96,0.0,1.0,1.0
2022-08-20 00:00:00+00:00,False,35.98,36.87,35.98,36.73,0.0,1.0,1.0
2022-08-20 04:00:00+00:00,False,36.74,37.27,36.46,37.13,0.0,1.0,1.0
2022-08-20 08:00:00+00:00,False,37.11,37.14,36.4,36.58,0.0,1.0,1.0
2022-08-20 12:00:00+00:00,False,36.58,36.97,36.19,36.48,0.0,1.0,1.0
2022-08-20 16:00:00+00:00,False,36.47,36.61,34.36,34.49,0.0,1.0,1.0
2022-08-20 20:00:00+00:00,False,34.51,35.38,34.21,35.22,0.0,1.0,1.0
2022-08-21 00:00:00+00:00,False,35.23,35.68,35.02,35.15,0.0,1.0,1.0
2022-08-21 04:00:00+00:00,False,35.15,35.61,34.5,35.56,0.0,1.0,1.0
2022-08-21 08:00:00+00:00,False,35.56,36.29,35.41,36.2,0.0,1.0,1.0
2022-08-21 12:00:00+00:00,False,36.21,36.31,35.61,36.12,0.0,1.0,1.0
2022-08-21 16:00:00+00:00,False,36.11,36.57,35.85,36.36,0.0,1.0,1.0
2022-08-21 20:00:00+00:00,False,36.36,37.05,35.93,36.46,0.0,1.0,1.0
2022-08-22 00:00:00+00:00,False,36.47,36.55,35.88,35.92,0.0,1.0,1.0
2022-08-22 04:00:00+00:00,False,35.92,36.33,34.7,34.72,0.0,1.0,1.0
2022-08-22 08:00:00+00:00,False,34.7,34.91,33.76,34.62,0.0,1.0,1.0
2022-08-22 12:00:00+00:00,False,34.62,35.1,33.9,34.9,0.0,1.0,1.0
2022-08-22 16:00:00+00:00,False,34.9,35.0,33.99,35.0,0.0,1.0,1.0
2022-08-22 20:00:00+00:00,False,34.98,35.59,34.48,35.43,0.0,1.0,1.0
2022-08-23 00:00:00+00:00,False,35.41,35.57,35.1,35.31,0.0,1.0,1.0
2022-08-23 04:00:00+00:00,False,35.31,35.42,34.24,35.03,0.0,1.0,1.0
2022-08-23 08:00:00+00:00,False,35.04,35.77,34.83,35.69,0.0,1.0,1.0
2022-08-23 12:00:00+00:00,False,35.69,36.1,35.18,35.61,0.0,1.0,1.0
2022-08-23 16:00:00+00:00,False,35.62,35.79,35.18,35.49,0.0,1.0,1.0
2022-08-23 20:00:00+00:00,False,35.48,35.9,35.29,35.62,0.0,1.0,1.0
2022-08-24 00:00:00+00:00,False,35.62,35.72,34.3,34.51,0.0,1.0,1.0
2022-08-24 04:00:00+00:00,False,34.53,35.35,34.48,34.97,0.0,1.0,1.0
2022-08-24 08:00:00+00:00,False,34.96,35.51,34.89,35.44,0.0,1.0,1.0
2022-08-24 12:00:00+00:00,False,35.42,36.22,35.17,36.2,0.0,1.0,1.0
2022-08-24 16:00:00+00:00,False,36.2,36.42,35.67,35.81,0.0,1.0,1.0
2022-08-24 20:00:00+00:00,False,35.81,36.08,34.86,35.02,0.0,1.0,1.0
2022-08-25 00:00:00+00:00,False,35.02,35.68,34.94,35.28,0.0,1.0,1.0
2022-08-25 04:00:00+00:00,False,35.29,36.35,35.29,36.31,0.0,1.0,1.0
2022-08-25 08:00:00+00:00,True,36.31,36.49,35.95,36.44,0.0,0.0,1.0
2022-08-25 12:00:00+00:00,True,36.46,36.46,35.38,35.61,0.0,0.0,1.0
2022-08-25 16:00:00+00:00,True,35.61,35.87,35.41,35.78,0.0,0.0,1.0
2022-08-25 20:00:00+00:00,True,35.78,35.99,35.05,35.12,0.0,0.0,1.0
2022-08-26 00:00:00+00:00,True,35.12,35.23,34.49,35.12,0.0,0.0,1.0
2022-08-26 04:00:00+00:00,True,35.11,35.23,34.41,34.68,0.0,0.0,1.0
2022-08-26 08:00:00+00:00,True,34.68,34.79,33.88,34.09,0.0,0.0,1.0
2022-08-26 12:00:00+00:00,True,34.11,35.81,33.0,33.18,0.0,0.0,1.0
2022-08-26 16:00:00+00:00,True,33.16,33.4,32.56,33.0,0.0,0.0,1.0
2022-08-26 20:00:00+00:00,False,32.98,33.19,31.38,31.73,0.0,0.0,0.0
2022-08-27 00:00:00+00:00,False,31.72,32.05,31.52,31.88,0.0,0.0,0.0
2022-08-27 04:00:00+00:00,False,31.88,32.27,31.15,32.07,0.0,0.0,0.0
2022-08-27 08:00:00+00:00,False,32.08,32.17,31.8,32.02,0.0,0.0,0.0
2022-08-27 12:00:00+00:00,False,32.02,32.07,31.08,31.31,0.0,0.0,0.0
2022-08-27 16:00:00+00:00,False,31.3,31.48,30.88,31.35,0.0,0.0,0.0
2022-08-27 20:00:00+00:00,False,31.37,31.68,31.06,31.46,0.0,0.0,0.0
2022-08-28 00:00:00+00:00,False,31.46,31.82,31.17,31.45,0.0,0.0,0.0
2022-08-28 04:00:00+00:00,False,31.44,31.93,31.28,31.91,0.0,0.0,0.0
2022-08-28 08:00:00+00:00,False,31.91,32.04,31.52,31.91,0.0,0.0,0.0
2022-08-28 12:00:00+00:00,False,31.91,32.01,31.22,32.01,0.0,0.0,0.0
2022-08-28 16:00:00+00:00,False,32.01,32.22,31.66,31.77,0.0,0.0,0.0
2022-08-28 20:00:00+00:00,False,31.76,31.9,30.19,30.35,0.0,0.0,0.0
2022-08-29 00:00:00+00:00,False,30.33,30.97,30.01,30.75,0.0,0.0,0.0
2022-08-29 04:00:00+00:00,False,30.77,30.81,30.12,30.54,0.0,0.0,0.0
2022-08-29 08:00:00+00:00,False,30.54,30.77,30.33,30.69,0.0,0.0,0.0
2022-08-29 12:00:00+00:00,False,30.68,32.31,30.65,31.9,0.0,0.0,0.0
2022-08-29 16:00:00+00:00,False,31.9,31.95,31.42,31.54,0.0,0.0,0.0
2022-08-29 20:00:00+00:00,False,31.54,32.67,31.54,32.32,0.0,0.0,0.0
2022-08-30 00:00:00+00:00,False,32.32,32.52,31.87,32.36,0.0,0.0,0.0
2022-08-30 04:00:00+00:00,False,32.36,33.06,32.34,32.86,0.0,0.0,0.0
2022-08-30 08:00:00+00:00,True,32.84,33.16,32.6,32.83,0.0,0.0,0.0
2022-08-30 12:00:00+00:00,True,32.83,32.88,30.93,31.25,0.0,0.0,0.0
2022-08-30 16:00:00+00:00,True,31.26,32.03,30.63,31.48,0.0,0.0,0.0
2022-08-30 20:00:00+00:00,True,31.48,32.13,31.32,31.57,0.0,0.0,0.0
2022-08-31 00:00:00+00:00,True,31.57,32.66,31.55,32.52,0.0,0.0,0.0
2022-08-31 04:00:00+00:00,True,32.51,32.89,32.19,32.38,0.0,0.0,0.0
2022-08-31 08:00:00+00:00,True,32.37,32.81,31.94,32.63,0.0,0.0,0.0
2022-08-31 12:00:00+00:00,True,32.62,32.97,31.57,31.95,0.0,0.0,0.0
2022-08-31 16:00:00+00:00,True,31.95,32.37,31.43,32.13,0.0,0.0,0.0
2022-08-31 20:00:00+00:00,True,32.12,32.5,31.18,31.62,0.0,0.0,0.0
2022-09-01 00:00:00+00:00,True,31.62,31.76,30.97,31.24,0.0,0.0,0.0
2022-09-01 04:00:00+00:00,True,31.24,31.55,30.83,31.07,0.0,0.0,0.0
2022-09-01 08:00:00+00:00,True,31.07,31.58,30.85,31.42,0.0,0.0,0.0
2022-09-01 12:00:00+00:00,True,31.43,31.5,30.33,30.79,0.0,0.0,0.0
2022-09-01 16:00:00+00:00,True,30.79,31.13,30.48,31.13,0.0,0.0,0.0
2022-09-01 20:00:00+00:00,True,31.12,31.79,31.1,31.62,0.0,0.0,0.0
2022-09-02 00:00:00+00:00,True,31.63,31.82,31.11,31.64,0.0,0.0,0.0
2022-09-02 04:00:00+00:00,True,31.62,31.96,31.43,31.67,0.0,0.0,0.0
2022-09-02 08:00:00+00:00,True,31.67,31.7,31.25,31.5,0.0,0.0,0.0
2022-09-02 12:00:00+00:00,True,31.51,32.4,31.45,32.27,0.0,0.0,0.0
2022-09-02 16:00:00+00:00,True,32.27,32.32,30.77,30.93,0.0,0.0,0.0
2022-09-02 20:00:00+00:00,True,30.93,31.29,30.89,31.1,0.0,0.0,0.0
2022-09-03 00:00:00+00:00,True,31.09,31.28,30.87,30.98,0.0,0.0,0.0
2022-09-03 04:00:00+00:00,True,30.98,31.29,30.81,30.98,0.0,0.0,0.0
2022-09-03 08:00:00+00:00,True,30.98,31.22,30.88,31.04,0.0,0.0,0.0
2022-09-03 12:00:00+00:00,True,31.04,31.29,31.01,31.18,0.0,0.0,0.0
2022-09-03 16:00:00+00:00,True,31.18,31.21,30.83,30.98,0.0,0.0,0.0
2022-09-03 20:00:00+00:00,True,30.96,31.22,30.94,31.12,0.0,0.0,0.0
2022-09-04 00:00:00+00:00,True,31.11,31.71,31.08,31.52,0.0,0.0,0.0
2022-09-04 04:00:00+00:00,True,31.51,31.55,31.03,31.09,0.0,0.0,0.0
2022-09-04 08:00:00+00:00,True,31.1,32.02,31.1,31.79,0.0,0.0,0.0
2022-09-04 12:00:00+00:00,True,31.79,31.87,31.45,31.81,0.0,0.0,0.0
2022-09-04 16:00:00+00:00,True,31.8,31.95,31.64,31.78,0.0,0.0,0.0
2022-09-04 20:00:00+00:00,True,31.78,32.52,31.74,32.37,0.0,0.0,0.0
2022-09-05 00:00:00+00:00,True,32.38,32.43,32.06,32.17,0.0,0.0,0.0
2022-09-05 04:00:00+00:00,True,32.16,32.17,31.47,31.61,0.0,0.0,0.0
2022-09-05 08:00:00+00:00,True,31.62,31.74,31.14,31.26,0.0,0.0,0.0
2022-09-05 12:00:00+00:00,True,31.26,31.96,31.17,31.96,0.0,0.0,0.0
2022-09-05 16:00:00+00:00,True,31.96,32.01,31.69,31.77,0.0,0.0,0.0
2022-09-05 20:00:00+00:00,True,31.76,32.43,31.75,32.19,0.0,0.0,0.0
2022-09-06 00:00:00+00:00,True,32.21,33.56,32.2,32.75,0.0,0.0,0.0
2022-09-06 04:00:00+00:00,True,32.75,33.24,32.52,32.98,0.0,0.0,0.0
2022-09-06 08:00:00+00:00,True,32.98,33.38,32.74,33.3,0.0,0.0,0.0
2022-09-06 12:00:00+00:00,True,33.31,33.88,32.39,33.66,0.0,0.0,0.0
2022-09-06 16:00:00+00:00,True,33.62,33.73,30.74,30.85,0.0,0.0,0.0
2022-09-06 20:00:00+00:00,True,30.85,31.35,30.44,31.07,0.0,0.0,0.0
2022-09-07 00:00:00+00:00,True,31.06,31.21,30.31,30.8,0.0,0.0,0.0
2022-09-07 04:00:00+00:00,True,30.78,31.19,30.7,31.16,0.0,0.0,0.0
2022-09-07 08:00:00+00:00,True,31.15,31.34,30.96,31.18,0.0,0.0,0.0
2022-09-07 12:00:00+00:00,True,31.16,31.67,30.84,31.59,0.0,0.0,0.0
2022-09-07 16:00:00+00:00,True,31.59,32.37,31.41,32.05,0.0,0.0,0.0
2022-09-07 20:00:00+00:00,True,32.05,32.96,32.02,32.71,0.0,0.0,0.0
2022-09-08 00:00:00+00:00,True,32.69,32.84,32.23,32.5,0.0,0.0,0.0
2022-09-08 04:00:00+00:00,True,32.51,32.78,32.0,32.4,0.0,0.0,0.0
2022-09-08 08:00:00+00:00,True,32.4,33.31,32.36,32.92,0.0,0.0,0.0
2022-09-08 12:00:00+00:00,True,32.92,33.98,32.17,33.26,0.0,0.0,0.0
2022-09-08 16:00:00+00:00,True,33.24,33.52,32.88,33.38,0.0,0.0,0.0
2022-09-08 20:00:00+00:00,True,33.38,33.83,33.34,33.7,0.0,0.0,0.0
2022-09-09 00:00:00+00:00,True,33.7,35.0,33.61,34.84,0.0,0.0,0.0
2022-09-09 04:00:00+00:00,True,34.85,35.64,34.73,35.42,0.0,0.0,0.0
2022-09-09 08:00:00+00:00,True,35.4,35.99,35.13,35.35,0.0,0.0,0.0
2022-09-09 12:00:00+00:00,True,35.35,35.93,34.68,34.7,0.0,0.0,0.0
2022-09-09 16:00:00+00:00,True,34.7,35.18,34.43,34.7,0.0,0.0,0.0
2022-09-09 20:00:00+00:00,True,34.7,35.21,34.28,34.64,0.0,0.0,0.0
2022-09-10 00:00:00+00:00,True,34.64,35.03,34.31,34.76,0.0,0.0,0.0
2022-09-10 04:00:00+00:00,True,34.76,35.19,34.28,34.54,0.0,0.0,0.0
2022-09-10 08:00:00+00:00,True,34.55,34.86,34.48,34.83,0.0,0.0,0.0
2022-09-10 12:00:00+00:00,True,34.83,34.95,34.32,34.46,0.0,0.0,0.0
2022-09-10 16:00:00+00:00,True,34.48,35.03,34.31,34.8,0.0,0.0,0.0
2022-09-10 20:00:00+00:00,True,34.8,35.43,34.63,35.09,0.0,0.0,0.0
2022-09-11 00:00:00+00:00,True,35.09,35.33,34.72,34.84,0.0,0.0,0.0
2022-09-11 04:00:00+00:00,True,34.84,34.95,34.07,34.62,0.0,0.0,0.0
2022-09-11 08:00:00+00:00,True,34.61,34.83,34.46,34.75,0.0,0.0,0.0
2022-09-11 12:00:00+00:00,True,34.74,35.67,34.54,35.47,0.0,0.0,0.0
2022-09-11 16:00:00+00:00,True,35.47,36.03,35.17,35.4,0.0,0.0,0.0
2022-09-11 20:00:00+00:00,True,35.39,35.57,34.33,34.84,0.0,0.0,0.0
2022-09-12 00:00:00+00:00,True,34.83,36.3,34.42,34.91,0.0,0.0,0.0
2022-09-12 04:00:00+00:00,True,34.91,35.52,34.58,35.36,0.0,0.0,0.0
2022-09-12 08:00:00+00:00,True,35.38,38.16,35.32,37.76,0.0,0.0,0.0
2022-09-12 12:00:00+00:00,True,37.76,38.37,36.86,37.05,0.0,0.0,0.0
2022-09-12 16:00:00+00:00,True,37.05,37.89,36.82,37.7,0.0,0.0,0.0
2022-09-12 20:00:00+00:00,True,37.72,37.83,37.19,37.32,0.0,0.0,0.0
2022-09-13 00:00:00+00:00,True,37.3,38.99,36.71,38.75,0.0,0.0,0.0
2022-09-13 04:00:00+00:00,True,38.74,38.93,38.15,38.43,0.0,0.0,0.0
2022-09-13 08:00:00+00:00,True,38.45,38.93,38.15,38.54,0.0,0.0,0.0
2022-09-13 12:00:00+00:00,True,38.53,38.88,34.44,34.73,0.0,0.0,0.0
2022-09-13 16:00:00+00:00,True,34.72,35.32,33.17,34.12,0.0,0.0,0.0
2022-09-13 20:00:00+00:00,True,34.1,34.36,32.75,32.83,0.0,0.0,0.0
2022-09-14 00:00:00+00:00,True,32.84,33.82,32.7,33.59,0.0,0.0,0.0
2022-09-14 04:00:00+00:00,True,33.59,33.91,32.8,33.13,0.0,0.0,0.0
2022-09-14 08:00:00+00:00,True,33.14,33.69,32.97,33.07,0.0,0.0,0.0
2022-09-14 12:00:00+00:00,False,33.07,33.72,32.95,33.47,0.0,0.0,1.0
2022-09-14 16:00:00+00:00,False,33.46,33.63,32.73,33.47,0.0,0.0,1.0
2022-09-14 20:00:00+00:00,False,33.47,34.35,33.27,34.03,0.0,0.0,1.0
2022-09-15 00:00:00+00:00,False,34.02,34.15,32.84,33.11,0.0,0.0,1.0
2022-09-15 04:00:00+00:00,False,33.13,34.92,32.78,34.58,0.0,0.0,1.0
2022-09-15 08:00:00+00:00,False,34.59,34.81,33.69,33.85,0.0,0.0,1.0
2022-09-15 12:00:00+00:00,False,33.85,34.06,32.42,32.96,0.0,0.0,1.0
2022-09-15 16:00:00+00:00,False,32.96,33.78,32.8,33.67,0.0,0.0,1.0
2022-09-15 20:00:00+00:00,False,33.66,33.81,32.76,33.06,0.0,0.0,1.0
2022-09-16 00:00:00+00:00,False,33.06,33.26,32.5,32.92,0.0,0.0,1.0
2022-09-16 04:00:00+00:00,False,32.92,33.1,32.79,32.8,0.0,0.0,1.0
2022-09-16 08:00:00+00:00,False,32.8,33.13,32.34,33.01,0.0,0.0,1.0
2022-09-16 12:00:00+00:00,False,33.0,33.03,31.8,32.23,0.0,0.0,1.0
2022-09-16 16:00:00+00:00,False,32.23,32.26,31.5,32.17,0.0,0.0,1.0
2022-09-16 20:00:00+00:00,False,32.17,32.39,32.03,32.25,0.0,0.0,1.0
2022-09-17 00:00:00+00:00,False,32.25,32.98,32.23,32.79,0.0,0.0,1.0
2022-09-17 04:00:00+00:00,False,32.79,33.07,32.54,32.88,0.0,0.0,1.0
2022-09-17 08:00:00+00:00,False,32.87,32.99,32.61,32.64,0.0,0.0,1.0
2022-09-17 12:00:00+00:00,False,32.64,33.35,32.52,33.33,0.0,0.0,1.0
2022-09-17 16:00:00+00:00,False,33.34,33.62,33.11,33.23,0.0,0.0,1.0
2022-09-17 20:00:00+00:00,False,33.25,33.89,33.18,33.51,0.0,0.0,1.0
2022-09-18 00:00:00+00:00,False,33.53,33.87,33.23,33.45,0.0,0.0,1.0
2022-09-18 04:00:00+00:00,False,33.45,33.87,33.38,33.81,0.0,0.0,1.0
2022-09-18 08:00:00+00:00,False,33.8,33.99,32.98,33.29,0.0,0.0,1.0
2022-09-18 12:00:00+00:00,False,33.29,33.48,32.74,32.94,0.0,0.0,1.0
2022-09-18 16:00:00+00:00,False,32.94,32.95,32.06,32.36,0.0,0.0,1.0
2022-09-18 20:00:00+00:00,False,32.37,32.4,30.87,31.2,0.0,0.0,1.0
2022-09-19 00:00:00+00:00,False,31.22,31.77,30.5,31.14,0.0,0.0,1.0
2022-09-19 04:00:00+00:00,False,31.13,31.64,30.83,30.99,0.0,0.0,1.0
2022-09-19 08:00:00+00:00,False,30.98,31.47,30.62,31.21,0.0,0.0,1.0
2022-09-19 12:00:00+00:00,False,31.21,32.55,31.19,31.93,0.0,0.0,1.0
2022-09-19 16:00:00+00:00,False,31.93,33.01,31.69,32.77,0.0,0.0,1.0
2022-09-19 20:00:00+00:00,False,32.76,33.09,32.57,32.73,0.0,0.0,1.0
2022-09-20 00:00:00+00:00,False,32.72,32.89,31.94,32.48,0.0,0.0,1.0
2022-09-20 04:00:00+00:00,False,32.48,32.74,32.1,32.29,0.0,0.0,1.0
2022-09-20 08:00:00+00:00,False,32.3,32.54,31.9,32.2,0.0,0.0,1.0
2022-09-20 12:00:00+00:00,False,32.18,32.56,31.57,32.46,0.0,0.0,1.0
2022-09-20 16:00:00+00:00,False,32.46,32.49,31.45,31.84,0.0,0.0,1.0
2022-09-20 20:00:00+00:00,False,31.85,32.0,31.3,31.52,0.0,0.0,1.0
2022-09-21 00:00:00+00:00,False,31.51,32.0,31.37,31.9,0.0,0.0,1.0
2022-09-21 04:00:00+00:00,False,31.9,32.05,31.43,31.69,0.0,0.0,1.0
2022-09-21 08:00:00+00:00,False,31.68,32.1,31.42,32.03,0.0,0.0,1.0
2022-09-21 12:00:00+00:00,False,32.02,32.34,31.25,31.51,0.0,0.0,1.0
2022-09-21 16:00:00+00:00,False,31.5,33.48,30.77,31.56,0.0,0.0,1.0
2022-09-21 20:00:00+00:00,False,31.56,31.68,30.04,30.76,0.0,0.0,1.0
2022-09-22 00:00:00+00:00,False,30.76,31.2,30.58,31.2,0.0,0.0,1.0
2022-09-22 04:00:00+00:00,False,31.19,31.85,31.08,31.79,0.0,0.0,1.0
2022-09-22 08:00:00+00:00,False,31.8,32.46,31.75,32.42,0.0,0.0,1.0
2022-09-22 12:00:00+00:00,False,32.43,32.49,31.6,31.93,0.0,0.0,1.0
2022-09-22 16:00:00+00:00,False,31.92,32.86,31.55,32.51,0.0,0.0,1.0
2022-09-22 20:00:00+00:00,False,32.51,32.75,32.07,32.5,0.0,0.0,1.0
2022-09-23 00:00:00+00:00,False,32.49,33.21,32.15,32.89,0.0,0.0,1.0
2022-09-23 04:00:00+00:00,True,32.89,33.29,32.53,32.61,0.0,1.0,1.0
2022-09-23 08:00:00+00:00,True,32.62,32.68,31.54,31.88,0.0,1.0,1.0
2022-09-23 12:00:00+00:00,True,31.86,32.28,31.2,31.61,0.0,1.0,1.0
2022-09-23 16:00:00+00:00,True,31.61,32.05,31.25,32.03,0.0,1.0,1.0
2022-09-23 20:00:00+00:00,True,32.02,33.96,32.01,33.73,0.0,1.0,1.0
2022-09-24 00:00:00+00:00,True,33.74,34.48,33.41,33.98,0.0,1.0,1.0
2022-09-24 04:00:00+00:00,True,33.99,34.01,33.49,33.57,0.0,1.0,1.0
2022-09-24 08:00:00+00:00,True,33.58,34.76,33.55,34.52,0.0,1.0,1.0
2022-09-24 12:00:00+00:00,True,34.53,34.58,33.56,33.79,0.0,1.0,1.0
2022-09-24 16:00:00+00:00,True,33.79,34.17,33.27,33.95,0.0,1.0,1.0
2022-09-24 20:00:00+00:00,True,33.95,33.98,33.13,33.51,0.0,1.0,1.0
2022-09-25 00:00:00+00:00,True,33.5,33.69,33.41,33.68,0.0,1.0,1.0
2022-09-25 04:00:00+00:00,True,33.68,34.04,33.61,33.96,0.0,1.0,1.0
2022-09-25 08:00:00+00:00,True,33.96,34.0,33.47,33.62,0.0,1.0,1.0
2022-09-25 12:00:00+00:00,True,33.63,33.79,32.81,33.32,0.0,1.0,1.0
2022-09-25 16:00:00+00:00,True,33.32,33.37,32.59,32.65,0.0,1.0,1.0
2022-09-25 20:00:00+00:00,True,32.65,32.66,31.87,32.3,0.0,1.0,1.0
2022-09-26 00:00:00+00:00,True,32.29,32.72,32.04,32.44,0.0,1.0,1.0
2022-09-26 04:00:00+00:00,True,32.45,32.61,31.86,32.47,0.0,1.0,1.0
2022-09-26 08:00:00+00:00,True,32.47,33.32,32.13,32.35,0.0,1.0,1.0
2022-09-26 12:00:00+00:00,True,32.35,33.43,32.27,33.1,0.0,1.0,1.0
2022-09-26 16:00:00+00:00,True,33.09,33.97,32.68,33.66,0.0,1.0,1.0
2022-09-26 20:00:00+00:00,True,33.66,33.94,33.32,33.76,0.0,1.0,1.0
2022-09-27 00:00:00+00:00,True,33.77,34.96,33.72,34.77,0.0,1.0,1.0
2022-09-27 04:00:00+00:00,True,34.77,35.04,34.46,34.61,0.0,1.0,1.0
2022-09-27 08:00:00+00:00,True,34.59,34.97,34.32,34.61,0.0,1.0,1.0
2022-09-27 12:00:00+00:00,True,34.6,35.44,34.3,34.55,0.0,1.0,1.0
2022-09-27 16:00:00+00:00,True,34.55,34.57,32.06,32.49,0.0,1.0,1.0
2022-09-27 20:00:00+00:00,True,32.49,32.94,32.35,32.69,0.0,1.0,1.0
2022-09-28 00:00:00+00:00,True,32.69,32.94,31.62,32.24,0.0,1.0,1.0
2022-09-28 04:00:00+00:00,True,32.24,32.59,31.86,32.26,0.0,1.0,1.0
2022-09-28 08:00:00+00:00,True,32.26,32.86,31.83,32.58,0.0,1.0,1.0
2022-09-28 12:00:00+00:00,True,32.59,33.17,32.38,33.17,0.0,1.0,1.0
2022-09-28 16:00:00+00:00,True,33.18,33.75,32.78,33.65,0.0,1.0,1.0
2022-09-28 20:00:00+00:00,True,33.63,33.81,33.11,33.32,0.0,1.0,1.0
2022-09-29 00:00:00+00:00,True,33.33,33.93,32.98,33.79,0.0,1.0,1.0
2022-09-29 04:00:00+00:00,True,33.77,33.98,33.13,33.38,0.0,1.0,1.0
2022-09-29 08:00:00+00:00,True,33.39,33.93,33.22,33.71,0.0,1.0,1.0
2022-09-29 12:00:00+00:00,True,33.69,34.25,32.64,34.03,0.0,1.0,1.0
2022-09-29 16:00:00+00:00,True,34.01,34.43,33.36,33.84,0.0,1.0,1.0
2022-09-29 20:00:00+00:00,True,33.83,34.13,33.63,33.9,0.0,1.0,1.0
2022-09-30 00:00:00+00:00,True,33.91,34.33,33.73,34.03,0.0,1.0,1.0
2022-09-30 04:00:00+00:00,True,34.03,34.35,33.88,34.28,0.0,1.0,1.0
2022-09-30 08:00:00+00:00,True,34.27,34.65,33.9,34.04,0.0,1.0,1.0
2022-09-30 12:00:00+00:00,True,34.04,35.22,33.34,34.67,0.0,1.0,1.0
2022-09-30 16:00:00+00:00,True,34.65,34.85,33.59,33.7,0.0,1.0,1.0
2022-09-30 20:00:00+00:00,True,33.69,33.87,32.62,33.09,0.0,1.0,1.0
2022-10-01 00:00:00+00:00,True,33.09,33.16,32.69,33.01,0.0,1.0,1.0
2022-10-01 04:00:00+00:00,True,33.01,33.05,32.76,32.97,0.0,1.0,1.0
2022-10-01 08:00:00+00:00,True,32.96,33.17,32.81,32.97,0.0,1.0,1.0
2022-10-01 12:00:00+00:00,True,32.97,33.1,32.81,32.95,0.0,1.0,1.0
2022-10-01 16:00:00+00:00,False,32.95,32.98,32.36,32.57,0.0,1.0,0.0
2022-10-01 20:00:00+00:00,False,32.57,32.69,32.4,32.44,0.0,1.0,0.0
2022-10-02 00:00:00+00:00,False,32.43,32.96,32.42,32.84,0.0,1.0,0.0
2022-10-02 04:00:00+00:00,False,32.83,33.03,32.75,32.85,0.0,1.0,0.0
2022-10-02 08:00:00+00:00,False,32.85,32.9,32.12,32.55,0.0,1.0,0.0
2022-10-02 12:00:00+00:00,False,32.55,32.61,32.21,32.39,0.0,1.0,0.0
2022-10-02 16:00:00+00:00,False,32.38,32.85,32.36,32.74,0.0,1.0,0.0
2022-10-02 20:00:00+00:00,False,32.74,32.77,31.9,31.93,0.0,1.0,0.0
2022-10-03 00:00:00+00:00,False,31.93,32.52,31.74,32.34,0.0,1.0,0.0
2022-10-03 04:00:00+00:00,False,32.35,32.46,31.96,32.18,0.0,1.0,0.0
2022-10-03 08:00:00+00:00,False,32.18,32.56,32.13,32.5,0.0,1.0,0.0
2022-10-03 12:00:00+00:00,False,32.5,33.14,32.42,32.89,0.0,1.0,0.0
2022-10-03 16:00:00+00:00,False,32.88,33.23,32.69,33.0,0.0,1.0,0.0
2022-10-03 20:00:00+00:00,False,32.99,33.27,32.72,32.94,0.0,1.0,0.0
2022-10-04 00:00:00+00:00,False,32.93,33.17,32.84,33.09,0.0,1.0,0.0
2022-10-04 04:00:00+00:00,False,33.09,33.81,32.99,33.77,0.0,1.0,0.0
2022-10-04 08:00:00+00:00,False,33.77,33.88,33.42,33.72,0.0,1.0,0.0
2022-10-04 12:00:00+00:00,False,33.71,34.43,33.56,34.25,0.0,1.0,0.0
2022-10-04 16:00:00+00:00,True,34.25,34.26,33.79,34.11,0.0,1.0,0.0
2022-10-04 20:00:00+00:00,True,34.11,34.41,33.93,34.16,0.0,1.0,0.0
2022-10-05 00:00:00+00:00,True,34.16,34.39,33.9,34.09,0.0,1.0,0.0
2022-10-05 04:00:00+00:00,True,34.09,34.33,33.93,34.13,0.0,1.0,0.0
2022-10-05 08:00:00+00:00,True,34.14,34.14,33.44,33.52,0.0,1.0,0.0
2022-10-05 12:00:00+00:00,True,33.51,33.71,33.2,33.65,0.0,1.0,0.0
2022-10-05 16:00:00+00:00,True,33.65,34.3,33.64,33.9,0.0,1.0,0.0
2022-10-05 20:00:00+00:00,True,33.9,34.15,33.67,34.12,0.0,1.0,0.0
2022-10-06 00:00:00+00:00,True,34.12,34.5,34.1,34.3,0.0,1.0,0.0
2022-10-06 04:00:00+00:00,True,34.31,34.48,33.89,34.09,0.0,1.0,0.0
2022-10-06 08:00:00+00:00,True,34.08,34.23,33.85,34.22,0.0,1.0,0.0
2022-10-06 12:00:00+00:00,True,34.2,34.31,33.58,33.8,0.0,1.0,0.0
2022-10-06 16:00:00+00:00,True,33.8,34.05,33.59,33.69,0.0,1.0,0.0
2022-10-06 20:00:00+00:00,True,33.69,33.81,33.24,33.35,0.0,1.0,0.0
2022-10-07 00:00:00+00:00,True,33.35,33.78,33.33,33.65,0.0,1.0,0.0
2022-10-07 04:00:00+00:00,True,33.65,33.76,33.14,33.36,0.0,1.0,0.0
2022-10-07 08:00:00+00:00,True,33.35,33.47,33.17,33.28,0.0,1.0,0.0
2022-10-07 12:00:00+00:00,True,33.29,33.38,32.43,32.9,0.0,1.0,0.0
2022-10-07 16:00:00+00:00,True,32.89,33.06,32.63,32.94,0.0,1.0,0.0
2022-10-07 20:00:00+00:00,False,32.94,33.16,32.84,32.98,0.0,1.0,0.0
2022-10-08 00:00:00+00:00,False,32.98,33.07,32.78,32.84,0.0,1.0,0.0
2022-10-08 04:00:00+00:00,False,32.85,33.01,32.72,32.98,0.0,1.0,0.0
2022-10-08 08:00:00+00:00,False,32.97,33.0,32.84,32.97,0.0,1.0,0.0
2022-10-08 12:00:00+00:00,False,32.97,32.98,32.68,32.81,0.0,1.0,0.0
2022-10-08 16:00:00+00:00,False,32.81,32.96,32.67,32.71,0.0,1.0,0.0
2022-10-08 20:00:00+00:00,False,32.71,32.81,32.36,32.58,0.0,1.0,0.0
2022-10-09 00:00:00+00:00,False,32.59,32.64,32.45,32.53,0.0,1.0,0.0
2022-10-09 04:00:00+00:00,False,32.53,32.76,32.47,32.76,0.0,1.0,0.0
2022-10-09 08:00:00+00:00,False,32.76,32.94,32.61,32.83,0.0,1.0,0.0
2022-10-09 12:00:00+00:00,False,32.83,33.14,32.81,33.12,0.0,1.0,0.0
2022-10-09 16:00:00+00:00,False,33.11,33.12,32.86,32.91,0.0,1.0,0.0
2022-10-09 20:00:00+00:00,False,32.9,32.99,32.61,32.88,0.0,1.0,0.0
2022-10-10 00:00:00+00:00,False,32.89,33.46,32.84,33.09,0.0,1.0,0.0
2022-10-10 04:00:00+00:00,False,33.09,33.11,32.78,32.89,0.0,1.0,0.0
2022-10-10 08:00:00+00:00,False,32.89,32.89,32.36,32.69,0.0,1.0,0.0
2022-10-10 12:00:00+00:00,False,32.68,32.91,32.41,32.6,0.0,1.0,0.0
2022-10-10 16:00:00+00:00,False,32.61,32.65,32.26,32.48,0.0,1.0,0.0
2022-10-10 20:00:00+00:00,False,32.48,32.58,31.68,31.72,0.0,1.0,0.0
2022-10-11 00:00:00+00:00,False,31.72,31.73,31.07,31.35,0.0,1.0,0.0
2022-10-11 04:00:00+00:00,False,31.35,31.61,31.28,31.56,0.0,1.0,0.0
2022-10-11 08:00:00+00:00,False,31.57,31.64,31.26,31.55,0.0,1.0,0.0
2022-10-11 12:00:00+00:00,False,31.55,31.73,31.08,31.53,0.0,1.0,0.0
2022-10-11 16:00:00+00:00,False,31.52,31.87,31.09,31.11,0.0,1.0,0.0
2022-10-11 20:00:00+00:00,False,31.11,31.39,30.42,30.83,0.0,1.0,0.0
2022-10-12 00:00:00+00:00,False,30.82,31.14,30.67,31.12,0.0,1.0,0.0
2022-10-12 04:00:00+00:00,False,31.14,31.42,31.07,31.28,0.0,1.0,0.0
2022-10-12 08:00:00+00:00,False,31.27,31.54,31.15,31.23,0.0,1.0,0.0
2022-10-12 12:00:00+00:00,False,31.22,31.35,30.92,31.25,0.0,1.0,0.0
2022-10-12 16:00:00+00:00,False,31.25,31.29,30.85,31.11,0.0,1.0,0.0
2022-10-12 20:00:00+00:00,False,31.1,31.29,31.08,31.19,0.0,1.0,0.0
2022-10-13 00:00:00+00:00,False,31.19,31.21,30.51,30.74,0.0,1.0,0.0
2022-10-13 04:00:00+00:00,False,30.75,30.75,29.34,29.65,0.0,1.0,0.0
2022-10-13 08:00:00+00:00,False,29.65,29.96,28.25,28.86,0.0,1.0,0.0
2022-10-13 12:00:00+00:00,False,28.86,29.95,27.75,29.76,0.0,1.0,0.0
2022-10-13 16:00:00+00:00,False,29.78,30.94,29.6,30.57,0.0,1.0,0.0
2022-10-13 20:00:00+00:00,False,30.56,30.9,30.44,30.47,0.0,1.0,0.0
2022-10-14 00:00:00+00:00,False,30.47,31.88,30.38,31.63,0.0,1.0,0.0
2022-10-14 04:00:00+00:00,False,31.62,31.98,31.21,31.28,0.0,1.0,0.0
2022-10-14 08:00:00+00:00,False,31.28,31.52,31.15,31.25,0.0,1.0,0.0
2022-10-14 12:00:00+00:00,False,31.25,31.8,30.79,30.89,0.0,1.0,0.0
2022-10-14 16:00:00+00:00,False,30.89,30.9,29.96,30.17,0.0,1.0,0.0
2022-10-14 20:00:00+00:00,False,30.17,30.3,29.62,30.02,0.0,1.0,0.0
2022-10-15 00:00:00+00:00,False,30.01,30.21,29.88,30.15,0.0,1.0,0.0
2022-10-15 04:00:00+00:00,False,30.14,30.19,29.86,30.03,0.0,1.0,0.0
2022-10-15 08:00:00+00:00,False,30.03,30.03,29.56,29.97,0.0,1.0,0.0
2022-10-15 12:00:00+00:00,False,29.96,30.09,29.72,29.94,0.0,1.0,0.0
2022-10-15 16:00:00+00:00,False,29.93,30.09,29.76,29.79,0.0,1.0,0.0
2022-10-15 20:00:00+00:00,False,29.8,29.83,29.43,29.71,0.0,1.0,0.0
2022-10-16 00:00:00+00:00,False,29.7,29.94,29.62,29.85,0.0,1.0,0.0
2022-10-16 04:00:00+00:00,False,29.85,29.93,29.68,29.81,0.0,1.0,0.0
2022-10-16 08:00:00+00:00,False,29.81,30.05,29.8,29.95,0.0,1.0,0.0
2022-10-16 12:00:00+00:00,False,29.94,30.05,29.83,29.98,0.0,1.0,0.0
2022-10-16 16:00:00+00:00,False,29.97,30.53,29.83,30.5,0.0,1.0,0.0
2022-10-16 20:00:00+00:00,False,30.5,30.5,29.87,30.21,0.0,1.0,0.0
2022-10-17 00:00:00+00:00,False,30.22,30.26,29.83,29.98,0.0,1.0,0.0
2022-10-17 04:00:00+00:00,False,29.98,30.39,29.95,30.33,0.0,1.0,0.0
2022-10-17 08:00:00+00:00,False,30.33,30.78,30.18,30.5,0.0,1.0,0.0
2022-10-17 12:00:00+00:00,False,30.5,31.21,30.42,30.93,0.0,1.0,0.0
2022-10-17 16:00:00+00:00,True,30.92,31.02,30.57,30.83,0.0,0.0,0.0
2022-10-17 20:00:00+00:00,True,30.83,31.3,30.78,31.16,0.0,0.0,0.0
2022-10-18 00:00:00+00:00,True,31.16,31.49,30.91,31.09,0.0,0.0,0.0
2022-10-18 04:00:00+00:00,True,31.11,31.26,30.92,31.04,0.0,0.0,0.0
2022-10-18 08:00:00+00:00,True,31.04,31.05,30.41,30.88,0.0,0.0,0.0
2022-10-18 12:00:00+00:00,True,30.88,31.02,30.13,30.33,0.0,0.0,0.0
2022-10-18 16:00:00+00:00,True,30.33,30.5,29.73,30.2,0.0,0.0,0.0
2022-10-18 20:00:00+00:00,True,30.2,30.47,30.06,30.21,0.0,0.0,0.0
2022-10-19 00:00:00+00:00,True,30.21,30.27,29.89,30.04,0.0,0.0,0.0
2022-10-19 04:00:00+00:00,True,30.03,30.07,29.76,30.06,0.0,0.0,0.0
2022-10-19 08:00:00+00:00,True,30.04,30.18,29.77,29.88,0.0,0.0,0.0
2022-10-19 12:00:00+00:00,True,29.88,30.01,29.56,29.92,0.0,0.0,0.0
2022-10-19 16:00:00+00:00,True,29.92,29.92,29.52,29.81,0.0,0.0,0.0
2022-10-19 20:00:00+00:00,True,29.8,29.85,28.61,28.79,0.0,0.0,0.0
2022-10-20 00:00:00+00:00,False,28.78,29.0,28.4,28.96,0.0,0.0,0.0
2022-10-20 04:00:00+00:00,False,28.95,29.36,28.88,29.26,0.0,0.0,0.0
2022-10-20 08:00:00+00:00,False,29.26,29.47,29.16,29.39,0.0,0.0,0.0
2022-10-20 12:00:00+00:00,False,29.38,29.47,28.97,29.06,0.0,0.0,0.0
2022-10-20 16:00:00+00:00,False,29.05,29.08,28.05,28.31,0.0,0.0,0.0
2022-10-20 20:00:00+00:00,False,28.31,28.4,27.89,27.95,0.0,0.0,0.0
2022-10-21 00:00:00+00:00,False,27.95,28.25,27.51,28.09,0.0,0.0,0.0
2022-10-21 04:00:00+00:00,False,28.09,28.22,27.83,27.93,0.0,0.0,0.0
2022-10-21 08:00:00+00:00,False,27.94,27.94,27.22,27.41,0.0,0.0,0.0
2022-10-21 12:00:00+00:00,False,27.41,27.74,26.84,27.73,0.0,0.0,0.0
2022-10-21 16:00:00+00:00,False,27.74,28.28,27.64,28.26,0.0,0.0,0.0
2022-10-21 20:00:00+00:00,False,28.26,28.3,27.87,28.03,0.0,0.0,0.0
2022-10-22 00:00:00+00:00,False,28.04,28.18,27.67,27.82,0.0,0.0,0.0
2022-10-22 04:00:00+00:00,False,27.83,27.87,27.49,27.86,0.0,0.0,0.0
2022-10-22 08:00:00+00:00,False,27.86,28.02,27.73,27.99,0.0,0.0,0.0
2022-10-22 12:00:00+00:00,False,27.99,28.24,27.84,28.04,0.0,0.0,0.0
2022-10-22 16:00:00+00:00,False,28.04,28.08,27.64,27.81,0.0,0.0,0.0
2022-10-22 20:00:00+00:00,False,27.81,28.2,27.76,28.1,0.0,0.0,0.0
2022-10-23 00:00:00+00:00,False,28.09,28.58,27.92,28.38,0.0,0.0,0.0
2022-10-23 04:00:00+00:00,False,28.39,28.56,28.22,28.4,0.0,0.0,0.0
2022-10-23 08:00:00+00:00,False,28.41,28.52,27.94,28.0,0.0,0.0,0.0
2022-10-23 12:00:00+00:00,False,27.99,28.16,27.74,27.96,0.0,0.0,0.0
2022-10-23 16:00:00+00:00,False,27.95,29.04,27.91,28.84,0.0,0.0,0.0
2022-10-23 20:00:00+00:00,False,28.84,29.43,28.74,29.3,0.0,0.0,0.0
2022-10-24 00:00:00+00:00,True,29.31,29.49,28.56,28.61,0.0,0.0,0.0
2022-10-24 04:00:00+00:00,True,28.61,28.78,28.37,28.55,0.0,0.0,0.0
2022-10-24 08:00:00+00:00,True,28.55,29.2,28.48,29.07,0.0,0.0,0.0
2022-10-24 12:00:00+00:00,True,29.07,29.18,28.18,28.39,0.0,0.0,0.0
2022-10-24 16:00:00+00:00,True,28.4,28.6,28.16,28.42,0.0,0.0,0.0
2022-10-24 20:00:00+00:00,True,28.4,28.58,28.22,28.27,0.0,0.0,0.0
2022-10-25 00:00:00+00:00,True,28.28,28.53,28.09,28.52,0.0,0.0,0.0
2022-10-25 04:00:00+00:00,True,28.51,28.6,28.34,28.44,0.0,0.0,0.0
2022-10-25 08:00:00+00:00,True,28.43,28.46,28.05,28.24,0.0,0.0,0.0
2022-10-25 12:00:00+00:00,True,28.23,30.46,28.1,30.24,0.0,0.0,0.0
2022-10-25 16:00:00+00:00,True,30.24,32.38,30.07,31.19,0.0,0.0,0.0
2022-10-25 20:00:00+00:00,True,31.19,31.35,30.72,31.02,0.0,0.0,0.0
2022-10-26 00:00:00+00:00,True,31.01,31.37,30.81,31.17,0.0,0.0,0.0
2022-10-26 04:00:00+00:00,True,31.17,31.53,30.98,31.43,0.0,0.0,0.0
2022-10-26 08:00:00+00:00,True,31.42,31.94,31.1,31.13,0.0,0.0,0.0
2022-10-26 12:00:00+00:00,True,31.14,32.25,30.64,31.49,0.0,0.0,0.0
2022-10-26 16:00:00+00:00,True,31.49,31.67,30.95,31.29,0.0,0.0,0.0
2022-10-26 20:00:00+00:00,True,31.29,31.65,31.0,31.39,0.0,0.0,0.0
2022-10-27 00:00:00+00:00,True,31.42,31.64,31.06,31.51,0.0,0.0,0.0
2022-10-27 04:00:00+00:00,True,31.52,32.36,31.4,31.64,0.0,0.0,0.0
2022-10-27 08:00:00+00:00,True,31.64,31.87,31.2,31.36,0.0,0.0,0.0
2022-10-27 12:00:00+00:00,True,31.36,32.09,31.18,31.34,0.0,0.0,0.0
2022-10-27 16:00:00+00:00,True,31.34,31.62,31.1,31.26,0.0,0.0,0.0
2022-10-27 20:00:00+00:00,True,31.25,31.28,30.46,30.68,0.0,0.0,0.0
2022-10-28 00:00:00+00:00,True,30.69,30.87,30.38,30.71,0.0,0.0,0.0
2022-10-28 04:00:00+00:00,True,30.71,30.73,30.12,30.28,0.0,0.0,0.0
2022-10-28 08:00:00+00:00,True,30.29,30.65,30.24,30.46,0.0,0.0,0.0
2022-10-28 12:00:00+00:00,True,30.45,31.33,30.12,31.16,0.0,0.0,0.0
2022-10-28 16:00:00+00:00,True,31.17,32.28,31.05,32.05,0.0,0.0,0.0
2022-10-28 20:00:00+00:00,True,32.05,32.56,32.02,32.05,0.0,0.0,0.0
2022-10-29 00:00:00+00:00,True,32.06,33.0,31.86,32.88,0.0,0.0,0.0
2022-10-29 04:00:00+00:00,True,32.88,33.31,32.54,33.3,0.0,0.0,0.0
2022-10-29 08:00:00+00:00,True,33.28,33.85,32.9,33.13,0.0,0.0,0.0
2022-10-29 12:00:00+00:00,True,33.12,33.41,32.75,33.16,0.0,0.0,0.0
2022-10-29 16:00:00+00:00,True,33.15,33.75,32.77,32.91,0.0,0.0,0.0
2022-10-29 20:00:00+00:00,True,32.89,33.14,32.6,32.89,0.0,0.0,0.0
2022-10-30 00:00:00+00:00,True,32.9,33.27,32.73,33.0,0.0,0.0,0.0
2022-10-30 04:00:00+00:00,True,33.0,33.54,32.76,33.27,0.0,0.0,0.0
2022-10-30 08:00:00+00:00,True,33.28,33.54,32.4,32.65,0.0,0.0,0.0
2022-10-30 12:00:00+00:00,True,32.66,32.72,32.11,32.22,0.0,0.0,0.0
2022-10-30 16:00:00+00:00,True,32.23,32.5,32.01,32.38,0.0,0.0,0.0
2022-10-30 20:00:00+00:00,True,32.38,33.15,31.94,33.04,0.0,0.0,0.0
2022-10-31 00:00:00+00:00,True,33.04,33.4,32.42,32.98,0.0,0.0,0.0
2022-10-31 04:00:00+00:00,True,33.0,33.5,32.88,33.38,0.0,0.0,0.0
2022-10-31 08:00:00+00:00,True,33.37,34.39,33.15,34.03,0.0,0.0,0.0
2022-10-31 12:00:00+00:00,True,34.02,34.16,32.61,33.01,0.0,0.0,0.0
2022-10-31 16:00:00+00:00,True,33.01,33.24,32.34,32.44,0.0,0.0,0.0
2022-10-31 20:00:00+00:00,True,32.44,32.76,32.2,32.57,0.0,0.0,0.0
2022-11-01 00:00:00+00:00,True,32.57,33.0,32.5,32.64,0.0,0.0,0.0
2022-11-01 04:00:00+00:00,True,32.65,33.23,32.56,33.08,0.0,0.0,0.0
2022-11-01 08:00:00+00:00,True,33.07,33.39,32.82,32.89,0.0,0.0,0.0
2022-11-01 12:00:00+00:00,True,32.89,33.14,32.26,32.48,0.0,0.0,0.0
2022-11-01 16:00:00+00:00,True,32.48,32.59,32.16,32.17,0.0,0.0,0.0
2022-11-01 20:00:00+00:00,True,32.16,32.43,32.15,32.16,0.0,0.0,0.0
2022-11-02 00:00:00+00:00,True,32.15,32.37,31.92,32.26,0.0,0.0,0.0
2022-11-02 04:00:00+00:00,True,32.25,32.41,31.51,31.72,0.0,0.0,0.0
2022-11-02 08:00:00+00:00,False,31.72,31.95,31.09,31.29,0.0,0.0,1.0
2022-11-02 12:00:00+00:00,False,31.29,31.56,31.12,31.32,0.0,0.0,1.0
2022-11-02 16:00:00+00:00,False,31.32,32.95,30.8,30.95,0.0,0.0,1.0
2022-11-02 20:00:00+00:00,False,30.94,31.03,30.23,30.68,0.0,0.0,1.0
2022-11-03 00:00:00+00:00,False,30.67,31.8,30.62,31.66,0.0,0.0,1.0
2022-11-03 04:00:00+00:00,False,31.67,32.25,31.54,31.57,0.0,0.0,1.0
2022-11-03 08:00:00+00:00,False,31.56,32.05,31.13,31.28,0.0,0.0,1.0
2022-11-03 12:00:00+00:00,False,31.28,31.57,30.86,31.25,0.0,0.0,1.0
2022-11-03 16:00:00+00:00,False,31.24,31.45,31.15,31.29,0.0,0.0,1.0
2022-11-03 20:00:00+00:00,False,31.28,31.44,30.61,30.75,0.0,0.0,1.0
2022-11-04 00:00:00+00:00,False,30.75,31.95,30.66,31.79,0.0,0.0,1.0
2022-11-04 04:00:00+00:00,False,31.8,32.57,31.68,32.47,0.0,0.0,1.0
2022-11-04 08:00:00+00:00,False,32.47,32.77,32.15,32.28,0.0,0.0,1.0
2022-11-04 12:00:00+00:00,False,32.28,33.99,31.86,32.97,0.0,0.0,1.0
2022-11-04 16:00:00+00:00,False,32.98,33.53,32.69,33.46,0.0,0.0,1.0
2022-11-04 20:00:00+00:00,False,33.45,34.21,33.37,33.83,0.0,0.0,1.0
2022-11-05 00:00:00+00:00,True,33.84,35.04,33.67,34.61,0.0,1.0,1.0
2022-11-05 04:00:00+00:00,True,34.61,35.58,34.51,35.07,0.0,1.0,1.0
2022-11-05 08:00:00+00:00,True,35.08,35.68,34.81,35.41,0.0,1.0,1.0
2022-11-05 12:00:00+00:00,True,35.41,38.1,34.38,37.62,0.0,1.0,1.0
2022-11-05 16:00:00+00:00,True,37.62,38.79,35.76,36.87,0.0,1.0,1.0
2022-11-05 20:00:00+00:00,True,36.89,37.34,36.46,36.84,0.0,1.0,1.0
2022-11-06 00:00:00+00:00,True,36.85,36.96,35.61,35.98,0.0,1.0,1.0
2022-11-06 04:00:00+00:00,True,35.98,36.36,35.51,36.18,0.0,1.0,1.0
2022-11-06 08:00:00+00:00,True,36.18,36.41,35.57,35.8,0.0,1.0,1.0
2022-11-06 12:00:00+00:00,True,35.78,36.0,34.51,34.82,0.0,1.0,1.0
2022-11-06 16:00:00+00:00,True,34.82,34.94,33.71,34.08,0.0,1.0,1.0
2022-11-06 20:00:00+00:00,True,34.07,34.09,32.13,32.46,0.0,1.0,1.0
2022-11-07 00:00:00+00:00,True,32.46,33.14,32.0,32.49,0.0,1.0,1.0
2022-11-07 04:00:00+00:00,True,32.49,32.56,30.68,31.55,0.0,1.0,1.0
2022-11-07 08:00:00+00:00,True,31.55,31.92,31.23,31.68,0.0,1.0,1.0
2022-11-07 12:00:00+00:00,False,31.69,32.91,30.87,32.11,0.0,1.0,1.0
2022-11-07 16:00:00+00:00,False,32.1,32.84,31.88,31.98,0.0,1.0,1.0
2022-11-07 20:00:00+00:00,False,31.97,31.99,28.17,29.29,0.0,1.0,1.0
2022-11-08 00:00:00+00:00,False,29.28,29.57,26.1,27.07,0.0,1.0,1.0
2022-11-08 04:00:00+00:00,False,27.07,28.61,24.81,28.27,0.0,1.0,1.0
2022-11-08 08:00:00+00:00,False,28.26,29.08,27.86,28.43,0.0,1.0,1.0
2022-11-08 12:00:00+00:00,False,28.42,31.78,26.62,28.63,0.0,1.0,1.0
2022-11-08 16:00:00+00:00,False,28.64,28.99,22.51,23.81,0.0,1.0,1.0
2022-11-08 20:00:00+00:00,False,23.81,24.99,22.99,23.32,0.0,1.0,1.0
2022-11-09 00:00:00+00:00,False,23.32,23.69,21.48,21.66,0.0,1.0,1.0
2022-11-09 04:00:00+00:00,False,21.65,21.95,17.92,18.35,0.0,1.0,1.0
2022-11-09 08:00:00+00:00,False,18.35,21.97,16.07,19.57,0.0,1.0,1.0
2022-11-09 12:00:00+00:00,False,19.57,20.1,15.63,16.78,0.0,1.0,1.0
2022-11-09 16:00:00+00:00,False,16.78,17.31,12.51,12.99,0.0,1.0,1.0
2022-11-09 20:00:00+00:00,False,12.99,15.18,12.09,15.1,0.0,1.0,1.0
2022-11-10 00:00:00+00:00,False,15.09,15.85,13.12,15.39,0.0,1.0,1.0
2022-11-10 04:00:00+00:00,False,15.39,15.96,12.68,14.2,0.0,1.0,1.0
2022-11-10 08:00:00+00:00,False,14.18,15.96,13.27,15.26,0.0,1.0,1.0
2022-11-10 12:00:00+00:00,False,15.26,19.16,14.76,17.85,0.0,1.0,1.0
2022-11-10 16:00:00+00:00,False,17.86,18.36,16.33,17.83,0.0,1.0,1.0
2022-11-10 20:00:00+00:00,False,17.83,18.41,16.92,17.79,0.0,1.0,1.0
2022-11-11 00:00:00+00:00,False,17.79,18.05,15.64,16.47,0.0,1.0,1.0
2022-11-11 04:00:00+00:00,False,16.47,17.7,16.41,17.23,0.0,1.0,1.0
2022-11-11 08:00:00+00:00,False,17.23,18.27,17.1,18.17,0.0,1.0,1.0
2022-11-11 12:00:00+00:00,False,18.14,18.22,15.11,16.27,0.0,1.0,1.0
2022-11-11 16:00:00+00:00,False,16.27,16.62,15.29,15.54,0.0,1.0,1.0
2022-11-11 20:00:00+00:00,False,15.54,16.41,15.43,15.9,0.0,1.0,1.0
2022-11-12 00:00:00+00:00,False,15.91,16.16,15.1,15.29,0.0,1.0,1.0
2022-11-12 04:00:00+00:00,False,15.29,15.87,14.74,15.43,0.0,1.0,1.0
2022-11-12 08:00:00+00:00,False,15.42,15.57,14.98,15.23,0.0,1.0,1.0
2022-11-12 12:00:00+00:00,False,15.23,15.3,14.74,14.89,0.0,1.0,1.0
2022-11-12 16:00:00+00:00,False,14.89,15.24,14.85,14.97,0.0,1.0,1.0
2022-11-12 20:00:00+00:00,False,14.96,15.01,14.25,14.48,0.0,1.0,1.0
2022-11-13 00:00:00+00:00,False,14.47,14.64,14.02,14.25,0.0,1.0,1.0
2022-11-13 04:00:00+00:00,False,14.25,14.55,13.48,13.55,0.0,1.0,1.0
2022-11-13 08:00:00+00:00,False,13.55,13.91,13.32,13.62,0.0,1.0,1.0
2022-11-13 12:00:00+00:00,False,13.61,14.4,13.59,14.02,0.0,1.0,1.0
2022-11-13 16:00:00+00:00,False,14.02,14.04,13.35,13.35,0.0,1.0,1.0
2022-11-13 20:00:00+00:00,False,13.36,13.87,12.65,12.82,0.0,1.0,1.0
2022-11-14 00:00:00+00:00,False,12.83,13.2,12.22,12.67,0.0,1.0,1.0
2022-11-14 04:00:00+00:00,False,12.67,14.97,12.46,14.38,0.0,1.0,1.0
2022-11-14 08:00:00+00:00,False,14.38,14.58,13.96,14.46,0.0,1.0,1.0
2022-11-14 12:00:00+00:00,False,14.47,14.99,13.4,13.57,0.0,1.0,1.0
2022-11-14 16:00:00+00:00,False,13.56,14.21,13.48,13.96,0.0,1.0,1.0
2022-11-14 20:00:00+00:00,False,13.98,14.43,13.57,13.9,0.0,1.0,1.0
2022-11-15 00:00:00+00:00,False,13.9,14.32,13.89,14.1,0.0,1.0,1.0
2022-11-15 04:00:00+00:00,False,14.11,14.89,13.91,14.72,0.0,1.0,1.0
2022-11-15 08:00:00+00:00,False,14.71,15.1,14.48,14.86,0.0,1.0,1.0
2022-11-15 12:00:00+00:00,True,14.85,15.1,14.05,14.44,0.0,0.0,1.0
2022-11-15 16:00:00+00:00,True,14.43,14.62,13.98,14.37,0.0,0.0,1.0
2022-11-15 20:00:00+00:00,True,14.37,14.37,14.06,14.13,0.0,0.0,1.0
2022-11-16 00:00:00+00:00,True,14.14,14.57,14.1,14.41,0.0,0.0,1.0
2022-11-16 04:00:00+00:00,True,14.41,14.61,14.14,14.25,0.0,0.0,1.0
2022-11-16 08:00:00+00:00,True,14.24,14.25,13.98,13.99,0.0,0.0,1.0
2022-11-16 12:00:00+00:00,True,13.98,14.14,13.62,13.95,0.0,0.0,1.0
2022-11-16 16:00:00+00:00,True,13.94,14.21,13.94,14.15,0.0,0.0,1.0
2022-11-16 20:00:00+00:00,True,14.15,14.52,14.1,14.42,0.0,0.0,1.0
2022-11-17 00:00:00+00:00,True,14.43,14.48,14.06,14.14,0.0,0.0,1.0
2022-11-17 04:00:00+00:00,True,14.14,14.42,14.14,14.18,0.0,0.0,1.0
2022-11-17 08:00:00+00:00,True,14.19,14.23,13.49,13.49,0.0,0.0,1.0
2022-11-17 12:00:00+00:00,True,13.5,13.85,12.92,13.45,0.0,0.0,1.0
2022-11-17 16:00:00+00:00,True,13.45,13.77,13.29,13.56,0.0,0.0,1.0
2022-11-17 20:00:00+00:00,True,13.57,13.87,13.52,13.71,0.0,0.0,1.0
2022-11-18 00:00:00+00:00,True,13.72,13.78,13.52,13.68,0.0,0.0,1.0
2022-11-18 04:00:00+00:00,True,13.67,13.72,13.44,13.56,0.0,0.0,1.0
2022-11-18 08:00:00+00:00,True,13.55,13.72,13.48,13.52,0.0,0.0,1.0
2022-11-18 12:00:00+00:00,True,13.52,13.62,13.19,13.25,0.0,0.0,1.0
2022-11-18 16:00:00+00:00,True,13.25,13.28,12.97,13.19,0.0,0.0,1.0
2022-11-18 20:00:00+00:00,True,13.18,13.27,13.02,13.05,0.0,0.0,1.0
2022-11-19 00:00:00+00:00,True,13.05,13.13,12.63,12.9,0.0,0.0,1.0
2022-11-19 04:00:00+00:00,True,12.9,12.98,12.7,12.94,0.0,0.0,1.0
2022-11-19 08:00:00+00:00,True,12.95,12.98,12.68,12.73,0.0,0.0,1.0
2022-11-19 12:00:00+00:00,True,12.73,12.89,12.57,12.81,0.0,0.0,1.0
2022-11-19 16:00:00+00:00,True,12.81,12.85,12.65,12.78,0.0,0.0,1.0
2022-11-19 20:00:00+00:00,True,12.78,12.96,12.7,12.85,0.0,0.0,1.0
2022-11-20 00:00:00+00:00,True,12.84,13.57,12.68,13.23,0.0,0.0,1.0
2022-11-20 04:00:00+00:00,True,13.23,13.24,12.75,12.79,0.0,0.0,1.0
2022-11-20 08:00:00+00:00,True,12.8,12.86,12.46,12.6,0.0,0.0,1.0
2022-11-20 12:00:00+00:00,True,12.6,13.11,12.6,12.82,0.0,0.0,1.0
2022-11-20 16:00:00+00:00,True,12.81,12.84,12.54,12.64,0.0,0.0,1.0
2022-11-20 20:00:00+00:00,True,12.64,12.68,12.0,12.23,0.0,0.0,1.0
2022-11-21 00:00:00+00:00,True,12.23,12.24,11.54,11.77,0.0,0.0,1.0
2022-11-21 04:00:00+00:00,True,11.76,11.99,11.6,11.6,0.0,0.0,1.0
2022-11-21 08:00:00+00:00,True,11.6,11.96,11.52,11.94,0.0,0.0,1.0
2022-11-21 12:00:00+00:00,True,11.93,12.16,11.65,11.74,0.0,0.0,1.0
2022-11-21 16:00:00+00:00,True,11.74,11.78,11.26,11.65,0.0,0.0,1.0
2022-11-21 20:00:00+00:00,True,11.64,12.04,11.41,11.77,0.0,0.0,1.0
2022-11-22 00:00:00+00:00,True,11.76,11.78,11.56,11.65,0.0,0.0,1.0
2022-11-22 04:00:00+00:00,True,11.64,11.67,11.3,11.46,0.0,0.0,1.0
2022-11-22 08:00:00+00:00,True,11.47,11.49,10.94,11.13,0.0,0.0,1.0
2022-11-22 12:00:00+00:00,True,11.12,12.15,11.11,11.88,0.0,0.0,1.0
2022-11-22 16:00:00+00:00,True,11.87,12.01,11.65,11.88,0.0,0.0,1.0
2022-11-22 20:00:00+00:00,True,11.87,12.85,11.84,12.58,0.0,0.0,1.0
2022-11-23 00:00:00+00:00,True,12.57,13.43,12.53,12.85,0.0,0.0,1.0
2022-11-23 04:00:00+00:00,True,12.84,13.25,12.81,13.02,0.0,0.0,1.0
2022-11-23 08:00:00+00:00,True,13.01,13.46,12.93,13.07,0.0,0.0,1.0
2022-11-23 12:00:00+00:00,True,13.07,13.31,12.7,13.14,0.0,0.0,1.0
2022-11-23 16:00:00+00:00,True,13.14,14.5,13.08,14.05,0.0,0.0,1.0
2022-11-23 20:00:00+00:00,True,14.06,14.46,13.99,14.15,0.0,0.0,1.0
2022-11-24 00:00:00+00:00,True,14.15,14.94,13.97,14.3,0.0,0.0,1.0
2022-11-24 04:00:00+00:00,True,14.31,14.59,14.13,14.19,0.0,0.0,1.0
2022-11-24 08:00:00+00:00,True,14.19,14.3,13.84,14.18,0.0,0.0,1.0
2022-11-24 12:00:00+00:00,True,14.18,14.78,14.11,14.7,0.0,0.0,1.0
2022-11-24 16:00:00+00:00,True,14.71,14.78,14.27,14.31,0.0,0.0,1.0
2022-11-24 20:00:00+00:00,True,14.3,14.68,14.07,14.09,0.0,0.0,1.0
2022-11-25 00:00:00+00:00,True,14.11,14.3,13.89,13.98,0.0,0.0,1.0
2022-11-25 04:00:00+00:00,True,13.97,14.27,13.91,14.16,0.0,0.0,1.0
2022-11-25 08:00:00+00:00,True,14.16,14.48,13.98,14.24,0.0,0.0,1.0
2022-11-25 12:00:00+00:00,True,14.24,14.26,13.95,13.99,0.0,0.0,1.0
2022-11-25 16:00:00+00:00,True,13.98,14.3,13.97,14.22,0.0,0.0,1.0
2022-11-25 20:00:00+00:00,True,14.22,14.44,13.98,14.29,0.0,0.0,1.0
2022-11-26 00:00:00+00:00,True,14.3,14.58,14.27,14.38,0.0,0.0,1.0
2022-11-26 04:00:00+00:00,True,14.38,14.52,14.23,14.39,0.0,0.0,1.0
2022-11-26 08:00:00+00:00,True,14.38,14.96,14.37,14.63,0.0,0.0,1.0
2022-11-26 12:00:00+00:00,True,14.62,14.69,14.15,14.17,0.0,0.0,1.0
2022-11-26 16:00:00+00:00,True,14.16,14.26,14.07,14.12,0.0,0.0,1.0
2022-11-26 20:00:00+00:00,True,14.12,14.23,13.95,14.08,0.0,0.0,1.0
2022-11-27 00:00:00+00:00,True,14.09,14.44,14.07,14.42,0.0,0.0,1.0
2022-11-27 04:00:00+00:00,True,14.42,14.43,14.14,14.29,0.0,0.0,1.0
2022-11-27 08:00:00+00:00,True,14.29,14.36,14.21,14.26,0.0,0.0,1.0
2022-11-27 12:00:00+00:00,True,14.26,14.43,14.16,14.25,0.0,0.0,1.0
2022-11-27 16:00:00+00:00,True,14.24,14.44,14.2,14.34,0.0,0.0,1.0
2022-11-27 20:00:00+00:00,True,14.33,14.43,14.0,14.03,0.0,0.0,1.0
2022-11-28 00:00:00+00:00,True,14.03,14.06,12.78,13.35,0.0,0.0,1.0
2022-11-28 04:00:00+00:00,True,13.34,13.6,13.26,13.51,0.0,0.0,1.0
2022-11-28 08:00:00+00:00,True,13.51,13.56,13.28,13.32,0.0,0.0,1.0
2022-11-28 12:00:00+00:00,True,13.32,13.74,12.94,13.64,0.0,0.0,1.0
2022-11-28 16:00:00+00:00,True,13.64,13.75,13.21,13.37,0.0,0.0,1.0
2022-11-28 20:00:00+00:00,True,13.37,13.42,13.14,13.28,0.0,0.0,1.0
2022-11-29 00:00:00+00:00,True,13.27,13.86,13.22,13.82,0.0,0.0,1.0
2022-11-29 04:00:00+00:00,True,13.83,13.95,13.63,13.83,0.0,0.0,1.0
2022-11-29 08:00:00+00:00,True,13.83,13.85,13.55,13.59,0.0,0.0,1.0
2022-11-29 12:00:00+00:00,True,13.58,13.67,13.27,13.42,0.0,0.0,1.0
2022-11-29 16:00:00+00:00,True,13.42,13.47,13.26,13.4,0.0,0.0,1.0
2022-11-29 20:00:00+00:00,True,13.39,13.9,13.32,13.87,0.0,0.0,1.0
2022-11-30 00:00:00+00:00,True,13.88,13.93,13.49,13.55,0.0,0.0,1.0
2022-11-30 04:00:00+00:00,True,13.55,13.81,13.5,13.71,0.0,0.0,1.0
2022-11-30 08:00:00+00:00,True,13.71,13.78,13.51,13.59,0.0,0.0,1.0
2022-11-30 12:00:00+00:00,True,13.58,13.69,13.41,13.48,0.0,0.0,1.0
2022-11-30 16:00:00+00:00,True,13.47,13.86,13.22,13.75,0.0,0.0,1.0
2022-11-30 20:00:00+00:00,True,13.75,14.33,13.68,13.92,0.0,0.0,1.0
2022-12-01 00:00:00+00:00,True,13.92,14.0,13.8,13.94,0.0,0.0,1.0
2022-12-01 04:00:00+00:00,True,13.93,14.0,13.8,13.9,0.0,0.0,1.0
2022-12-01 08:00:00+00:00,True,13.9,13.91,13.75,13.85,0.0,0.0,1.0
2022-12-01 12:00:00+00:00,True,13.85,13.95,13.45,13.57,0.0,0.0,1.0
2022-12-01 16:00:00+00:00,True,13.56,13.65,13.4,13.44,0.0,0.0,1.0
2022-12-01 20:00:00+00:00,True,13.45,13.67,13.4,13.66,0.0,0.0,1.0
2022-12-02 00:00:00+00:00,True,13.66,13.68,13.33,13.47,0.0,0.0,1.0
2022-12-02 04:00:00+00:00,True,13.47,13.59,13.44,13.57,0.0,0.0,1.0
2022-12-02 08:00:00+00:00,True,13.57,13.83,13.51,13.69,0.0,0.0,1.0
2022-12-02 12:00:00+00:00,True,13.68,13.74,13.37,13.54,0.0,0.0,1.0
2022-12-02 16:00:00+00:00,True,13.53,13.79,13.52,13.75,0.0,0.0,1.0
2022-12-02 20:00:00+00:00,True,13.76,13.8,13.59,13.62,0.0,0.0,1.0
2022-12-03 00:00:00+00:00,True,13.61,13.7,13.57,13.67,0.0,0.0,1.0
2022-12-03 04:00:00+00:00,True,13.67,13.68,13.47,13.53,0.0,0.0,1.0
2022-12-03 08:00:00+00:00,True,13.52,13.59,13.45,13.54,0.0,0.0,1.0
2022-12-03 12:00:00+00:00,True,13.53,13.6,13.5,13.53,0.0,0.0,1.0
2022-12-03 16:00:00+00:00,True,13.52,13.62,13.45,13.45,0.0,0.0,1.0
2022-12-03 20:00:00+00:00,True,13.46,13.5,13.22,13.46,0.0,0.0,1.0
2022-12-04 00:00:00+00:00,True,13.47,13.54,13.41,13.51,0.0,0.0,1.0
2022-12-04 04:00:00+00:00,True,13.51,13.51,13.41,13.46,0.0,0.0,1.0
2022-12-04 08:00:00+00:00,True,13.45,13.48,13.35,13.43,0.0,0.0,1.0
2022-12-04 12:00:00+00:00,True,13.43,13.55,13.35,13.46,0.0,0.0,1.0
2022-12-04 16:00:00+00:00,True,13.47,13.75,13.44,13.66,0.0,0.0,1.0
2022-12-04 20:00:00+00:00,True,13.66,14.08,13.59,13.95,0.0,0.0,1.0
2022-12-05 00:00:00+00:00,True,13.94,14.17,13.87,14.01,0.0,0.0,1.0
2022-12-05 04:00:00+00:00,True,14.02,14.1,13.84,14.02,0.0,0.0,1.0
2022-12-05 08:00:00+00:00,True,14.02,14.08,13.92,13.96,0.0,0.0,1.0
2022-12-05 12:00:00+00:00,True,13.96,13.98,13.64,13.78,0.0,0.0,1.0
2022-12-05 16:00:00+00:00,True,13.77,14.01,13.58,13.74,0.0,0.0,1.0
2022-12-05 20:00:00+00:00,True,13.74,14.0,13.72,13.93,0.0,0.0,1.0
2022-12-06 00:00:00+00:00,True,13.92,14.39,13.92,14.13,0.0,0.0,1.0
2022-12-06 04:00:00+00:00,True,14.14,14.19,14.02,14.12,0.0,0.0,1.0
2022-12-06 08:00:00+00:00,True,14.12,14.16,13.88,13.96,0.0,0.0,1.0
2022-12-06 12:00:00+00:00,True,13.97,14.12,13.91,14.08,0.0,0.0,1.0
2022-12-06 16:00:00+00:00,True,14.08,14.12,13.93,14.11,0.0,0.0,1.0
2022-12-06 20:00:00+00:00,True,14.11,14.33,14.07,14.19,0.0,0.0,1.0
2022-12-07 00:00:00+00:00,True,14.19,14.2,14.01,14.05,0.0,0.0,1.0
2022-12-07 04:00:00+00:00,True,14.05,14.07,13.42,13.6,0.0,0.0,1.0
2022-12-07 08:00:00+00:00,True,13.6,13.72,13.56,13.62,0.0,0.0,1.0
2022-12-07 12:00:00+00:00,True,13.63,13.74,13.6,13.62,0.0,0.0,1.0
2022-12-07 16:00:00+00:00,True,13.63,13.65,13.51,13.56,0.0,0.0,1.0
2022-12-07 20:00:00+00:00,True,13.57,13.59,13.34,13.39,0.0,0.0,1.0
2022-12-08 00:00:00+00:00,True,13.38,13.51,13.34,13.4,0.0,0.0,1.0
2022-12-08 04:00:00+00:00,True,13.39,13.57,13.27,13.51,0.0,0.0,1.0
2022-12-08 08:00:00+00:00,True,13.5,13.55,13.38,13.47,0.0,0.0,1.0
2022-12-08 12:00:00+00:00,True,13.47,13.62,13.44,13.56,0.0,0.0,1.0
2022-12-08 16:00:00+00:00,True,13.55,13.78,13.55,13.68,0.0,0.0,1.0
2022-12-08 20:00:00+00:00,True,13.67,13.74,13.62,13.67,0.0,0.0,1.0
2022-12-09 00:00:00+00:00,True,13.66,13.79,13.64,13.72,0.0,0.0,1.0
2022-12-09 04:00:00+00:00,True,13.72,13.76,13.64,13.75,0.0,0.0,1.0
2022-12-09 08:00:00+00:00,True,13.75,14.02,13.69,13.89,0.0,0.0,1.0
2022-12-09 12:00:00+00:00,True,13.89,13.89,13.67,13.74,0.0,0.0,1.0
2022-12-09 16:00:00+00:00,True,13.75,13.77,13.54,13.55,0.0,0.0,1.0
2022-12-09 20:00:00+00:00,True,13.56,13.65,13.49,13.64,0.0,0.0,1.0
2022-12-10 00:00:00+00:00,True,13.64,13.73,13.59,13.7,0.0,0.0,1.0
2022-12-10 04:00:00+00:00,True,13.69,13.7,13.61,13.61,0.0,0.0,1.0
2022-12-10 08:00:00+00:00,True,13.62,13.63,13.56,13.59,0.0,0.0,1.0
2022-12-10 12:00:00+00:00,True,13.6,13.71,13.57,13.65,0.0,0.0,1.0
2022-12-10 16:00:00+00:00,True,13.65,13.69,13.61,13.69,0.0,0.0,1.0
2022-12-10 20:00:00+00:00,True,13.68,13.69,13.53,13.59,0.0,0.0,1.0
2022-12-11 00:00:00+00:00,True,13.59,13.66,13.59,13.63,0.0,0.0,1.0
2022-12-11 04:00:00+00:00,True,13.64,13.67,13.62,13.63,0.0,0.0,1.0
2022-12-11 08:00:00+00:00,True,13.63,13.7,13.62,13.66,0.0,0.0,1.0
2022-12-11 12:00:00+00:00,True,13.65,13.75,13.61,13.72,0.0,0.0,1.0
2022-12-11 16:00:00+00:00,True,13.72,13.8,13.62,13.64,0.0,0.0,1.0
2022-12-11 20:00:00+00:00,True,13.64,13.67,13.38,13.42,0.0,0.0,1.0
2022-12-12 00:00:00+00:00,True,13.42,13.43,12.81,13.0,0.0,0.0,1.0
2022-12-12 04:00:00+00:00,True,12.99,13.11,12.96,13.11,0.0,0.0,1.0
2022-12-12 08:00:00+00:00,True,13.11,13.23,13.0,13.15,0.0,0.0,1.0
2022-12-12 12:00:00+00:00,False,13.15,13.2,13.07,13.12,0.0,0.0,0.0
2022-12-12 16:00:00+00:00,False,13.12,13.36,13.1,13.34,0.0,0.0,0.0
2022-12-12 20:00:00+00:00,False,13.33,13.39,13.24,13.25,0.0,0.0,0.0
2022-12-13 00:00:00+00:00,False,13.26,13.28,12.97,13.11,0.0,0.0,0.0
2022-12-13 04:00:00+00:00,False,13.11,13.19,12.78,12.99,0.0,0.0,0.0
2022-12-13 08:00:00+00:00,False,12.99,13.38,12.98,13.18,0.0,0.0,0.0
2022-12-13 12:00:00+00:00,False,13.19,14.16,13.19,13.76,0.0,0.0,0.0
2022-12-13 16:00:00+00:00,False,13.75,13.84,13.58,13.79,0.0,0.0,0.0
2022-12-13 20:00:00+00:00,True,13.79,13.95,13.72,13.88,0.0,1.0,0.0
2022-12-14 00:00:00+00:00,True,13.88,14.03,13.85,13.91,0.0,1.0,0.0
2022-12-14 04:00:00+00:00,True,13.92,13.96,13.79,13.95,0.0,1.0,0.0
2022-12-14 08:00:00+00:00,True,13.95,14.23,13.9,14.18,0.0,1.0,0.0
2022-12-14 12:00:00+00:00,True,14.18,14.83,14.02,14.67,0.0,1.0,0.0
2022-12-14 16:00:00+00:00,True,14.66,14.96,14.18,14.33,0.0,1.0,0.0
2022-12-14 20:00:00+00:00,True,14.32,14.39,14.06,14.19,0.0,1.0,0.0
2022-12-15 00:00:00+00:00,True,14.19,14.53,13.86,14.28,0.0,1.0,0.0
2022-12-15 04:00:00+00:00,True,14.28,14.31,14.02,14.06,0.0,1.0,0.0
2022-12-15 08:00:00+00:00,True,14.06,14.19,14.03,14.06,0.0,1.0,0.0
2022-12-15 12:00:00+00:00,True,14.05,14.16,13.87,13.94,0.0,1.0,0.0
2022-12-15 16:00:00+00:00,True,13.94,14.21,13.9,14.16,0.0,1.0,0.0
2022-12-15 20:00:00+00:00,True,14.17,14.17,13.89,14.12,0.0,1.0,0.0
2022-12-16 00:00:00+00:00,True,14.11,14.17,13.96,13.97,0.0,1.0,0.0
2022-12-16 04:00:00+00:00,True,13.97,14.1,13.51,13.56,0.0,1.0,0.0
2022-12-16 08:00:00+00:00,True,13.56,13.56,13.35,13.44,0.0,1.0,0.0
2022-12-16 12:00:00+00:00,True,13.44,13.44,12.63,12.92,0.0,1.0,0.0
2022-12-16 16:00:00+00:00,True,12.93,13.11,12.86,12.99,0.0,1.0,0.0
2022-12-16 20:00:00+00:00,False,12.99,13.02,11.98,12.27,0.0,1.0,0.0
2022-12-17 00:00:00+00:00,False,12.26,12.37,11.93,12.34,0.0,1.0,0.0
2022-12-17 04:00:00+00:00,False,12.33,12.56,12.17,12.38,0.0,1.0,0.0
2022-12-17 08:00:00+00:00,False,12.39,12.51,12.21,12.24,0.0,1.0,0.0
2022-12-17 12:00:00+00:00,False,12.23,12.36,12.21,12.27,0.0,1.0,0.0
2022-12-17 16:00:00+00:00,False,12.27,12.35,12.15,12.27,0.0,1.0,0.0
2022-12-17 20:00:00+00:00,False,12.26,12.55,12.25,12.43,0.0,1.0,0.0
2022-12-18 00:00:00+00:00,False,12.43,12.6,12.38,12.53,0.0,1.0,0.0
2022-12-18 04:00:00+00:00,False,12.53,12.54,12.42,12.46,0.0,1.0,0.0
2022-12-18 08:00:00+00:00,False,12.46,12.46,12.27,12.44,0.0,1.0,0.0
2022-12-18 12:00:00+00:00,False,12.43,12.44,12.28,12.39,0.0,1.0,0.0
2022-12-18 16:00:00+00:00,False,12.39,12.54,12.34,12.44,0.0,1.0,0.0
2022-12-18 20:00:00+00:00,False,12.44,12.61,12.33,12.49,0.0,1.0,0.0
2022-12-19 00:00:00+00:00,False,12.49,12.59,12.17,12.33,0.0,1.0,0.0
2022-12-19 04:00:00+00:00,False,12.33,12.33,12.18,12.29,0.0,1.0,0.0
2022-12-19 08:00:00+00:00,False,12.29,12.36,12.22,12.32,0.0,1.0,0.0
2022-12-19 12:00:00+00:00,False,12.31,12.33,12.0,12.06,0.0,1.0,0.0
2022-12-19 16:00:00+00:00,False,12.06,12.14,11.92,12.12,0.0,1.0,0.0
2022-12-19 20:00:00+00:00,False,12.13,12.16,11.67,12.09,0.0,1.0,0.0
2022-12-20 00:00:00+00:00,False,12.1,12.45,12.04,12.39,0.0,1.0,0.0
2022-12-20 04:00:00+00:00,False,12.39,12.41,12.31,12.38,0.0,1.0,0.0
2022-12-20 08:00:00+00:00,False,12.38,12.45,12.31,12.34,0.0,1.0,0.0
2022-12-20 12:00:00+00:00,False,12.34,12.48,12.18,12.24,0.0,1.0,0.0
2022-12-20 16:00:00+00:00,False,12.24,12.29,12.12,12.24,0.0,1.0,0.0
2022-12-20 20:00:00+00:00,False,12.24,12.32,12.16,12.2,0.0,1.0,0.0
2022-12-21 00:00:00+00:00,False,12.21,12.25,11.93,11.97,0.0,1.0,0.0
2022-12-21 04:00:00+00:00,False,11.97,12.16,11.96,12.09,0.0,1.0,0.0
2022-12-21 08:00:00+00:00,False,12.09,12.14,12.02,12.06,0.0,1.0,0.0
2022-12-21 12:00:00+00:00,False,12.06,12.12,11.94,11.98,0.0,1.0,0.0
2022-12-21 16:00:00+00:00,False,11.98,12.06,11.9,11.98,0.0,1.0,0.0
2022-12-21 20:00:00+00:00,False,11.98,12.22,11.98,12.17,0.0,1.0,0.0
2022-12-22 00:00:00+00:00,False,12.17,12.19,12.04,12.05,0.0,1.0,0.0
2022-12-22 04:00:00+00:00,False,12.04,12.13,11.98,12.09,0.0,1.0,0.0
2022-12-22 08:00:00+00:00,False,12.08,12.17,12.06,12.1,0.0,1.0,0.0
2022-12-22 12:00:00+00:00,False,12.1,12.11,11.72,11.88,0.0,1.0,0.0
2022-12-22 16:00:00+00:00,False,11.88,12.08,11.69,11.93,0.0,1.0,0.0
2022-12-22 20:00:00+00:00,False,11.92,11.93,11.67,11.85,0.0,1.0,0.0
2022-12-23 00:00:00+00:00,False,11.85,12.11,11.84,12.02,0.0,1.0,0.0
2022-12-23 04:00:00+00:00,False,12.02,12.02,11.8,11.89,0.0,1.0,0.0
2022-12-23 08:00:00+00:00,False,11.89,11.97,11.84,11.9,0.0,1.0,0.0
2022-12-23 12:00:00+00:00,False,11.89,11.96,11.76,11.82,0.0,1.0,0.0
2022-12-23 16:00:00+00:00,False,11.82,11.87,11.79,11.81,0.0,1.0,0.0
2022-12-23 20:00:00+00:00,False,11.81,11.85,11.7,11.73,0.0,1.0,0.0
2022-12-24 00:00:00+00:00,False,11.74,11.79,11.72,11.74,0.0,1.0,0.0
2022-12-24 04:00:00+00:00,False,11.74,11.75,11.1,11.29,0.0,1.0,0.0
2022-12-24 08:00:00+00:00,False,11.29,11.34,11.2,11.32,0.0,1.0,0.0
2022-12-24 12:00:00+00:00,False,11.32,11.45,11.31,11.44,0.0,1.0,0.0
2022-12-24 16:00:00+00:00,False,11.45,11.61,11.39,11.48,0.0,1.0,0.0
2022-12-24 20:00:00+00:00,False,11.49,11.5,11.35,11.46,0.0,1.0,0.0
2022-12-25 00:00:00+00:00,False,11.46,11.5,11.4,11.46,0.0,1.0,0.0
2022-12-25 04:00:00+00:00,False,11.46,11.55,11.41,11.46,0.0,1.0,0.0
2022-12-25 08:00:00+00:00,False,11.45,11.48,11.36,11.38,0.0,1.0,0.0
2022-12-25 12:00:00+00:00,False,11.39,11.44,11.23,11.35,0.0,1.0,0.0
2022-12-25 16:00:00+00:00,False,11.35,11.41,11.27,11.35,0.0,1.0,0.0
2022-12-25 20:00:00+00:00,False,11.34,11.45,11.25,11.28,0.0,1.0,0.0
2022-12-26 00:00:00+00:00,False,11.28,11.49,11.27,11.36,0.0,1.0,0.0
2022-12-26 04:00:00+00:00,False,11.36,11.38,11.26,11.31,0.0,1.0,0.0
2022-12-26 08:00:00+00:00,False,11.31,11.37,11.29,11.37,0.0,1.0,0.0
2022-12-26 12:00:00+00:00,False,11.37,11.37,11.06,11.17,0.0,1.0,0.0
2022-12-26 16:00:00+00:00,False,11.18,11.22,11.13,11.22,0.0,1.0,0.0
2022-12-26 20:00:00+00:00,False,11.21,11.45,11.16,11.3,0.0,1.0,0.0
2022-12-27 00:00:00+00:00,False,11.31,11.34,11.22,11.27,0.0,1.0,0.0
2022-12-27 04:00:00+00:00,False,11.26,11.28,11.1,11.12,0.0,1.0,0.0
2022-12-27 08:00:00+00:00,False,11.12,11.22,10.98,11.08,0.0,1.0,0.0
2022-12-27 12:00:00+00:00,False,11.07,11.14,10.72,10.84,0.0,1.0,0.0
2022-12-27 16:00:00+00:00,False,10.84,11.03,10.71,10.98,0.0,1.0,0.0
2022-12-27 20:00:00+00:00,False,10.99,11.16,10.96,11.01,0.0,1.0,0.0
2022-12-28 00:00:00+00:00,False,11.01,11.01,10.55,10.6,0.0,1.0,0.0
2022-12-28 04:00:00+00:00,False,10.6,10.64,9.66,10.0,0.0,1.0,0.0
2022-12-28 08:00:00+00:00,False,10.01,10.16,9.84,9.99,0.0,1.0,0.0
2022-12-28 12:00:00+00:00,False,10.0,10.37,9.86,9.95,0.0,1.0,0.0
2022-12-28 16:00:00+00:00,False,9.96,10.09,9.76,9.84,0.0,1.0,0.0
2022-12-28 20:00:00+00:00,False,9.83,9.88,9.41,9.81,0.0,1.0,0.0
2022-12-29 00:00:00+00:00,False,9.8,9.8,9.52,9.74,0.0,1.0,0.0
2022-12-29 04:00:00+00:00,False,9.73,9.75,9.26,9.36,0.0,1.0,0.0
2022-12-29 08:00:00+00:00,False,9.35,9.58,9.34,9.39,0.0,1.0,0.0
2022-12-29 12:00:00+00:00,False,9.39,9.5,9.31,9.37,0.0,1.0,0.0
2022-12-29 16:00:00+00:00,False,9.36,9.44,8.0,8.34,0.0,1.0,0.0
2022-12-29 20:00:00+00:00,False,8.33,10.89,8.27,9.92,0.0,1.0,0.0
2022-12-30 00:00:00+00:00,False,9.91,10.01,9.46,9.56,0.0,1.0,0.0
2022-12-30 04:00:00+00:00,False,9.55,9.61,9.03,9.19,0.0,1.0,0.0
2022-12-30 08:00:00+00:00,False,9.18,10.03,9.07,9.52,0.0,1.0,0.0
2022-12-30 12:00:00+00:00,False,9.52,9.73,9.38,9.6,0.0,1.0,0.0
2022-12-30 16:00:00+00:00,False,9.61,10.07,9.57,9.92,0.0,1.0,0.0
2022-12-30 20:00:00+00:00,False,9.93,10.0,9.7,9.95,0.0,1.0,0.0
2022-12-31 00:00:00+00:00,False,9.95,10.06,9.66,9.73,0.0,1.0,0.0
2022-12-31 04:00:00+00:00,False,9.73,9.87,9.71,9.76,0.0,1.0,0.0
2022-12-31 08:00:00+00:00,False,9.76,9.96,9.75,9.89,0.0,1.0,0.0
2022-12-31 12:00:00+00:00,False,9.89,10.2,9.88,10.1,0.0,1.0,0.0
2022-12-31 16:00:00+00:00,False,10.11,10.16,9.93,10.09,0.0,1.0,0.0
2022-12-31 20:00:00+00:00,True,10.1,10.12,9.85,9.98,0.0,0.0,0.0
2023-01-01 00:00:00+00:00,True,9.99,10.08,9.81,9.83,0.0,0.0,0.0
2023-01-01 04:00:00+00:00,True,9.84,9.84,9.68,9.72,0.0,0.0,0.0
2023-01-01 08:00:00+00:00,True,9.72,9.98,9.72,9.95,0.0,0.0,0.0
2023-01-01 12:00:00+00:00,True,9.95,9.96,9.8,9.9,0.0,0.0,0.0
2023-01-01 16:00:00+00:00,True,9.9,10.06,9.9,9.96,0.0,0.0,0.0
2023-01-01 20:00:00+00:00,True,9.97,10.06,9.87,9.93,0.0,0.0,0.0
2023-01-02 00:00:00+00:00,True,9.93,10.03,9.79,10.0,0.0,0.0,0.0
2023-01-02 04:00:00+00:00,True,10.0,12.0,9.93,11.12,0.0,0.0,0.0
2023-01-02 08:00:00+00:00,True,11.12,11.24,10.9,11.1,0.0,0.0,0.0
2023-01-02 12:00:00+00:00,True,11.1,11.23,11.05,11.1,0.0,0.0,0.0
2023-01-02 16:00:00+00:00,True,11.11,11.49,11.08,11.38,0.0,0.0,0.0
2023-01-02 20:00:00+00:00,True,11.38,11.45,11.19,11.32,0.0,0.0,0.0
2023-01-03 00:00:00+00:00,True,11.32,11.38,11.0,11.31,0.0,0.0,0.0
2023-01-03 04:00:00+00:00,True,11.31,12.05,11.3,11.81,0.0,0.0,0.0
2023-01-03 08:00:00+00:00,True,11.8,12.01,11.74,11.86,0.0,0.0,0.0
2023-01-03 12:00:00+00:00,True,11.85,13.91,11.85,13.2,0.0,0.0,0.0
2023-01-03 16:00:00+00:00,True,13.2,13.28,12.71,13.0,0.0,0.0,0.0
2023-01-03 20:00:00+00:00,True,12.99,13.88,12.99,13.47,0.0,0.0,0.0
2023-01-04 00:00:00+00:00,True,13.48,14.07,13.28,13.41,0.0,0.0,0.0
2023-01-04 04:00:00+00:00,True,13.41,14.25,13.37,13.83,0.0,0.0,0.0
2023-01-04 08:00:00+00:00,True,13.84,13.84,13.4,13.46,0.0,0.0,0.0
2023-01-04 12:00:00+00:00,True,13.46,13.63,13.17,13.44,0.0,0.0,0.0
2023-01-04 16:00:00+00:00,True,13.43,13.61,12.81,13.07,0.0,0.0,0.0
2023-01-04 20:00:00+00:00,True,13.08,13.66,13.0,13.23,0.0,0.0,0.0
2023-01-05 00:00:00+00:00,True,13.23,13.48,13.04,13.37,0.0,0.0,0.0
2023-01-05 04:00:00+00:00,True,13.36,13.41,13.12,13.14,0.0,0.0,0.0
2023-01-05 08:00:00+00:00,True,13.14,13.34,12.94,13.19,0.0,0.0,0.0
2023-01-05 12:00:00+00:00,True,13.19,13.39,13.03,13.19,0.0,0.0,0.0
2023-01-05 16:00:00+00:00,True,13.18,13.87,13.06,13.63,0.0,0.0,0.0
2023-01-05 20:00:00+00:00,True,13.62,13.64,13.28,13.48,0.0,0.0,0.0
2023-01-06 00:00:00+00:00,True,13.47,13.52,13.09,13.22,0.0,0.0,0.0
2023-01-06 04:00:00+00:00,True,13.22,13.25,13.02,13.15,0.0,0.0,0.0
2023-01-06 08:00:00+00:00,True,13.16,13.19,12.74,12.83,0.0,0.0,0.0
2023-01-06 12:00:00+00:00,True,12.84,13.31,12.68,13.22,0.0,0.0,0.0
2023-01-06 16:00:00+00:00,True,13.22,13.43,13.12,13.24,0.0,0.0,0.0
2023-01-06 20:00:00+00:00,True,13.24,13.6,13.21,13.43,0.0,0.0,0.0
2023-01-07 00:00:00+00:00,True,13.42,13.43,13.2,13.23,0.0,0.0,0.0
2023-01-07 04:00:00+00:00,True,13.23,13.33,13.13,13.16,0.0,0.0,0.0
2023-01-07 08:00:00+00:00,True,13.16,13.23,13.13,13.21,0.0,0.0,0.0
2023-01-07 12:00:00+00:00,True,13.2,13.28,13.16,13.19,0.0,0.0,0.0
2023-01-07 16:00:00+00:00,True,13.19,13.25,13.17,13.19,0.0,0.0,0.0
2023-01-07 20:00:00+00:00,True,13.18,13.21,12.85,12.93,0.0,0.0,0.0
2023-01-08 00:00:00+00:00,True,12.93,13.43,12.91,13.31,0.0,0.0,0.0
2023-01-08 04:00:00+00:00,True,13.31,13.77,13.26,13.73,0.0,0.0,0.0
2023-01-08 08:00:00+00:00,True,13.72,13.73,13.44,13.5,0.0,0.0,0.0
2023-01-08 12:00:00+00:00,True,13.49,13.93,13.49,13.68,0.0,0.0,0.0
2023-01-08 16:00:00+00:00,True,13.67,13.82,13.47,13.74,0.0,0.0,0.0
2023-01-08 20:00:00+00:00,True,13.73,14.99,13.64,14.86,0.0,0.0,0.0
2023-01-09 00:00:00+00:00,True,14.86,16.81,14.7,16.21,0.0,0.0,0.0
2023-01-09 04:00:00+00:00,True,16.22,16.7,15.93,16.11,0.0,0.0,0.0
2023-01-09 08:00:00+00:00,True,16.12,16.81,16.12,16.4,0.0,0.0,0.0
2023-01-09 12:00:00+00:00,True,16.4,17.56,16.1,16.79,0.0,0.0,0.0
2023-01-09 16:00:00+00:00,True,16.79,16.98,16.09,16.36,0.0,0.0,0.0
2023-01-09 20:00:00+00:00,True,16.36,16.67,16.01,16.51,0.0,0.0,0.0
2023-01-10 00:00:00+00:00,True,16.51,16.53,15.57,16.12,0.0,0.0,0.0
2023-01-10 04:00:00+00:00,True,16.13,16.31,15.82,16.21,0.0,0.0,0.0
2023-01-10 08:00:00+00:00,True,16.2,16.35,15.87,15.98,0.0,0.0,0.0
2023-01-10 12:00:00+00:00,True,15.97,16.5,15.82,16.09,0.0,0.0,0.0
2023-01-10 16:00:00+00:00,True,16.09,16.73,16.07,16.5,0.0,0.0,0.0
2023-01-10 20:00:00+00:00,True,16.48,16.58,16.08,16.22,0.0,0.0,0.0
2023-01-11 00:00:00+00:00,True,16.22,16.25,15.85,15.88,0.0,0.0,0.0
2023-01-11 04:00:00+00:00,True,15.88,16.16,15.87,16.05,0.0,0.0,0.0
2023-01-11 08:00:00+00:00,True,16.05,16.14,15.7,15.86,0.0,0.0,0.0
2023-01-11 12:00:00+00:00,True,15.86,15.91,15.28,15.41,0.0,0.0,0.0
2023-01-11 16:00:00+00:00,True,15.41,16.14,15.4,15.97,0.0,0.0,0.0
2023-01-11 20:00:00+00:00,True,15.97,17.0,15.75,16.71,0.0,0.0,0.0
2023-01-12 00:00:00+00:00,True,16.7,16.73,16.35,16.45,0.0,0.0,0.0
2023-01-12 04:00:00+00:00,True,16.45,16.46,16.03,16.15,0.0,0.0,0.0
2023-01-12 08:00:00+00:00,True,16.15,16.16,15.9,16.11,0.0,0.0,0.0
2023-01-12 12:00:00+00:00,True,16.11,16.5,15.57,16.08,0.0,0.0,0.0
2023-01-12 16:00:00+00:00,True,16.07,16.81,16.05,16.56,0.0,0.0,0.0
2023-01-12 20:00:00+00:00,True,16.56,16.84,16.3,16.52,0.0,0.0,0.0
2023-01-13 00:00:00+00:00,True,16.53,17.36,16.3,17.0,0.0,0.0,0.0
2023-01-13 04:00:00+00:00,True,16.99,17.11,16.76,16.99,0.0,0.0,0.0
2023-01-13 08:00:00+00:00,True,16.99,17.08,16.48,16.53,0.0,0.0,0.0
2023-01-13 12:00:00+00:00,True,16.54,16.88,16.47,16.7,0.0,0.0,0.0
2023-01-13 16:00:00+00:00,True,16.7,17.43,16.66,17.09,0.0,0.0,0.0
2023-01-13 20:00:00+00:00,True,17.09,21.0,17.07,20.11,0.0,0.0,0.0
2023-01-14 00:00:00+00:00,True,20.1,22.83,19.81,22.23,0.0,0.0,0.0
2023-01-14 04:00:00+00:00,True,22.22,24.75,21.86,23.7,0.0,0.0,0.0
2023-01-14 08:00:00+00:00,True,23.7,23.71,21.31,22.52,0.0,0.0,0.0
2023-01-14 12:00:00+00:00,True,22.51,23.62,21.81,22.78,0.0,0.0,0.0
2023-01-14 16:00:00+00:00,True,22.78,23.41,22.63,22.9,0.0,0.0,0.0
2023-01-14 20:00:00+00:00,True,22.88,25.0,22.49,23.41,0.0,0.0,0.0
2023-01-15 00:00:00+00:00,True,23.41,23.43,22.52,22.84,0.0,0.0,0.0
2023-01-15 04:00:00+00:00,True,22.84,23.18,22.07,22.27,0.0,0.0,0.0
2023-01-15 08:00:00+00:00,True,22.27,23.43,21.97,22.99,0.0,0.0,0.0
2023-01-15 12:00:00+00:00,True,22.98,23.88,22.93,23.35,0.0,0.0,0.0
2023-01-15 16:00:00+00:00,True,23.36,23.78,22.96,23.32,0.0,0.0,0.0
2023-01-15 20:00:00+00:00,True,23.3,23.34,22.45,22.99,0.0,0.0,0.0
2023-01-16 00:00:00+00:00,True,22.98,24.19,22.97,23.28,0.0,0.0,0.0
2023-01-16 04:00:00+00:00,True,23.27,25.0,22.88,23.06,0.0,0.0,0.0
2023-01-16 08:00:00+00:00,True,23.07,23.67,23.07,23.32,0.0,0.0,0.0
2023-01-16 12:00:00+00:00,True,23.33,23.53,22.25,23.13,0.0,0.0,0.0
2023-01-16 16:00:00+00:00,True,23.12,23.86,22.96,23.55,0.0,0.0,0.0
2023-01-16 20:00:00+00:00,True,23.54,24.22,23.01,23.19,0.0,0.0,0.0
2023-01-17 00:00:00+00:00,True,23.19,23.52,22.79,23.49,0.0,0.0,0.0
2023-01-17 04:00:00+00:00,True,23.51,23.79,23.24,23.68,0.0,0.0,0.0
2023-01-17 08:00:00+00:00,True,23.7,23.92,23.41,23.53,0.0,0.0,0.0
2023-01-17 12:00:00+00:00,True,23.52,23.98,23.04,23.33,0.0,0.0,0.0
2023-01-17 16:00:00+00:00,True,23.33,23.69,23.05,23.34,0.0,0.0,0.0
2023-01-17 20:00:00+00:00,True,23.34,23.35,22.62,22.75,0.0,0.0,0.0
2023-01-18 00:00:00+00:00,True,22.75,23.32,22.66,23.07,0.0,0.0,0.0
2023-01-18 04:00:00+00:00,True,23.07,23.3,22.07,22.25,0.0,0.0,0.0
2023-01-18 08:00:00+00:00,True,22.27,22.81,22.2,22.74,0.0,0.0,0.0
2023-01-18 12:00:00+00:00,True,22.74,23.64,20.22,21.73,0.0,0.0,0.0
2023-01-18 16:00:00+00:00,False,21.76,22.34,21.16,21.42,0.0,0.0,1.0
2023-01-18 20:00:00+00:00,False,21.44,21.64,20.67,21.08,0.0,0.0,1.0
2023-01-19 00:00:00+00:00,False,21.09,21.8,20.89,21.63,0.0,0.0,1.0
2023-01-19 04:00:00+00:00,False,21.62,21.66,21.2,21.23,0.0,0.0,1.0
2023-01-19 08:00:00+00:00,False,21.23,21.43,20.68,20.81,0.0,0.0,1.0
2023-01-19 12:00:00+00:00,False,20.82,21.3,20.41,21.2,0.0,0.0,1.0
2023-01-19 16:00:00+00:00,False,21.2,21.88,20.85,21.58,0.0,0.0,1.0
2023-01-19 20:00:00+00:00,False,21.58,21.59,21.04,21.04,0.0,0.0,1.0
2023-01-20 00:00:00+00:00,False,21.04,21.63,21.01,21.13,0.0,0.0,1.0
2023-01-20 04:00:00+00:00,False,21.13,21.2,20.93,21.1,0.0,0.0,1.0
2023-01-20 08:00:00+00:00,False,21.09,21.46,20.99,21.38,0.0,0.0,1.0
2023-01-20 12:00:00+00:00,False,21.38,22.24,21.22,22.13,0.0,0.0,1.0
2023-01-20 16:00:00+00:00,False,22.13,24.41,21.97,24.02,0.0,0.0,1.0
2023-01-20 20:00:00+00:00,False,24.02,25.86,23.64,24.91,0.0,0.0,1.0
2023-01-21 00:00:00+00:00,False,24.91,25.25,24.57,25.01,0.0,0.0,1.0
2023-01-21 04:00:00+00:00,False,25.02,25.71,24.72,25.13,0.0,0.0,1.0
2023-01-21 08:00:00+00:00,False,25.14,26.47,24.33,25.41,0.0,0.0,1.0
2023-01-21 12:00:00+00:00,False,25.41,26.09,25.07,25.48,0.0,0.0,1.0
2023-01-21 16:00:00+00:00,True,25.48,25.84,25.18,25.45,0.0,1.0,1.0
2023-01-21 20:00:00+00:00,True,25.46,25.64,24.4,24.88,0.0,1.0,1.0
2023-01-22 00:00:00+00:00,True,24.89,25.44,24.72,25.28,0.0,1.0,1.0
2023-01-22 04:00:00+00:00,True,25.27,25.43,24.83,25.19,0.0,1.0,1.0
2023-01-22 08:00:00+00:00,True,25.19,25.25,24.65,25.08,0.0,1.0,1.0
2023-01-22 12:00:00+00:00,True,25.07,25.42,24.73,25.03,0.0,1.0,1.0
2023-01-22 16:00:00+00:00,True,25.03,25.27,23.49,23.98,0.0,1.0,1.0
2023-01-22 20:00:00+00:00,True,23.99,24.52,23.67,24.38,0.0,1.0,1.0
2023-01-23 00:00:00+00:00,True,24.39,24.93,24.37,24.68,0.0,1.0,1.0
2023-01-23 04:00:00+00:00,True,24.69,24.75,24.18,24.39,0.0,1.0,1.0
2023-01-23 08:00:00+00:00,False,24.38,24.8,24.35,24.67,0.0,1.0,1.0
2023-01-23 12:00:00+00:00,False,24.68,24.74,23.71,24.31,0.0,1.0,1.0
2023-01-23 16:00:00+00:00,False,24.31,24.75,23.96,24.28,0.0,1.0,1.0
2023-01-23 20:00:00+00:00,False,24.28,24.51,24.06,24.3,0.0,1.0,1.0
2023-01-24 00:00:00+00:00,False,24.3,25.23,24.13,24.71,0.0,1.0,1.0
2023-01-24 04:00:00+00:00,False,24.72,24.97,24.45,24.63,0.0,1.0,1.0
2023-01-24 08:00:00+00:00,False,24.64,24.72,24.3,24.51,0.0,1.0,1.0
2023-01-24 12:00:00+00:00,False,24.5,24.61,24.01,24.23,0.0,1.0,1.0
2023-01-24 16:00:00+00:00,False,24.25,24.53,24.02,24.38,0.0,1.0,1.0
2023-01-24 20:00:00+00:00,False,24.37,24.41,22.36,22.69,0.0,1.0,1.0
2023-01-25 00:00:00+00:00,False,22.71,23.05,22.21,22.96,0.0,1.0,1.0
2023-01-25 04:00:00+00:00,False,22.95,23.44,22.87,23.14,0.0,1.0,1.0
2023-01-25 08:00:00+00:00,False,23.13,24.58,22.98,24.41,0.0,1.0,1.0
2023-01-25 12:00:00+00:00,False,24.39,24.42,22.7,23.52,0.0,1.0,1.0
2023-01-25 16:00:00+00:00,False,23.5,24.25,23.31,24.17,0.0,1.0,1.0
2023-01-25 20:00:00+00:00,False,24.16,25.43,23.73,24.78,0.0,1.0,1.0
2023-01-26 00:00:00+00:00,False,24.78,25.23,24.57,24.76,0.0,1.0,1.0
2023-01-26 04:00:00+00:00,False,24.77,24.95,24.25,24.55,0.0,1.0,1.0
2023-01-26 08:00:00+00:00,False,24.55,24.59,24.09,24.54,0.0,1.0,1.0
2023-01-26 12:00:00+00:00,False,24.53,25.12,23.77,24.44,0.0,1.0,1.0
2023-01-26 16:00:00+00:00,False,24.44,24.72,24.2,24.47,0.0,1.0,1.0
2023-01-26 20:00:00+00:00,False,24.46,24.54,23.85,23.96,0.0,1.0,1.0
2023-01-27 00:00:00+00:00,False,23.97,24.04,23.32,23.77,0.0,1.0,1.0
2023-01-27 04:00:00+00:00,False,23.76,24.05,23.7,23.8,0.0,1.0,1.0
2023-01-27 08:00:00+00:00,False,23.78,23.91,23.58,23.61,0.0,1.0,1.0
2023-01-27 12:00:00+00:00,False,23.61,24.22,23.32,24.18,0.0,1.0,1.0
2023-01-27 16:00:00+00:00,False,24.18,24.96,24.15,24.34,0.0,1.0,1.0
2023-01-27 20:00:00+00:00,False,24.34,24.8,24.02,24.75,0.0,1.0,1.0
2023-01-28 00:00:00+00:00,False,24.75,24.88,24.36,24.62,0.0,1.0,1.0
2023-01-28 04:00:00+00:00,False,24.62,25.21,24.18,24.35,0.0,1.0,1.0
2023-01-28 08:00:00+00:00,False,24.33,24.47,24.1,24.19,0.0,1.0,1.0
2023-01-28 12:00:00+00:00,False,24.2,24.23,23.72,24.2,0.0,1.0,1.0
2023-01-28 16:00:00+00:00,False,24.19,24.22,23.78,23.85,0.0,1.0,1.0
2023-01-28 20:00:00+00:00,False,23.86,24.47,23.72,24.41,0.0,1.0,1.0
2023-01-29 00:00:00+00:00,False,24.42,24.68,23.87,24.11,0.0,1.0,1.0
2023-01-29 04:00:00+00:00,False,24.11,24.21,24.06,24.1,0.0,1.0,1.0
2023-01-29 08:00:00+00:00,False,24.09,24.68,24.09,24.56,0.0,1.0,1.0
2023-01-29 12:00:00+00:00,False,24.54,25.58,24.37,25.54,0.0,1.0,1.0
2023-01-29 16:00:00+00:00,False,25.54,26.77,25.22,26.07,0.0,1.0,1.0
2023-01-29 20:00:00+00:00,False,26.07,26.52,25.94,26.26,0.0,1.0,1.0
2023-01-30 00:00:00+00:00,False,26.25,26.27,25.18,25.39,0.0,1.0,1.0
2023-01-30 04:00:00+00:00,False,25.39,25.6,24.69,24.76,0.0,1.0,1.0
2023-01-30 08:00:00+00:00,False,24.76,24.87,23.77,24.16,0.0,1.0,1.0
2023-01-30 12:00:00+00:00,False,24.15,24.77,24.1,24.37,0.0,1.0,1.0
2023-01-30 16:00:00+00:00,False,24.38,24.63,23.29,23.71,0.0,1.0,1.0
2023-01-30 20:00:00+00:00,False,23.69,24.01,23.46,23.93,0.0,1.0,1.0
2023-01-31 00:00:00+00:00,False,23.93,24.28,23.8,24.05,0.0,1.0,1.0
2023-01-31 04:00:00+00:00,False,24.05,24.14,23.65,23.88,0.0,1.0,1.0
2023-01-31 08:00:00+00:00,False,23.86,23.93,23.48,23.82,0.0,1.0,1.0
2023-01-31 12:00:00+00:00,False,23.81,24.46,23.74,24.1,0.0,1.0,1.0
2023-01-31 16:00:00+00:00,False,24.09,24.33,23.87,24.04,0.0,1.0,1.0
2023-01-31 20:00:00+00:00,False,24.04,24.25,23.62,23.8,0.0,1.0,1.0
2023-02-01 00:00:00+00:00,False,23.8,23.97,23.71,23.95,0.0,1.0,1.0
2023-02-01 04:00:00+00:00,False,23.95,24.0,23.23,23.28,0.0,1.0,1.0
2023-02-01 08:00:00+00:00,False,23.29,23.63,23.16,23.4,0.0,1.0,1.0
2023-02-01 12:00:00+00:00,False,23.41,23.67,22.64,22.78,0.0,1.0,1.0
2023-02-01 16:00:00+00:00,False,22.78,24.98,22.49,24.66,0.0,1.0,1.0
2023-02-01 20:00:00+00:00,False,24.65,25.79,24.63,25.62,0.0,1.0,1.0
2023-02-02 00:00:00+00:00,False,25.62,25.75,25.18,25.36,0.0,1.0,1.0
2023-02-02 04:00:00+00:00,False,25.35,25.41,24.73,24.97,0.0,1.0,1.0
2023-02-02 08:00:00+00:00,False,24.96,25.13,24.81,25.08,0.0,1.0,1.0
2023-02-02 12:00:00+00:00,False,25.08,25.66,24.59,25.48,0.0,1.0,1.0
2023-02-02 16:00:00+00:00,False,25.48,26.15,24.87,25.17,0.0,1.0,1.0
2023-02-02 20:00:00+00:00,False,25.17,25.21,24.04,24.43,0.0,1.0,1.0
2023-02-03 00:00:00+00:00,False,24.42,24.45,24.05,24.43,0.0,1.0,1.0
2023-02-03 04:00:00+00:00,False,24.43,24.54,24.11,24.31,0.0,1.0,1.0
2023-02-03 08:00:00+00:00,False,24.31,24.68,24.26,24.54,0.0,1.0,1.0
2023-02-03 12:00:00+00:00,False,24.53,25.31,24.06,24.8,0.0,1.0,1.0
2023-02-03 16:00:00+00:00,False,24.8,25.01,24.24,24.52,0.0,1.0,1.0
2023-02-03 20:00:00+00:00,False,24.52,24.82,24.4,24.66,0.0,1.0,1.0
2023-02-04 00:00:00+00:00,False,24.67,24.71,24.42,24.45,0.0,1.0,1.0
2023-02-04 04:00:00+00:00,False,24.44,24.53,24.29,24.44,0.0,1.0,1.0
2023-02-04 08:00:00+00:00,False,24.44,24.79,24.41,24.79,0.0,1.0,1.0
2023-02-04 12:00:00+00:00,False,24.79,24.95,24.52,24.58,0.0,1.0,1.0
2023-02-04 16:00:00+00:00,False,24.57,24.8,24.52,24.65,0.0,1.0,1.0
2023-02-04 20:00:00+00:00,False,24.65,24.74,24.1,24.25,0.0,1.0,1.0
2023-02-05 00:00:00+00:00,False,24.24,24.4,24.08,24.33,0.0,1.0,1.0
2023-02-05 04:00:00+00:00,False,24.33,24.48,24.31,24.41,0.0,1.0,1.0
2023-02-05 08:00:00+00:00,False,24.42,24.46,23.33,23.75,0.0,1.0,1.0
2023-02-05 12:00:00+00:00,False,23.74,23.87,23.34,23.44,0.0,1.0,1.0
2023-02-05 16:00:00+00:00,False,23.44,23.59,23.06,23.17,0.0,1.0,1.0
2023-02-05 20:00:00+00:00,False,23.17,23.74,23.03,23.68,0.0,1.0,1.0
2023-02-06 00:00:00+00:00,False,23.68,23.7,23.25,23.28,0.0,1.0,1.0
2023-02-06 04:00:00+00:00,False,23.29,23.42,22.9,23.35,0.0,1.0,1.0
2023-02-06 08:00:00+00:00,False,23.35,23.41,23.06,23.3,0.0,1.0,1.0
2023-02-06 12:00:00+00:00,False,23.3,23.61,22.81,23.22,0.0,1.0,1.0
2023-02-06 16:00:00+00:00,False,23.21,23.48,23.15,23.23,0.0,1.0,1.0
2023-02-06 20:00:00+00:00,False,23.23,23.24,22.5,22.79,0.0,1.0,1.0
2023-02-07 00:00:00+00:00,False,22.79,23.18,22.78,23.07,0.0,1.0,1.0
2023-02-07 04:00:00+00:00,False,23.06,23.36,23.05,23.25,0.0,1.0,1.0
2023-02-07 08:00:00+00:00,False,23.25,23.45,23.22,23.37,0.0,1.0,1.0
2023-02-07 12:00:00+00:00,False,23.36,23.37,22.87,22.95,0.0,1.0,1.0
2023-02-07 16:00:00+00:00,False,22.94,23.97,22.6,23.62,0.0,1.0,1.0
2023-02-07 20:00:00+00:00,False,23.63,24.2,23.4,24.1,0.0,1.0,1.0
2023-02-08 00:00:00+00:00,False,24.09,24.2,23.8,23.88,0.0,1.0,1.0
2023-02-08 04:00:00+00:00,False,23.89,23.89,23.53,23.59,0.0,1.0,1.0
2023-02-08 08:00:00+00:00,False,23.59,23.97,23.54,23.63,0.0,1.0,1.0
2023-02-08 12:00:00+00:00,False,23.63,23.94,22.8,23.24,0.0,1.0,1.0
2023-02-08 16:00:00+00:00,False,23.24,23.46,22.87,23.01,0.0,1.0,1.0
2023-02-08 20:00:00+00:00,False,23.01,23.35,22.99,23.32,0.0,1.0,1.0
2023-02-09 00:00:00+00:00,False,23.33,23.35,21.97,22.62,0.0,1.0,1.0
2023-02-09 04:00:00+00:00,False,22.61,22.98,22.54,22.87,0.0,1.0,1.0
2023-02-09 08:00:00+00:00,False,22.87,22.98,22.58,22.77,0.0,1.0,1.0
2023-02-09 12:00:00+00:00,False,22.76,22.99,22.23,22.47,0.0,1.0,1.0
2023-02-09 16:00:00+00:00,False,22.47,22.59,21.31,21.49,0.0,1.0,1.0
2023-02-09 20:00:00+00:00,False,21.48,21.59,19.99,20.49,0.0,1.0,1.0
2023-02-10 00:00:00+00:00,False,20.48,20.94,20.48,20.7,0.0,1.0,1.0
2023-02-10 04:00:00+00:00,False,20.7,21.23,20.52,21.1,0.0,1.0,1.0
2023-02-10 08:00:00+00:00,False,21.09,21.13,20.51,20.62,0.0,1.0,1.0
2023-02-10 12:00:00+00:00,False,20.61,21.03,20.44,20.66,0.0,1.0,1.0
2023-02-10 16:00:00+00:00,False,20.65,20.98,20.52,20.78,0.0,1.0,1.0
2023-02-10 20:00:00+00:00,False,20.78,20.79,19.71,20.39,0.0,1.0,1.0
2023-02-11 00:00:00+00:00,False,20.4,20.5,20.27,20.36,0.0,1.0,1.0
2023-02-11 04:00:00+00:00,False,20.36,20.39,20.15,20.33,0.0,1.0,1.0
2023-02-11 08:00:00+00:00,False,20.33,20.44,20.23,20.38,0.0,1.0,1.0
2023-02-11 12:00:00+00:00,False,20.38,20.63,20.33,20.37,0.0,1.0,1.0
2023-02-11 16:00:00+00:00,False,20.37,20.52,20.27,20.43,0.0,1.0,1.0
2023-02-11 20:00:00+00:00,False,20.43,20.93,20.4,20.72,0.0,1.0,1.0
2023-02-12 00:00:00+00:00,False,20.72,20.77,20.63,20.75,0.0,1.0,1.0
2023-02-12 04:00:00+00:00,False,20.75,21.01,20.71,20.92,0.0,1.0,1.0
2023-02-12 08:00:00+00:00,False,20.93,21.11,20.85,20.9,0.0,1.0,1.0
2023-02-12 12:00:00+00:00,False,20.89,21.85,20.78,21.63,0.0,1.0,1.0
2023-02-12 16:00:00+00:00,False,21.64,22.53,21.62,22.11,0.0,1.0,1.0
2023-02-12 20:00:00+00:00,False,22.12,22.13,21.1,21.42,0.0,1.0,1.0
2023-02-13 00:00:00+00:00,False,21.41,21.41,20.47,20.98,0.0,1.0,1.0
2023-02-13 04:00:00+00:00,False,20.97,21.32,20.62,20.76,0.0,1.0,1.0
2023-02-13 08:00:00+00:00,False,20.76,20.77,20.07,20.6,0.0,1.0,1.0
2023-02-13 12:00:00+00:00,False,20.6,20.7,20.05,20.28,0.0,1.0,1.0
2023-02-13 16:00:00+00:00,False,20.27,20.55,19.76,20.38,0.0,1.0,1.0
2023-02-13 20:00:00+00:00,False,20.39,21.11,20.25,20.81,0.0,1.0,1.0
2023-02-14 00:00:00+00:00,False,20.81,20.97,20.68,20.92,0.0,1.0,1.0
2023-02-14 04:00:00+00:00,False,20.92,21.12,20.78,20.91,0.0,1.0,1.0
2023-02-14 08:00:00+00:00,False,20.91,21.63,20.85,21.42,0.0,1.0,1.0
2023-02-14 12:00:00+00:00,False,21.43,22.4,20.73,21.8,0.0,1.0,1.0
2023-02-14 16:00:00+00:00,True,21.79,22.08,21.65,21.75,0.0,0.0,1.0
2023-02-14 20:00:00+00:00,True,21.74,21.94,21.55,21.61,0.0,0.0,1.0
2023-02-15 00:00:00+00:00,True,21.61,21.72,21.46,21.59,0.0,0.0,1.0
2023-02-15 04:00:00+00:00,True,21.58,21.7,21.47,21.59,0.0,0.0,1.0
2023-02-15 08:00:00+00:00,True,21.59,22.75,21.56,22.41,0.0,0.0,1.0
2023-02-15 12:00:00+00:00,True,22.42,22.61,22.24,22.35,0.0,0.0,1.0
2023-02-15 16:00:00+00:00,True,22.36,23.78,22.27,23.55,0.0,0.0,1.0
2023-02-15 20:00:00+00:00,True,23.55,24.17,23.42,23.74,0.0,0.0,1.0
2023-02-16 00:00:00+00:00,True,23.74,24.08,23.67,23.87,0.0,0.0,1.0
2023-02-16 04:00:00+00:00,True,23.87,23.99,23.55,23.72,0.0,0.0,1.0
2023-02-16 08:00:00+00:00,True,23.71,23.91,23.44,23.71,0.0,0.0,1.0
2023-02-16 12:00:00+00:00,True,23.7,24.15,23.06,23.66,0.0,0.0,1.0
2023-02-16 16:00:00+00:00,True,23.65,23.98,23.08,23.15,0.0,0.0,1.0
2023-02-16 20:00:00+00:00,True,23.15,23.23,22.03,22.57,0.0,0.0,1.0
2023-02-17 00:00:00+00:00,True,22.56,22.8,22.5,22.64,0.0,0.0,1.0
2023-02-17 04:00:00+00:00,True,22.63,22.81,22.47,22.68,0.0,0.0,1.0
2023-02-17 08:00:00+00:00,True,22.68,22.73,22.52,22.67,0.0,0.0,1.0
2023-02-17 12:00:00+00:00,True,22.66,22.99,22.41,22.88,0.0,0.0,1.0
2023-02-17 16:00:00+00:00,True,22.89,23.56,22.89,23.45,0.0,0.0,1.0
2023-02-17 20:00:00+00:00,True,23.44,23.56,22.73,23.35,0.0,0.0,1.0
2023-02-18 00:00:00+00:00,True,23.36,23.63,23.28,23.45,0.0,0.0,1.0
2023-02-18 04:00:00+00:00,True,23.45,23.49,23.12,23.21,0.0,0.0,1.0
2023-02-18 08:00:00+00:00,True,23.21,23.28,22.93,23.28,0.0,0.0,1.0
2023-02-18 12:00:00+00:00,True,23.28,23.94,23.17,23.61,0.0,0.0,1.0
2023-02-18 16:00:00+00:00,True,23.61,23.82,23.27,23.43,0.0,0.0,1.0
2023-02-18 20:00:00+00:00,True,23.42,23.68,23.38,23.57,0.0,0.0,1.0
2023-02-19 00:00:00+00:00,True,23.56,23.57,23.21,23.41,0.0,0.0,1.0
2023-02-19 04:00:00+00:00,True,23.42,24.0,23.41,23.52,0.0,0.0,1.0
2023-02-19 08:00:00+00:00,True,23.52,24.5,23.5,24.22,0.0,0.0,1.0
2023-02-19 12:00:00+00:00,True,24.22,25.37,24.08,24.45,0.0,0.0,1.0
2023-02-19 16:00:00+00:00,True,24.46,24.78,23.99,24.64,0.0,0.0,1.0
2023-02-19 20:00:00+00:00,True,24.67,25.65,24.45,24.57,0.0,0.0,1.0
2023-02-20 00:00:00+00:00,True,24.58,26.52,24.12,26.3,0.0,0.0,1.0
2023-02-20 04:00:00+00:00,True,26.33,27.12,26.18,26.23,0.0,0.0,1.0
2023-02-20 08:00:00+00:00,True,26.24,26.68,26.03,26.57,0.0,0.0,1.0
2023-02-20 12:00:00+00:00,True,26.58,26.73,25.64,25.9,0.0,0.0,1.0
2023-02-20 16:00:00+00:00,True,25.91,26.48,25.55,26.3,0.0,0.0,1.0
2023-02-20 20:00:00+00:00,True,26.28,26.62,25.91,26.31,0.0,0.0,1.0
2023-02-21 00:00:00+00:00,True,26.34,26.46,25.72,26.01,0.0,0.0,1.0
2023-02-21 04:00:00+00:00,True,26.02,26.31,25.08,25.42,0.0,0.0,1.0
2023-02-21 08:00:00+00:00,True,25.41,25.49,24.9,25.24,0.0,0.0,1.0
2023-02-21 12:00:00+00:00,True,25.24,25.39,24.7,24.85,0.0,0.0,1.0
2023-02-21 16:00:00+00:00,True,24.85,25.5,24.84,25.22,0.0,0.0,1.0
2023-02-21 20:00:00+00:00,True,25.22,25.25,24.48,25.04,0.0,0.0,1.0
2023-02-22 00:00:00+00:00,True,25.02,25.24,23.87,24.15,0.0,0.0,1.0
2023-02-22 04:00:00+00:00,True,24.15,24.17,23.3,23.46,0.0,0.0,1.0
2023-02-22 08:00:00+00:00,True,23.46,23.8,23.22,23.58,0.0,0.0,1.0
2023-02-22 12:00:00+00:00,True,23.57,23.72,23.25,23.64,0.0,0.0,1.0
2023-02-22 16:00:00+00:00,True,23.64,24.18,23.47,23.69,0.0,0.0,1.0
2023-02-22 20:00:00+00:00,False,23.69,24.35,23.54,24.02,0.0,0.0,1.0
2023-02-23 00:00:00+00:00,False,24.02,24.71,23.97,24.51,0.0,0.0,1.0
2023-02-23 04:00:00+00:00,False,24.51,24.64,24.24,24.51,0.0,0.0,1.0
2023-02-23 08:00:00+00:00,False,24.51,24.61,23.6,24.11,0.0,0.0,1.0
2023-02-23 12:00:00+00:00,False,24.1,24.39,23.74,23.83,0.0,0.0,1.0
2023-02-23 16:00:00+00:00,False,23.8,24.22,23.62,23.91,0.0,0.0,1.0
2023-02-23 20:00:00+00:00,False,23.92,24.06,23.67,23.95,0.0,0.0,1.0
2023-02-24 00:00:00+00:00,False,23.95,24.15,23.7,23.82,0.0,0.0,1.0
2023-02-24 04:00:00+00:00,False,23.82,24.11,23.76,24.04,0.0,0.0,1.0
2023-02-24 08:00:00+00:00,False,24.04,24.04,23.53,23.74,0.0,0.0,1.0
2023-02-24 12:00:00+00:00,False,23.74,23.85,22.51,22.78,0.0,0.0,1.0
2023-02-24 16:00:00+00:00,False,22.78,23.36,22.64,23.13,0.0,0.0,1.0
2023-02-24 20:00:00+00:00,False,23.12,23.17,22.45,23.09,0.0,0.0,1.0
2023-02-25 00:00:00+00:00,False,23.09,23.34,22.89,22.99,0.0,0.0,1.0
2023-02-25 04:00:00+00:00,False,22.99,23.19,22.8,22.85,0.0,0.0,1.0
2023-02-25 08:00:00+00:00,False,22.84,22.88,22.03,22.55,0.0,0.0,1.0
2023-02-25 12:00:00+00:00,False,22.56,22.68,22.22,22.3,0.0,0.0,1.0
2023-02-25 16:00:00+00:00,False,22.3,22.38,21.43,21.74,0.0,0.0,1.0
2023-02-25 20:00:00+00:00,False,21.74,22.51,21.5,22.3,0.0,0.0,1.0
2023-02-26 00:00:00+00:00,False,22.31,22.75,22.28,22.55,0.0,0.0,1.0
2023-02-26 04:00:00+00:00,False,22.55,22.85,22.52,22.82,0.0,0.0,1.0
2023-02-26 08:00:00+00:00,False,22.83,22.99,22.56,22.67,0.0,0.0,1.0
2023-02-26 12:00:00+00:00,False,22.65,22.99,22.59,22.79,0.0,0.0,1.0
2023-02-26 16:00:00+00:00,False,22.8,23.54,22.68,23.37,0.0,0.0,1.0
2023-02-26 20:00:00+00:00,False,23.36,23.46,22.95,23.05,0.0,0.0,1.0
2023-02-27 00:00:00+00:00,False,23.05,23.21,22.9,22.99,0.0,0.0,1.0
2023-02-27 04:00:00+00:00,False,22.98,23.04,22.69,22.74,0.0,0.0,1.0
2023-02-27 08:00:00+00:00,False,22.74,22.87,22.63,22.76,0.0,0.0,1.0
2023-02-27 12:00:00+00:00,False,22.76,23.41,22.66,22.88,0.0,0.0,1.0
2023-02-27 16:00:00+00:00,False,22.88,22.88,22.32,22.58,0.0,0.0,1.0
2023-02-27 20:00:00+00:00,False,22.57,22.79,22.55,22.59,0.0,0.0,1.0
2023-02-28 00:00:00+00:00,False,22.6,22.68,22.34,22.42,0.0,0.0,1.0
2023-02-28 04:00:00+00:00,False,22.41,22.48,22.04,22.22,0.0,0.0,1.0
2023-02-28 08:00:00+00:00,False,22.22,22.47,22.12,22.34,0.0,0.0,1.0
2023-02-28 12:00:00+00:00,False,22.34,22.7,22.22,22.41,0.0,0.0,1.0
2023-02-28 16:00:00+00:00,False,22.41,22.67,21.9,21.95,0.0,0.0,1.0
2023-02-28 20:00:00+00:00,False,21.93,22.2,21.65,21.79,0.0,0.0,1.0
2023-03-01 00:00:00+00:00,False,21.79,22.67,21.75,22.61,0.0,0.0,1.0
2023-03-01 04:00:00+00:00,False,22.61,22.92,22.47,22.81,0.0,0.0,1.0
2023-03-01 08:00:00+00:00,False,22.81,22.81,22.62,22.63,0.0,0.0,1.0
2023-03-01 12:00:00+00:00,False,22.64,22.86,22.38,22.49,0.0,0.0,1.0
2023-03-01 16:00:00+00:00,False,22.5,22.6,22.1,22.2,0.0,0.0,1.0
2023-03-01 20:00:00+00:00,False,22.2,22.66,22.18,22.36,0.0,0.0,1.0
2023-03-02 00:00:00+00:00,False,22.36,22.39,21.89,22.15,0.0,0.0,1.0
2023-03-02 04:00:00+00:00,False,22.14,22.15,21.85,22.06,0.0,0.0,1.0
2023-03-02 08:00:00+00:00,False,22.06,22.11,21.82,21.94,0.0,0.0,1.0
2023-03-02 12:00:00+00:00,False,21.93,21.98,21.67,21.78,0.0,0.0,1.0
2023-03-02 16:00:00+00:00,False,21.77,22.16,21.74,22.04,0.0,0.0,1.0
2023-03-02 20:00:00+00:00,False,22.05,22.15,21.77,21.85,0.0,0.0,1.0
2023-03-03 00:00:00+00:00,False,21.84,21.84,20.35,21.2,0.0,0.0,1.0
2023-03-03 04:00:00+00:00,False,21.2,21.25,20.96,21.2,0.0,0.0,1.0
2023-03-03 08:00:00+00:00,False,21.2,21.23,21.05,21.09,0.0,0.0,1.0
2023-03-03 12:00:00+00:00,False,21.07,21.45,21.01,21.29,0.0,0.0,1.0
2023-03-03 16:00:00+00:00,False,21.28,21.53,21.17,21.36,0.0,0.0,1.0
2023-03-03 20:00:00+00:00,False,21.36,21.51,21.18,21.5,0.0,0.0,1.0
2023-03-04 00:00:00+00:00,False,21.49,21.62,21.24,21.27,0.0,0.0,1.0
2023-03-04 04:00:00+00:00,False,21.26,21.27,21.02,21.19,0.0,0.0,1.0
2023-03-04 08:00:00+00:00,False,21.18,21.26,21.07,21.18,0.0,0.0,1.0
2023-03-04 12:00:00+00:00,False,21.18,21.19,20.8,20.86,0.0,0.0,1.0
2023-03-04 20:00:00+00:00,False,20.86,21.59,20.32,21.42,0.0,0.0,1.0
2023-03-05 00:00:00+00:00,False,21.41,21.71,20.97,21.38,0.0,0.0,1.0
2023-03-05 04:00:00+00:00,False,21.38,21.43,21.16,21.19,0.0,0.0,1.0
2023-03-05 08:00:00+00:00,False,21.19,21.33,21.16,21.26,0.0,0.0,1.0
2023-03-05 12:00:00+00:00,False,21.26,21.36,21.16,21.22,0.0,0.0,1.0
2023-03-05 16:00:00+00:00,False,21.23,21.27,21.02,21.22,0.0,0.0,1.0
2023-03-05 20:00:00+00:00,False,21.21,21.32,20.77,20.98,0.0,0.0,1.0
2023-03-06 00:00:00+00:00,False,20.99,21.07,20.65,20.66,0.0,0.0,1.0
2023-03-06 04:00:00+00:00,False,20.66,20.88,20.6,20.74,0.0,0.0,1.0
2023-03-06 08:00:00+00:00,False,20.74,20.78,20.56,20.7,0.0,0.0,1.0
2023-03-06 12:00:00+00:00,False,20.7,21.18,20.7,20.95,0.0,0.0,1.0
2023-03-06 16:00:00+00:00,False,20.95,21.03,20.47,20.51,0.0,0.0,1.0
2023-03-06 20:00:00+00:00,False,20.5,20.74,20.44,20.66,0.0,0.0,1.0
2023-03-07 00:00:00+00:00,False,20.67,20.96,20.66,20.81,0.0,0.0,1.0
2023-03-07 04:00:00+00:00,False,20.82,20.86,20.66,20.71,0.0,0.0,1.0
2023-03-07 08:00:00+00:00,False,20.7,20.73,20.28,20.49,0.0,0.0,1.0
2023-03-07 12:00:00+00:00,False,20.48,20.65,19.93,20.2,0.0,0.0,1.0
2023-03-07 16:00:00+00:00,False,20.19,20.48,19.87,20.11,0.0,0.0,1.0
2023-03-07 20:00:00+00:00,False,20.11,20.38,19.71,20.26,0.0,0.0,1.0
2023-03-08 00:00:00+00:00,False,20.26,20.28,19.8,19.97,0.0,0.0,1.0
2023-03-08 04:00:00+00:00,False,19.96,19.97,19.13,19.36,0.0,0.0,1.0
2023-03-08 08:00:00+00:00,False,19.36,19.53,19.0,19.02,0.0,0.0,1.0
2023-03-08 12:00:00+00:00,False,19.01,19.41,18.64,19.13,0.0,0.0,1.0
2023-03-08 16:00:00+00:00,False,19.12,19.13,18.47,18.89,0.0,0.0,1.0
2023-03-08 20:00:00+00:00,False,18.89,18.96,18.11,18.45,0.0,0.0,1.0
2023-03-09 00:00:00+00:00,False,18.46,18.67,18.37,18.57,0.0,0.0,1.0
2023-03-09 04:00:00+00:00,False,18.57,18.77,18.24,18.37,0.0,0.0,1.0
2023-03-09 08:00:00+00:00,False,18.37,18.61,18.23,18.27,0.0,0.0,1.0
2023-03-09 12:00:00+00:00,False,18.27,18.66,18.02,18.12,0.0,0.0,1.0
2023-03-09 16:00:00+00:00,False,18.11,18.21,16.7,17.1,0.0,0.0,1.0
2023-03-09 20:00:00+00:00,False,17.09,17.37,16.88,17.04,0.0,0.0,1.0
2023-03-10 00:00:00+00:00,False,17.03,17.35,16.79,17.05,0.0,0.0,1.0
2023-03-10 04:00:00+00:00,False,17.05,17.19,16.61,16.81,0.0,0.0,1.0
2023-03-10 08:00:00+00:00,False,16.81,17.01,16.01,16.93,0.0,0.0,1.0
2023-03-10 12:00:00+00:00,False,16.93,17.97,16.89,17.55,0.0,0.0,1.0
2023-03-10 16:00:00+00:00,False,17.56,17.88,17.42,17.67,0.0,0.0,1.0
2023-03-10 20:00:00+00:00,False,17.67,18.43,17.47,18.25,0.0,0.0,1.0
2023-03-11 00:00:00+00:00,False,18.24,19.15,18.06,18.07,0.0,0.0,1.0
2023-03-11 04:00:00+00:00,False,18.05,18.36,17.04,17.56,0.0,0.0,1.0
2023-03-11 08:00:00+00:00,False,17.55,17.85,17.28,17.47,0.0,0.0,1.0
2023-03-11 12:00:00+00:00,False,17.48,17.62,17.15,17.54,0.0,0.0,1.0
2023-03-11 16:00:00+00:00,False,17.55,18.33,17.48,18.07,0.0,0.0,1.0
2023-03-11 20:00:00+00:00,False,18.09,18.36,17.95,18.19,0.0,0.0,1.0
2023-03-12 00:00:00+00:00,False,18.19,18.29,17.94,18.11,0.0,0.0,1.0
2023-03-12 04:00:00+00:00,False,18.1,18.31,17.87,18.03,0.0,0.0,1.0
2023-03-12 08:00:00+00:00,False,18.03,18.41,18.02,18.2,0.0,0.0,1.0
2023-03-12 12:00:00+00:00,False,18.2,18.27,17.96,18.03,0.0,0.0,1.0
2023-03-12 16:00:00+00:00,True,18.02,19.11,18.02,18.72,0.0,0.0,1.0
2023-03-12 20:00:00+00:00,True,18.71,20.67,18.71,20.34,0.0,0.0,1.0
2023-03-13 00:00:00+00:00,True,20.33,20.73,19.49,19.65,0.0,0.0,1.0
2023-03-13 04:00:00+00:00,True,19.64,19.92,19.6,19.84,0.0,0.0,1.0
2023-03-13 08:00:00+00:00,True,19.84,19.84,18.96,19.26,0.0,0.0,1.0
2023-03-13 12:00:00+00:00,True,19.26,21.5,18.89,20.8,0.0,0.0,1.0
2023-03-13 16:00:00+00:00,True,20.81,21.11,20.27,20.56,0.0,0.0,1.0
2023-03-13 20:00:00+00:00,True,20.55,20.66,20.21,20.43,0.0,0.0,1.0
2023-03-14 00:00:00+00:00,True,20.42,20.58,20.24,20.52,0.0,0.0,1.0
2023-03-14 04:00:00+00:00,True,20.52,20.76,20.03,20.04,0.0,0.0,1.0
2023-03-14 08:00:00+00:00,True,20.04,20.32,19.84,20.17,0.0,0.0,1.0
2023-03-14 12:00:00+00:00,True,20.19,22.21,20.14,22.01,0.0,0.0,1.0
2023-03-14 16:00:00+00:00,True,22.01,22.09,20.39,21.04,0.0,0.0,1.0
2023-03-14 20:00:00+00:00,True,21.03,21.09,20.33,20.97,0.0,0.0,1.0
2023-03-15 00:00:00+00:00,True,20.97,21.31,20.66,21.22,0.0,0.0,1.0
2023-03-15 04:00:00+00:00,True,21.22,21.56,21.07,21.3,0.0,0.0,1.0
2023-03-15 08:00:00+00:00,True,21.31,21.33,20.28,20.64,0.0,0.0,1.0
2023-03-15 12:00:00+00:00,True,20.63,21.1,19.01,19.07,0.0,0.0,1.0
2023-03-15 16:00:00+00:00,True,19.08,19.46,18.76,19.12,0.0,0.0,1.0
2023-03-15 20:00:00+00:00,True,19.13,19.57,19.08,19.35,0.0,0.0,1.0
2023-03-16 00:00:00+00:00,True,19.34,19.55,18.95,19.34,0.0,0.0,1.0
2023-03-16 04:00:00+00:00,True,19.34,19.7,19.12,19.52,0.0,0.0,1.0
2023-03-16 08:00:00+00:00,True,19.52,19.89,19.32,19.66,0.0,0.0,1.0
2023-03-16 12:00:00+00:00,True,19.66,19.77,19.08,19.57,0.0,0.0,1.0
2023-03-16 16:00:00+00:00,True,19.58,19.96,19.3,19.77,0.0,0.0,1.0
2023-03-16 20:00:00+00:00,True,19.77,19.83,19.31,19.74,0.0,0.0,1.0
2023-03-17 00:00:00+00:00,True,19.73,20.33,19.47,20.01,0.0,0.0,1.0
2023-03-17 04:00:00+00:00,True,20.0,20.31,19.93,20.12,0.0,0.0,1.0
2023-03-17 08:00:00+00:00,True,20.11,20.78,20.0,20.66,0.0,0.0,1.0
2023-03-17 12:00:00+00:00,True,20.65,20.67,19.84,20.09,0.0,0.0,1.0
2023-03-17 16:00:00+00:00,True,20.08,20.66,19.93,20.55,0.0,0.0,1.0
2023-03-17 20:00:00+00:00,True,20.55,21.87,20.36,21.85,0.0,0.0,1.0
2023-03-18 00:00:00+00:00,True,21.86,22.97,21.31,22.86,0.0,0.0,1.0
2023-03-18 04:00:00+00:00,True,22.85,22.91,22.18,22.23,0.0,0.0,1.0
2023-03-18 08:00:00+00:00,True,22.22,22.57,21.84,22.49,0.0,0.0,1.0
2023-03-18 12:00:00+00:00,True,22.49,22.57,21.52,21.88,0.0,0.0,1.0
2023-03-18 16:00:00+00:00,True,21.88,22.44,21.27,22.04,0.0,0.0,1.0
2023-03-18 20:00:00+00:00,True,22.04,22.25,21.12,21.39,0.0,0.0,1.0
2023-03-19 00:00:00+00:00,True,21.39,21.98,21.32,21.94,0.0,0.0,1.0
2023-03-19 04:00:00+00:00,True,21.94,21.98,21.35,21.63,0.0,0.0,1.0
2023-03-19 08:00:00+00:00,True,21.63,21.83,21.29,21.76,0.0,0.0,1.0
2023-03-19 12:00:00+00:00,True,21.76,22.21,21.52,22.2,0.0,0.0,1.0
2023-03-19 16:00:00+00:00,True,22.2,22.5,22.08,22.32,0.0,0.0,1.0
2023-03-19 20:00:00+00:00,True,22.32,22.35,21.79,21.95,0.0,0.0,1.0
2023-03-20 00:00:00+00:00,True,21.94,23.03,21.43,21.66,0.0,0.0,1.0
2023-03-20 04:00:00+00:00,True,21.67,23.27,21.58,23.25,0.0,0.0,1.0
2023-03-20 08:00:00+00:00,True,23.25,23.65,22.99,23.33,0.0,0.0,1.0
2023-03-20 12:00:00+00:00,True,23.34,23.99,22.98,23.43,0.0,0.0,1.0
2023-03-20 16:00:00+00:00,True,23.41,23.46,21.88,22.39,0.0,0.0,1.0
2023-03-20 20:00:00+00:00,True,22.38,22.86,22.1,22.24,0.0,0.0,1.0
2023-03-21 00:00:00+00:00,True,22.24,22.81,22.08,22.56,0.0,0.0,1.0
2023-03-21 04:00:00+00:00,True,22.55,22.72,21.8,22.09,0.0,0.0,1.0
2023-03-21 08:00:00+00:00,True,22.09,22.59,21.6,22.49,0.0,0.0,1.0
2023-03-21 12:00:00+00:00,True,22.49,23.39,22.43,22.93,0.0,0.0,1.0
2023-03-21 16:00:00+00:00,True,22.93,23.25,22.19,22.63,0.0,0.0,1.0
2023-03-21 20:00:00+00:00,True,22.63,22.75,22.31,22.57,0.0,0.0,1.0
2023-03-22 00:00:00+00:00,True,22.56,22.57,22.09,22.38,0.0,0.0,1.0
2023-03-22 04:00:00+00:00,True,22.39,22.63,22.28,22.3,0.0,0.0,1.0
2023-03-22 08:00:00+00:00,True,22.29,22.75,22.17,22.6,0.0,0.0,1.0
2023-03-22 12:00:00+00:00,True,22.6,23.13,22.4,22.72,0.0,0.0,1.0
2023-03-22 16:00:00+00:00,True,22.7,23.1,21.0,21.27,0.0,0.0,1.0
2023-03-22 20:00:00+00:00,True,21.31,21.93,21.13,21.42,0.0,0.0,1.0
2023-03-23 00:00:00+00:00,True,21.42,21.66,21.15,21.36,0.0,0.0,1.0
2023-03-23 04:00:00+00:00,True,21.34,21.85,21.26,21.81,0.0,0.0,1.0
2023-03-23 08:00:00+00:00,False,21.81,21.88,21.65,21.79,0.0,0.0,0.0
2023-03-23 12:00:00+00:00,False,21.8,22.73,21.43,22.37,0.0,0.0,0.0
2023-03-23 16:00:00+00:00,False,22.38,22.8,21.75,22.07,0.0,0.0,0.0
2023-03-23 20:00:00+00:00,False,22.06,22.3,21.93,22.19,0.0,0.0,0.0
2023-03-24 00:00:00+00:00,False,22.19,22.31,22.03,22.15,0.0,0.0,0.0
2023-03-24 04:00:00+00:00,False,22.16,22.18,21.91,22.04,0.0,0.0,0.0
2023-03-24 08:00:00+00:00,False,22.04,22.04,21.18,21.56,0.0,0.0,0.0
2023-03-24 12:00:00+00:00,False,21.56,21.78,20.98,21.21,0.0,0.0,0.0
2023-03-24 16:00:00+00:00,False,21.22,21.35,20.29,20.8,0.0,0.0,0.0
2023-03-24 20:00:00+00:00,False,20.8,20.83,20.36,20.74,0.0,0.0,0.0
2023-03-25 00:00:00+00:00,False,20.74,20.95,20.65,20.81,0.0,0.0,0.0
2023-03-25 04:00:00+00:00,False,20.81,20.85,20.53,20.64,0.0,0.0,0.0
2023-03-25 08:00:00+00:00,False,20.64,20.73,20.43,20.71,0.0,0.0,0.0
2023-03-25 12:00:00+00:00,False,20.71,20.99,20.58,20.91,0.0,0.0,0.0
2023-03-25 16:00:00+00:00,False,20.91,20.92,20.12,20.19,0.0,0.0,0.0
2023-03-25 20:00:00+00:00,False,20.19,20.47,20.19,20.42,0.0,0.0,0.0
2023-03-26 00:00:00+00:00,False,20.41,20.78,20.31,20.69,0.0,0.0,0.0
2023-03-26 04:00:00+00:00,False,20.69,20.9,20.65,20.75,0.0,0.0,0.0
2023-03-26 08:00:00+00:00,False,20.75,20.97,20.72,20.89,0.0,0.0,0.0
2023-03-26 12:00:00+00:00,False,20.9,21.16,20.77,20.84,0.0,0.0,0.0
2023-03-26 16:00:00+00:00,False,20.86,21.03,20.66,20.95,0.0,0.0,0.0
2023-03-26 20:00:00+00:00,False,20.96,21.11,20.78,20.97,0.0,0.0,0.0
2023-03-27 00:00:00+00:00,False,20.97,21.01,20.59,20.74,0.0,0.0,0.0
2023-03-27 04:00:00+00:00,False,20.74,20.76,20.37,20.39,0.0,0.0,0.0
2023-03-27 08:00:00+00:00,False,20.39,20.68,20.38,20.61,0.0,0.0,0.0
2023-03-27 12:00:00+00:00,False,20.61,20.74,19.35,19.87,0.0,0.0,0.0
2023-03-27 16:00:00+00:00,False,19.87,19.99,19.61,19.71,0.0,0.0,0.0
2023-03-27 20:00:00+00:00,False,19.71,19.96,19.6,19.88,0.0,0.0,0.0
2023-03-28 00:00:00+00:00,False,19.89,20.0,19.62,19.75,0.0,0.0,0.0
2023-03-28 04:00:00+00:00,False,19.75,20.09,19.72,19.89,0.0,0.0,0.0
2023-03-28 08:00:00+00:00,False,19.9,20.21,19.62,20.16,0.0,0.0,0.0
2023-03-28 12:00:00+00:00,False,20.15,20.41,19.82,20.22,0.0,0.0,0.0
2023-03-28 16:00:00+00:00,False,20.2,20.88,20.05,20.68,0.0,0.0,0.0
2023-03-28 20:00:00+00:00,False,20.68,20.72,20.24,20.48,0.0,0.0,0.0
2023-03-29 00:00:00+00:00,False,20.48,20.87,20.43,20.64,0.0,0.0,0.0
2023-03-29 04:00:00+00:00,False,20.65,21.28,20.63,21.21,0.0,0.0,0.0
2023-03-29 08:00:00+00:00,False,21.21,21.56,21.11,21.22,0.0,0.0,0.0
2023-03-29 12:00:00+00:00,False,21.2,21.38,20.95,21.19,0.0,0.0,0.0
2023-03-29 16:00:00+00:00,False,21.2,21.22,20.96,21.18,0.0,0.0,0.0
2023-03-29 20:00:00+00:00,False,21.17,21.33,20.93,21.05,0.0,0.0,0.0
2023-03-30 00:00:00+00:00,True,21.04,21.68,20.61,21.07,0.0,1.0,0.0
2023-03-30 04:00:00+00:00,True,21.06,21.24,20.85,21.04,0.0,1.0,0.0
2023-03-30 08:00:00+00:00,True,21.04,21.05,20.53,20.61,0.0,1.0,0.0
2023-03-30 12:00:00+00:00,True,20.6,20.71,20.43,20.44,0.0,1.0,0.0
2023-03-30 16:00:00+00:00,True,20.43,20.53,20.16,20.47,0.0,1.0,0.0
2023-03-30 20:00:00+00:00,True,20.46,20.74,20.38,20.56,0.0,1.0,0.0
2023-03-31 00:00:00+00:00,True,20.55,20.75,20.44,20.54,0.0,1.0,0.0
2023-03-31 04:00:00+00:00,False,20.54,20.62,20.04,20.37,0.0,1.0,0.0
2023-03-31 08:00:00+00:00,False,20.36,20.43,20.23,20.34,0.0,1.0,0.0
2023-03-31 12:00:00+00:00,False,20.34,21.0,20.22,20.91,0.0,1.0,0.0
2023-03-31 16:00:00+00:00,False,20.9,21.03,20.69,20.99,0.0,1.0,0.0
2023-03-31 20:00:00+00:00,True,20.99,21.49,20.84,21.2,0.0,1.0,0.0
2023-04-01 00:00:00+00:00,True,21.2,21.34,20.92,21.06,0.0,1.0,0.0
2023-04-01 04:00:00+00:00,True,21.06,21.29,20.85,20.99,0.0,1.0,0.0
2023-04-01 08:00:00+00:00,True,21.01,21.13,20.94,21.03,0.0,1.0,0.0
2023-04-01 12:00:00+00:00,True,21.03,21.1,20.88,20.93,0.0,1.0,0.0
2023-04-01 16:00:00+00:00,True,20.93,21.06,20.76,21.06,0.0,1.0,0.0
2023-04-01 20:00:00+00:00,True,21.04,21.24,20.98,21.11,0.0,1.0,0.0
2023-04-02 00:00:00+00:00,True,21.1,21.16,20.89,21.03,0.0,1.0,0.0
2023-04-02 04:00:00+00:00,True,21.04,21.31,20.93,21.19,0.0,1.0,0.0
2023-04-02 08:00:00+00:00,True,21.18,21.21,20.95,20.95,0.0,1.0,0.0
2023-04-02 12:00:00+00:00,True,20.95,21.0,20.46,20.54,0.0,1.0,0.0
2023-04-02 16:00:00+00:00,True,20.54,20.69,20.24,20.39,0.0,1.0,0.0
2023-04-02 20:00:00+00:00,True,20.4,20.59,20.28,20.48,0.0,1.0,0.0
2023-04-03 00:00:00+00:00,True,20.48,20.56,19.97,20.05,0.0,1.0,0.0
2023-04-03 04:00:00+00:00,False,20.05,20.36,19.99,20.35,0.0,1.0,1.0
2023-04-03 08:00:00+00:00,False,20.35,20.58,20.33,20.36,0.0,1.0,1.0
2023-04-03 12:00:00+00:00,False,20.37,20.61,20.08,20.31,0.0,1.0,1.0
2023-04-03 16:00:00+00:00,False,20.31,21.01,20.16,20.87,0.0,1.0,1.0
2023-04-03 20:00:00+00:00,False,20.88,20.88,20.06,20.43,0.0,1.0,1.0
2023-04-04 00:00:00+00:00,False,20.43,20.58,20.3,20.46,0.0,1.0,1.0
2023-04-04 04:00:00+00:00,False,20.47,20.65,20.33,20.52,0.0,1.0,1.0
2023-04-04 08:00:00+00:00,False,20.52,21.11,20.48,21.06,0.0,1.0,1.0
2023-04-04 12:00:00+00:00,False,21.05,21.27,20.69,20.85,0.0,1.0,1.0
2023-04-04 16:00:00+00:00,False,20.84,21.03,20.76,20.97,0.0,1.0,1.0
2023-04-04 20:00:00+00:00,True,20.97,21.09,20.83,20.92,0.0,0.0,1.0
2023-04-05 00:00:00+00:00,True,20.92,21.35,20.84,21.14,0.0,0.0,1.0
2023-04-05 04:00:00+00:00,True,21.13,21.31,21.12,21.19,0.0,0.0,1.0
2023-04-05 08:00:00+00:00,True,21.18,21.27,21.09,21.23,0.0,0.0,1.0
2023-04-05 12:00:00+00:00,True,21.24,21.25,20.57,20.85,0.0,0.0,1.0
2023-04-05 16:00:00+00:00,True,20.85,20.98,20.65,20.92,0.0,0.0,1.0
2023-04-05 20:00:00+00:00,True,20.92,21.04,20.82,20.98,0.0,0.0,1.0
2023-04-06 00:00:00+00:00,True,20.98,20.98,20.54,20.81,0.0,0.0,1.0
2023-04-06 04:00:00+00:00,True,20.81,20.83,20.59,20.66,0.0,0.0,1.0
2023-04-06 08:00:00+00:00,True,20.67,20.77,20.47,20.66,0.0,0.0,1.0
2023-04-06 12:00:00+00:00,True,20.66,20.83,20.45,20.81,0.0,0.0,1.0
2023-04-06 16:00:00+00:00,True,20.81,20.86,20.62,20.77,0.0,0.0,1.0
2023-04-06 20:00:00+00:00,True,20.77,20.79,20.53,20.62,0.0,0.0,1.0
2023-04-07 00:00:00+00:00,True,20.62,20.78,20.42,20.54,0.0,0.0,1.0
2023-04-07 04:00:00+00:00,True,20.53,20.56,20.24,20.3,0.0,0.0,1.0
2023-04-07 08:00:00+00:00,False,20.31,20.45,20.25,20.33,0.0,0.0,1.0
2023-04-07 12:00:00+00:00,False,20.33,20.66,20.31,20.53,0.0,0.0,1.0
2023-04-07 16:00:00+00:00,False,20.54,20.59,20.42,20.5,0.0,0.0,1.0
2023-04-07 20:00:00+00:00,False,20.5,20.54,20.37,20.44,0.0,0.0,1.0
2023-04-08 00:00:00+00:00,False,20.45,20.5,20.3,20.5,0.0,0.0,1.0
2023-04-08 04:00:00+00:00,False,20.5,20.74,20.45,20.61,0.0,0.0,1.0
2023-04-08 08:00:00+00:00,False,20.61,20.66,20.53,20.55,0.0,0.0,1.0
2023-04-08 12:00:00+00:00,False,20.56,20.59,20.35,20.45,0.0,0.0,1.0
2023-04-08 16:00:00+00:00,False,20.45,20.47,20.07,20.19,0.0,0.0,1.0
2023-04-08 20:00:00+00:00,False,20.19,20.23,19.87,20.06,0.0,0.0,1.0
2023-04-09 00:00:00+00:00,False,20.06,20.25,20.05,20.11,0.0,0.0,1.0
2023-04-09 04:00:00+00:00,False,20.12,20.25,19.89,20.05,0.0,0.0,1.0
2023-04-09 08:00:00+00:00,False,20.05,20.22,19.98,20.19,0.0,0.0,1.0
2023-04-09 12:00:00+00:00,False,20.19,20.33,20.03,20.13,0.0,0.0,1.0
2023-04-09 16:00:00+00:00,False,20.14,20.4,20.07,20.27,0.0,0.0,1.0
2023-04-09 20:00:00+00:00,False,20.28,20.45,20.22,20.31,0.0,0.0,1.0
2023-04-10 00:00:00+00:00,False,20.32,20.36,20.15,20.27,0.0,0.0,1.0
2023-04-10 04:00:00+00:00,False,20.27,20.34,20.19,20.25,0.0,0.0,1.0
2023-04-10 08:00:00+00:00,False,20.26,20.38,20.23,20.28,0.0,0.0,1.0
2023-04-10 12:00:00+00:00,False,20.28,20.31,20.08,20.24,0.0,0.0,1.0
2023-04-10 16:00:00+00:00,False,20.24,20.77,20.17,20.74,0.0,0.0,1.0
2023-04-10 20:00:00+00:00,False,20.73,20.97,20.56,20.88,0.0,0.0,1.0
2023-04-11 00:00:00+00:00,True,20.89,21.32,20.83,21.26,0.0,0.0,1.0
2023-04-11 04:00:00+00:00,True,21.26,22.72,21.24,22.55,0.0,0.0,1.0
2023-04-11 08:00:00+00:00,True,22.55,22.63,22.23,22.26,0.0,0.0,1.0
2023-04-11 12:00:00+00:00,True,22.27,23.56,22.15,23.25,0.0,0.0,1.0
2023-04-11 16:00:00+00:00,True,23.25,23.74,23.09,23.3,0.0,0.0,1.0
2023-04-11 20:00:00+00:00,True,23.31,23.5,22.87,23.26,0.0,0.0,1.0
2023-04-12 00:00:00+00:00,True,23.26,23.57,22.34,22.63,0.0,0.0,1.0
2023-04-12 04:00:00+00:00,True,22.63,24.05,22.57,23.83,0.0,0.0,1.0
2023-04-12 08:00:00+00:00,True,23.82,23.92,23.29,23.49,0.0,0.0,1.0
2023-04-12 12:00:00+00:00,True,23.49,24.49,23.3,23.61,0.0,0.0,1.0
2023-04-12 16:00:00+00:00,True,23.61,24.48,23.56,23.99,0.0,0.0,1.0
2023-04-12 20:00:00+00:00,True,23.98,24.19,23.64,23.95,0.0,0.0,1.0
2023-04-13 00:00:00+00:00,True,23.95,24.13,23.67,23.99,0.0,0.0,1.0
2023-04-13 04:00:00+00:00,True,23.97,24.31,23.9,24.07,0.0,0.0,1.0
2023-04-13 08:00:00+00:00,True,24.08,24.56,23.93,24.38,0.0,0.0,1.0
2023-04-13 12:00:00+00:00,True,24.38,25.29,24.3,24.66,0.0,0.0,1.0
2023-04-13 16:00:00+00:00,True,24.66,24.93,24.41,24.75,0.0,0.0,1.0
2023-04-13 20:00:00+00:00,True,24.75,24.82,24.34,24.41,0.0,0.0,1.0
2023-04-14 00:00:00+00:00,True,24.41,25.37,24.24,25.18,0.0,0.0,1.0
2023-04-14 04:00:00+00:00,True,25.17,25.53,24.88,24.99,0.0,0.0,1.0
2023-04-14 08:00:00+00:00,True,25.0,25.16,24.83,24.98,0.0,0.0,1.0
2023-04-14 12:00:00+00:00,True,24.98,25.13,23.76,23.9,0.0,0.0,1.0
2023-04-14 16:00:00+00:00,True,23.89,24.75,23.76,24.6,0.0,0.0,1.0
2023-04-14 20:00:00+00:00,True,24.61,25.0,24.45,24.59,0.0,0.0,1.0
2023-04-15 00:00:00+00:00,True,24.58,24.81,24.16,24.27,0.0,0.0,1.0
2023-04-15 04:00:00+00:00,True,24.27,24.52,24.03,24.44,0.0,0.0,1.0
2023-04-15 08:00:00+00:00,True,24.44,24.54,24.24,24.3,0.0,0.0,1.0
2023-04-15 12:00:00+00:00,True,24.31,24.55,24.18,24.37,0.0,0.0,1.0
2023-04-15 16:00:00+00:00,True,24.37,24.43,23.87,24.03,0.0,0.0,1.0
2023-04-15 20:00:00+00:00,True,24.02,24.18,23.83,24.06,0.0,0.0,1.0
2023-04-16 00:00:00+00:00,True,24.07,24.52,23.85,24.37,0.0,0.0,1.0
2023-04-16 04:00:00+00:00,True,24.37,24.47,24.21,24.26,0.0,0.0,1.0
2023-04-16 08:00:00+00:00,True,24.25,24.37,24.02,24.11,0.0,0.0,1.0
2023-04-16 12:00:00+00:00,True,24.13,24.38,24.01,24.29,0.0,0.0,1.0
2023-04-16 16:00:00+00:00,True,24.29,24.85,24.21,24.38,0.0,0.0,1.0
2023-04-16 20:00:00+00:00,True,24.39,25.5,24.37,25.49,0.0,0.0,1.0
2023-04-17 00:00:00+00:00,True,25.49,26.03,24.81,25.92,0.0,0.0,1.0
2023-04-17 04:00:00+00:00,True,25.93,25.99,25.1,25.19,0.0,0.0,1.0
2023-04-17 08:00:00+00:00,True,25.18,25.4,24.7,24.98,0.0,0.0,1.0
2023-04-17 12:00:00+00:00,True,24.98,25.48,24.32,24.6,0.0,0.0,1.0
2023-04-17 16:00:00+00:00,True,24.6,24.91,24.35,24.75,0.0,0.0,1.0
2023-04-17 20:00:00+00:00,True,24.75,24.82,24.49,24.56,0.0,0.0,1.0
2023-04-18 00:00:00+00:00,True,24.55,24.7,23.99,24.42,0.0,0.0,1.0
2023-04-18 04:00:00+00:00,True,24.41,25.17,24.37,25.07,0.0,0.0,1.0
2023-04-18 08:00:00+00:00,True,25.06,25.45,24.87,25.31,0.0,0.0,1.0
2023-04-18 12:00:00+00:00,True,25.3,25.36,24.83,24.91,0.0,0.0,1.0
2023-04-18 16:00:00+00:00,True,24.91,25.02,24.44,24.62,0.0,0.0,1.0
2023-04-18 20:00:00+00:00,False,24.62,24.92,24.59,24.76,0.0,0.0,1.0
2023-04-19 00:00:00+00:00,False,24.76,24.99,24.54,24.55,0.0,0.0,1.0
2023-04-19 04:00:00+00:00,False,24.54,24.78,24.18,24.27,0.0,0.0,1.0
2023-04-19 08:00:00+00:00,False,24.28,24.31,22.0,23.13,0.0,0.0,1.0
2023-04-19 12:00:00+00:00,False,23.13,23.58,22.94,23.34,0.0,0.0,1.0
2023-04-19 16:00:00+00:00,False,23.33,23.5,22.88,22.95,0.0,0.0,1.0
2023-04-19 20:00:00+00:00,False,22.95,23.17,22.14,22.71,0.0,0.0,1.0
2023-04-20 00:00:00+00:00,False,22.71,23.1,22.38,22.92,0.0,0.0,1.0
2023-04-20 04:00:00+00:00,False,22.9,23.09,22.57,22.59,0.0,0.0,1.0
2023-04-20 08:00:00+00:00,False,22.59,22.88,22.22,22.43,0.0,0.0,1.0
2023-04-20 12:00:00+00:00,False,22.43,23.18,21.7,21.91,0.0,0.0,1.0
2023-04-20 16:00:00+00:00,False,21.87,22.45,21.55,21.85,0.0,0.0,1.0
2023-04-20 20:00:00+00:00,False,21.85,22.31,21.69,22.2,0.0,0.0,1.0
2023-04-21 00:00:00+00:00,False,22.2,22.41,21.99,22.3,0.0,0.0,1.0
2023-04-21 04:00:00+00:00,False,22.3,22.4,21.82,22.3,0.0,0.0,1.0
2023-04-21 08:00:00+00:00,False,22.31,22.31,21.92,21.98,0.0,0.0,1.0
2023-04-21 12:00:00+00:00,False,21.98,22.3,21.79,21.86,0.0,0.0,1.0
2023-04-21 16:00:00+00:00,False,21.86,21.92,21.02,21.07,0.0,0.0,1.0
2023-04-21 20:00:00+00:00,False,21.08,21.44,20.98,21.24,0.0,0.0,1.0
2023-04-22 00:00:00+00:00,False,21.24,21.4,21.05,21.37,0.0,0.0,1.0
2023-04-22 04:00:00+00:00,False,21.37,21.51,21.23,21.3,0.0,0.0,1.0
2023-04-22 08:00:00+00:00,False,21.29,21.4,21.21,21.39,0.0,0.0,1.0
2023-04-22 12:00:00+00:00,False,21.38,21.75,21.37,21.72,0.0,0.0,1.0
2023-04-22 16:00:00+00:00,False,21.73,21.96,21.63,21.81,0.0,0.0,1.0
2023-04-22 20:00:00+00:00,False,21.81,22.01,21.69,21.8,0.0,0.0,1.0
2023-04-23 00:00:00+00:00,False,21.79,21.8,21.46,21.72,0.0,0.0,1.0
2023-04-23 04:00:00+00:00,False,21.7,22.14,21.7,22.05,0.0,0.0,1.0
2023-04-23 08:00:00+00:00,False,22.05,22.22,21.93,22.13,0.0,0.0,1.0
2023-04-23 12:00:00+00:00,False,22.12,22.26,21.49,21.61,0.0,0.0,1.0
2023-04-23 16:00:00+00:00,False,21.6,21.7,20.95,21.11,0.0,0.0,1.0
2023-04-23 20:00:00+00:00,False,21.12,21.55,21.11,21.45,0.0,0.0,1.0
2023-04-24 00:00:00+00:00,False,21.45,22.02,21.25,21.7,0.0,0.0,1.0
2023-04-24 04:00:00+00:00,False,21.69,21.79,21.17,21.31,0.0,0.0,1.0
2023-04-24 08:00:00+00:00,False,21.32,21.79,21.14,21.68,0.0,0.0,1.0
2023-04-24 12:00:00+00:00,False,21.69,21.99,21.29,21.41,0.0,0.0,1.0
2023-04-24 16:00:00+00:00,False,21.4,21.55,21.0,21.28,0.0,0.0,1.0
2023-04-24 20:00:00+00:00,False,21.27,21.48,21.26,21.4,0.0,0.0,1.0
2023-04-25 00:00:00+00:00,False,21.4,21.47,20.81,20.92,0.0,0.0,1.0
2023-04-25 04:00:00+00:00,False,20.93,21.16,20.85,20.86,0.0,0.0,1.0
2023-04-25 08:00:00+00:00,False,20.86,21.05,20.74,20.99,0.0,0.0,1.0
2023-04-25 12:00:00+00:00,False,20.99,21.16,20.77,20.78,0.0,0.0,1.0
2023-04-25 16:00:00+00:00,False,20.77,21.3,20.77,21.28,0.0,0.0,1.0
2023-04-25 20:00:00+00:00,False,21.28,21.98,21.28,21.86,0.0,0.0,1.0
2023-04-26 00:00:00+00:00,False,21.86,22.1,21.75,21.86,0.0,0.0,1.0
2023-04-26 04:00:00+00:00,False,21.85,22.18,21.82,21.96,0.0,0.0,1.0
2023-04-26 08:00:00+00:00,False,21.96,22.64,21.93,22.49,0.0,0.0,1.0
2023-04-26 12:00:00+00:00,False,22.48,22.97,22.46,22.75,0.0,0.0,1.0
2023-04-26 16:00:00+00:00,False,22.75,22.85,20.36,20.58,0.0,0.0,1.0
2023-04-26 20:00:00+00:00,False,20.56,21.54,20.56,21.2,0.0,0.0,1.0
2023-04-27 00:00:00+00:00,False,21.18,22.09,21.18,21.62,0.0,0.0,1.0
2023-04-27 04:00:00+00:00,False,21.63,22.02,21.52,21.63,0.0,0.0,1.0
2023-04-27 08:00:00+00:00,False,21.63,21.78,21.53,21.68,0.0,0.0,1.0
2023-04-27 12:00:00+00:00,True,21.66,22.46,21.33,22.34,0.0,1.0,1.0
2023-04-27 16:00:00+00:00,True,22.34,22.52,22.02,22.46,0.0,1.0,1.0
2023-04-27 20:00:00+00:00,True,22.46,22.59,22.13,22.35,0.0,1.0,1.0
2023-04-28 00:00:00+00:00,True,22.36,22.68,22.19,22.33,0.0,1.0,1.0
2023-04-28 04:00:00+00:00,True,22.32,22.65,22.32,22.57,0.0,1.0,1.0
2023-04-28 08:00:00+00:00,True,22.58,22.87,22.35,22.53,0.0,1.0,1.0
2023-04-28 12:00:00+00:00,True,22.51,22.76,22.18,22.65,0.0,1.0,1.0
2023-04-28 16:00:00+00:00,True,22.66,23.5,22.55,23.27,0.0,1.0,1.0
2023-04-28 20:00:00+00:00,True,23.26,23.52,23.14,23.35,0.0,1.0,1.0
2023-04-29 00:00:00+00:00,True,23.35,23.51,23.21,23.38,0.0,1.0,1.0
2023-04-29 04:00:00+00:00,True,23.36,23.42,23.16,23.27,0.0,1.0,1.0
2023-04-29 08:00:00+00:00,True,23.26,23.37,23.19,23.29,0.0,1.0,1.0
2023-04-29 12:00:00+00:00,True,23.29,23.9,23.23,23.4,0.0,1.0,1.0
2023-04-29 16:00:00+00:00,True,23.4,23.42,22.93,23.3,0.0,1.0,1.0
2023-04-29 20:00:00+00:00,True,23.29,23.31,22.93,23.17,0.0,1.0,1.0
2023-04-30 00:00:00+00:00,True,23.17,23.22,22.99,23.19,0.0,1.0,1.0
2023-04-30 04:00:00+00:00,True,23.21,23.5,23.08,23.47,0.0,1.0,1.0
2023-04-30 08:00:00+00:00,True,23.48,23.75,23.46,23.47,0.0,1.0,1.0
2023-04-30 12:00:00+00:00,True,23.48,24.0,23.34,23.83,0.0,1.0,1.0
2023-04-30 16:00:00+00:00,True,23.84,23.85,23.04,23.11,0.0,1.0,1.0
2023-04-30 20:00:00+00:00,True,23.08,23.17,22.68,22.8,0.0,1.0,1.0
2023-05-01 00:00:00+00:00,True,22.8,22.88,21.93,22.14,0.0,1.0,1.0
2023-05-01 04:00:00+00:00,True,22.13,22.38,22.02,22.29,0.0,1.0,1.0
2023-05-01 08:00:00+00:00,True,22.28,22.37,22.14,22.17,0.0,1.0,1.0
2023-05-01 12:00:00+00:00,True,22.16,22.32,21.75,21.93,0.0,1.0,1.0
2023-05-01 16:00:00+00:00,True,21.92,21.99,21.54,21.8,0.0,1.0,1.0
2023-05-01 20:00:00+00:00,True,21.8,22.09,21.6,21.89,0.0,1.0,1.0
2023-05-02 00:00:00+00:00,False,21.88,22.03,21.76,21.86,0.0,1.0,0.0
2023-05-02 04:00:00+00:00,False,21.85,22.01,21.75,21.91,0.0,1.0,0.0
2023-05-02 08:00:00+00:00,False,21.91,22.01,21.79,21.97,0.0,1.0,0.0
2023-05-02 12:00:00+00:00,False,21.97,22.32,21.76,22.23,0.0,1.0,0.0
2023-05-02 16:00:00+00:00,False,22.23,22.39,22.11,22.3,0.0,1.0,0.0
2023-05-02 20:00:00+00:00,False,22.31,22.36,22.14,22.24,0.0,1.0,0.0
2023-05-03 00:00:00+00:00,False,22.25,22.28,21.76,21.83,0.0,1.0,0.0
2023-05-03 04:00:00+00:00,False,21.83,22.02,21.65,21.72,0.0,1.0,0.0
2023-05-03 08:00:00+00:00,False,21.71,21.85,21.35,21.46,0.0,1.0,0.0
2023-05-03 12:00:00+00:00,False,21.47,21.5,21.24,21.32,0.0,1.0,0.0
2023-05-03 16:00:00+00:00,False,21.32,21.72,21.27,21.47,0.0,1.0,0.0
2023-05-03 20:00:00+00:00,False,21.48,22.37,21.48,22.31,0.0,1.0,0.0
2023-05-04 00:00:00+00:00,False,22.31,22.5,22.14,22.27,0.0,1.0,0.0
2023-05-04 04:00:00+00:00,False,22.26,22.36,22.1,22.16,0.0,1.0,0.0
2023-05-04 08:00:00+00:00,False,22.16,22.45,22.09,22.3,0.0,1.0,0.0
2023-05-04 12:00:00+00:00,False,22.29,22.34,21.72,21.75,0.0,1.0,0.0
2023-05-04 16:00:00+00:00,False,21.74,21.93,21.62,21.72,0.0,1.0,0.0
2023-05-04 20:00:00+00:00,False,21.7,21.81,21.63,21.72,0.0,1.0,0.0
2023-05-05 00:00:00+00:00,False,21.72,22.13,21.68,21.9,0.0,1.0,0.0
2023-05-05 04:00:00+00:00,False,21.9,22.03,21.67,21.81,0.0,1.0,0.0
2023-05-05 08:00:00+00:00,False,21.81,22.08,21.78,22.05,0.0,1.0,0.0
2023-05-05 12:00:00+00:00,False,22.04,22.54,21.6,22.49,0.0,1.0,0.0
2023-05-05 16:00:00+00:00,False,22.5,22.98,22.41,22.95,0.0,1.0,0.0
2023-05-05 20:00:00+00:00,True,22.94,23.08,22.79,22.85,0.0,1.0,0.0
2023-05-06 00:00:00+00:00,True,22.84,23.3,22.68,22.76,0.0,1.0,0.0
2023-05-06 04:00:00+00:00,True,22.76,22.83,22.47,22.53,0.0,1.0,0.0
2023-05-06 08:00:00+00:00,True,22.52,22.71,22.5,22.67,0.0,1.0,0.0
2023-05-06 12:00:00+00:00,True,22.66,22.73,21.6,21.81,0.0,1.0,0.0
2023-05-06 16:00:00+00:00,True,21.81,22.21,21.78,21.98,0.0,1.0,0.0
2023-05-06 20:00:00+00:00,True,21.99,22.06,21.88,21.95,0.0,1.0,0.0
2023-05-07 00:00:00+00:00,True,21.95,22.07,21.76,21.94,0.0,1.0,0.0
2023-05-07 04:00:00+00:00,True,21.95,22.13,21.92,22.11,0.0,1.0,0.0
2023-05-07 08:00:00+00:00,True,22.12,22.27,21.97,22.15,0.0,1.0,0.0
2023-05-07 12:00:00+00:00,True,22.15,22.62,22.14,22.61,0.0,1.0,0.0
2023-05-07 16:00:00+00:00,True,22.62,22.8,22.41,22.5,0.0,1.0,0.0
2023-05-07 20:00:00+00:00,True,22.51,22.6,21.51,21.7,0.0,1.0,0.0
2023-05-08 00:00:00+00:00,True,21.69,21.84,20.77,21.4,0.0,1.0,0.0
2023-05-08 04:00:00+00:00,False,21.38,21.47,20.96,21.21,0.0,1.0,0.0
2023-05-08 08:00:00+00:00,False,21.2,21.35,21.07,21.29,0.0,1.0,0.0
2023-05-08 12:00:00+00:00,False,21.28,21.42,21.09,21.13,0.0,1.0,0.0
2023-05-08 16:00:00+00:00,False,21.12,21.2,19.99,20.47,0.0,1.0,0.0
2023-05-08 20:00:00+00:00,False,20.47,20.77,20.34,20.64,0.0,1.0,0.0
2023-05-09 00:00:00+00:00,False,20.64,20.82,20.52,20.64,0.0,1.0,0.0
2023-05-09 04:00:00+00:00,False,20.63,20.73,20.43,20.63,0.0,1.0,0.0
2023-05-09 08:00:00+00:00,False,20.65,20.89,20.53,20.81,0.0,1.0,0.0
2023-05-09 12:00:00+00:00,False,20.82,21.02,20.48,20.49,0.0,1.0,0.0
2023-05-09 16:00:00+00:00,False,20.47,20.85,20.42,20.68,0.0,1.0,0.0
2023-05-09 20:00:00+00:00,False,20.67,20.72,20.42,20.65,0.0,1.0,0.0
2023-05-10 00:00:00+00:00,False,20.64,20.9,20.62,20.74,0.0,1.0,0.0
2023-05-10 04:00:00+00:00,False,20.73,20.84,20.54,20.54,0.0,1.0,0.0
2023-05-10 08:00:00+00:00,False,20.53,20.77,20.5,20.74,0.0,1.0,0.0
2023-05-10 12:00:00+00:00,False,20.75,21.33,20.66,21.12,0.0,1.0,0.0
2023-05-10 16:00:00+00:00,False,21.12,21.21,19.89,21.01,0.0,1.0,0.0
2023-05-10 20:00:00+00:00,False,21.0,21.3,20.87,20.92,0.0,1.0,0.0
2023-05-11 00:00:00+00:00,False,20.91,20.91,20.54,20.63,0.0,1.0,0.0
2023-05-11 04:00:00+00:00,False,20.63,20.71,20.33,20.47,0.0,1.0,0.0
2023-05-11 08:00:00+00:00,False,20.48,20.66,20.45,20.54,0.0,1.0,0.0
2023-05-11 12:00:00+00:00,False,20.54,20.77,19.92,20.11,0.0,1.0,0.0
2023-05-11 16:00:00+00:00,False,20.12,20.22,19.8,20.01,0.0,1.0,0.0
2023-05-11 20:00:00+00:00,False,20.01,20.32,19.98,20.16,0.0,1.0,0.0
2023-05-12 00:00:00+00:00,False,20.16,20.29,19.84,20.02,0.0,1.0,0.0
2023-05-12 04:00:00+00:00,False,20.02,20.22,19.81,20.14,0.0,1.0,0.0
2023-05-12 08:00:00+00:00,False,20.13,20.38,20.06,20.3,0.0,1.0,0.0
2023-05-12 12:00:00+00:00,False,20.3,20.75,20.23,20.26,0.0,1.0,0.0
2023-05-12 16:00:00+00:00,False,20.26,20.55,19.92,20.53,0.0,1.0,0.0
2023-05-12 20:00:00+00:00,False,20.51,21.01,20.44,20.98,0.0,1.0,0.0
2023-05-13 00:00:00+00:00,False,20.97,21.26,20.81,21.25,0.0,1.0,0.0
2023-05-13 04:00:00+00:00,False,21.25,21.28,20.99,21.22,0.0,1.0,0.0
2023-05-13 08:00:00+00:00,False,21.22,21.29,21.03,21.06,0.0,1.0,0.0
2023-05-13 12:00:00+00:00,True,21.07,21.15,20.79,20.88,0.0,0.0,0.0
2023-05-13 16:00:00+00:00,True,20.88,21.13,20.8,20.98,0.0,0.0,0.0
2023-05-13 20:00:00+00:00,True,20.98,21.04,20.81,20.84,0.0,0.0,0.0
2023-05-14 00:00:00+00:00,True,20.83,21.0,20.63,20.93,0.0,0.0,0.0
2023-05-14 04:00:00+00:00,True,20.94,21.2,20.92,21.08,0.0,0.0,0.0
2023-05-14 08:00:00+00:00,True,21.07,21.13,20.94,20.95,0.0,0.0,0.0
2023-05-14 12:00:00+00:00,True,20.95,21.29,20.86,21.18,0.0,0.0,0.0
2023-05-14 16:00:00+00:00,True,21.18,21.21,20.87,20.89,0.0,0.0,0.0
2023-05-14 20:00:00+00:00,True,20.9,21.01,20.84,20.95,0.0,0.0,0.0
2023-05-15 00:00:00+00:00,True,20.95,21.3,20.61,21.2,0.0,0.0,0.0
2023-05-15 04:00:00+00:00,True,21.2,21.51,21.11,21.44,0.0,0.0,0.0
2023-05-15 08:00:00+00:00,True,21.44,21.53,21.28,21.34,0.0,0.0,0.0
2023-05-15 12:00:00+00:00,True,21.34,21.46,21.19,21.39,0.0,0.0,0.0
2023-05-15 16:00:00+00:00,True,21.38,21.49,21.12,21.16,0.0,0.0,0.0
2023-05-15 20:00:00+00:00,True,21.16,21.16,20.94,21.03,0.0,0.0,0.0
2023-05-16 00:00:00+00:00,True,21.03,21.14,20.68,20.87,0.0,0.0,0.0
2023-05-16 04:00:00+00:00,True,20.87,21.07,20.77,21.0,0.0,0.0,0.0
2023-05-16 08:00:00+00:00,True,20.99,21.1,20.81,20.89,0.0,0.0,0.0
2023-05-16 12:00:00+00:00,True,20.88,20.9,20.65,20.78,0.0,0.0,0.0
2023-05-16 16:00:00+00:00,True,20.78,20.81,20.45,20.47,0.0,0.0,0.0
2023-05-16 20:00:00+00:00,True,20.47,20.73,20.44,20.6,0.0,0.0,0.0
2023-05-17 00:00:00+00:00,True,20.6,21.08,20.59,20.97,0.0,0.0,0.0
2023-05-17 04:00:00+00:00,True,20.97,21.01,20.51,20.53,0.0,0.0,0.0
2023-05-17 08:00:00+00:00,True,20.53,20.69,20.47,20.55,0.0,0.0,0.0
2023-05-17 12:00:00+00:00,True,20.54,20.73,20.43,20.54,0.0,0.0,0.0
2023-05-17 16:00:00+00:00,True,20.55,21.15,20.54,21.07,0.0,0.0,0.0
2023-05-17 20:00:00+00:00,True,21.07,21.21,20.94,21.04,0.0,0.0,0.0
2023-05-18 00:00:00+00:00,True,21.04,21.09,20.88,20.99,0.0,0.0,0.0
2023-05-18 04:00:00+00:00,True,21.0,21.0,20.74,20.89,0.0,0.0,0.0
2023-05-18 08:00:00+00:00,True,20.9,20.94,20.74,20.76,0.0,0.0,0.0
2023-05-18 12:00:00+00:00,True,20.78,20.83,20.47,20.56,0.0,0.0,0.0
2023-05-18 16:00:00+00:00,True,20.56,20.6,20.08,20.34,0.0,0.0,0.0
2023-05-18 20:00:00+00:00,True,20.33,20.52,20.28,20.34,0.0,0.0,0.0
2023-05-19 00:00:00+00:00,True,20.34,20.42,20.28,20.35,0.0,0.0,0.0
2023-05-19 04:00:00+00:00,False,20.35,20.48,20.3,20.48,0.0,0.0,0.0
2023-05-19 08:00:00+00:00,False,20.48,20.52,20.37,20.47,0.0,0.0,0.0
2023-05-19 12:00:00+00:00,False,20.47,20.58,20.21,20.43,0.0,0.0,0.0
2023-05-19 16:00:00+00:00,False,20.43,20.51,20.32,20.35,0.0,0.0,0.0
2023-05-19 20:00:00+00:00,False,20.36,20.4,20.32,20.35,0.0,0.0,0.0
2023-05-20 00:00:00+00:00,False,20.34,20.36,20.16,20.27,0.0,0.0,0.0
2023-05-20 04:00:00+00:00,False,20.27,20.28,20.11,20.18,0.0,0.0,0.0
2023-05-20 08:00:00+00:00,False,20.17,20.26,20.17,20.23,0.0,0.0,0.0
2023-05-20 12:00:00+00:00,False,20.22,20.32,20.18,20.27,0.0,0.0,0.0
2023-05-20 16:00:00+00:00,False,20.27,20.36,20.2,20.31,0.0,0.0,0.0
2023-05-20 20:00:00+00:00,False,20.3,20.31,20.21,20.27,0.0,0.0,0.0
2023-05-21 00:00:00+00:00,False,20.27,20.39,20.22,20.25,0.0,0.0,0.0
2023-05-21 04:00:00+00:00,False,20.25,20.29,20.23,20.27,0.0,0.0,0.0
2023-05-21 08:00:00+00:00,False,20.27,20.34,20.09,20.16,0.0,0.0,0.0
2023-05-21 12:00:00+00:00,False,20.15,20.19,19.84,19.96,0.0,0.0,0.0
2023-05-21 16:00:00+00:00,False,19.96,20.03,19.84,19.99,0.0,0.0,0.0
2023-05-21 20:00:00+00:00,False,19.99,20.07,19.37,19.65,0.0,0.0,0.0
2023-05-22 00:00:00+00:00,False,19.63,19.68,19.29,19.58,0.0,0.0,0.0
2023-05-22 04:00:00+00:00,False,19.58,19.79,19.52,19.77,0.0,0.0,0.0
2023-05-22 08:00:00+00:00,False,19.77,19.92,19.74,19.86,0.0,0.0,0.0
2023-05-22 12:00:00+00:00,False,19.88,20.03,19.57,19.66,0.0,0.0,0.0
2023-05-22 16:00:00+00:00,False,19.67,19.76,19.57,19.67,0.0,0.0,0.0
2023-05-22 20:00:00+00:00,False,19.68,19.75,19.5,19.55,0.0,0.0,0.0
2023-05-23 00:00:00+00:00,False,19.55,20.18,19.42,20.07,0.0,0.0,0.0
2023-05-23 04:00:00+00:00,False,20.08,20.11,19.77,19.82,0.0,0.0,0.0
2023-05-23 08:00:00+00:00,False,19.83,19.98,19.72,19.91,0.0,0.0,0.0
2023-05-23 12:00:00+00:00,False,19.91,20.07,19.81,20.02,0.0,0.0,0.0
2023-05-23 16:00:00+00:00,False,20.03,20.15,19.88,20.02,0.0,0.0,0.0
2023-05-23 20:00:00+00:00,False,20.01,20.12,19.97,20.03,0.0,0.0,0.0
2023-05-24 00:00:00+00:00,False,20.03,20.07,19.44,19.5,0.0,0.0,0.0
2023-05-24 04:00:00+00:00,False,19.49,19.6,19.37,19.48,0.0,0.0,0.0
2023-05-24 08:00:00+00:00,False,19.47,19.56,19.33,19.42,0.0,0.0,0.0
2023-05-24 12:00:00+00:00,False,19.43,19.49,18.71,19.17,0.0,0.0,0.0
2023-05-24 16:00:00+00:00,False,19.17,19.3,19.04,19.21,0.0,0.0,0.0
2023-05-24 20:00:00+00:00,False,19.2,19.37,19.14,19.26,0.0,0.0,0.0
2023-05-25 00:00:00+00:00,False,19.26,19.41,18.77,19.32,0.0,0.0,0.0
2023-05-25 04:00:00+00:00,False,19.33,19.48,19.27,19.31,0.0,0.0,0.0
2023-05-25 08:00:00+00:00,False,19.31,19.44,19.24,19.44,0.0,0.0,0.0
2023-05-25 12:00:00+00:00,False,19.44,19.58,19.19,19.25,0.0,0.0,0.0
2023-05-25 16:00:00+00:00,False,19.26,19.42,19.19,19.31,0.0,0.0,0.0
2023-05-25 20:00:00+00:00,False,19.32,19.33,19.21,19.24,0.0,0.0,0.0
2023-05-26 00:00:00+00:00,False,19.24,19.37,19.18,19.28,0.0,0.0,0.0
2023-05-26 04:00:00+00:00,False,19.27,19.32,19.09,19.3,0.0,0.0,0.0
2023-05-26 08:00:00+00:00,False,19.3,19.36,19.25,19.31,0.0,0.0,0.0
2023-05-26 12:00:00+00:00,False,19.3,19.56,19.21,19.44,0.0,0.0,0.0
2023-05-26 16:00:00+00:00,False,19.42,19.5,19.3,19.49,0.0,0.0,0.0
2023-05-26 20:00:00+00:00,False,19.49,19.51,19.35,19.37,0.0,0.0,0.0
2023-05-27 00:00:00+00:00,False,19.36,19.5,19.33,19.49,0.0,0.0,0.0
2023-05-27 04:00:00+00:00,True,19.49,19.65,19.46,19.51,0.0,0.0,0.0
2023-05-27 08:00:00+00:00,True,19.51,19.54,19.44,19.5,0.0,0.0,0.0
2023-05-27 12:00:00+00:00,True,19.5,19.69,19.44,19.67,0.0,0.0,0.0
2023-05-27 16:00:00+00:00,True,19.67,19.71,19.52,19.7,0.0,0.0,0.0
2023-05-27 20:00:00+00:00,True,19.71,20.54,19.69,20.38,0.0,0.0,0.0
2023-05-28 00:00:00+00:00,True,20.39,20.79,20.29,20.54,0.0,0.0,0.0
2023-05-28 04:00:00+00:00,True,20.54,20.57,20.43,20.48,0.0,0.0,0.0
2023-05-28 08:00:00+00:00,True,20.48,20.67,20.41,20.56,0.0,0.0,0.0
2023-05-28 12:00:00+00:00,True,20.56,20.68,20.43,20.48,0.0,0.0,0.0
2023-05-28 16:00:00+00:00,True,20.48,20.99,20.47,20.79,0.0,0.0,0.0
2023-05-28 20:00:00+00:00,True,20.79,21.19,20.73,20.81,0.0,0.0,0.0
2023-05-29 00:00:00+00:00,True,20.81,21.0,20.66,20.74,0.0,0.0,0.0
2023-05-29 04:00:00+00:00,True,20.74,20.79,20.55,20.74,0.0,0.0,0.0
2023-05-29 08:00:00+00:00,True,20.74,20.79,20.62,20.75,0.0,0.0,0.0
2023-05-29 12:00:00+00:00,True,20.74,20.79,20.34,20.47,0.0,0.0,0.0
2023-05-29 16:00:00+00:00,True,20.45,20.6,20.27,20.53,0.0,0.0,0.0
2023-05-29 20:00:00+00:00,True,20.52,20.7,20.44,20.58,0.0,0.0,0.0
2023-05-30 00:00:00+00:00,True,20.57,21.17,20.48,20.88,0.0,0.0,0.0
2023-05-30 04:00:00+00:00,True,20.88,20.93,20.66,20.79,0.0,0.0,0.0
2023-05-30 08:00:00+00:00,True,20.78,21.37,20.75,21.3,0.0,0.0,0.0
2023-05-30 12:00:00+00:00,True,21.3,21.4,20.79,20.91,0.0,0.0,0.0
2023-05-30 16:00:00+00:00,True,20.9,21.47,20.8,21.35,0.0,0.0,0.0
2023-05-30 20:00:00+00:00,True,21.35,21.4,21.14,21.29,0.0,0.0,0.0
2023-05-31 00:00:00+00:00,True,21.29,21.34,20.96,21.07,0.0,0.0,0.0
2023-05-31 04:00:00+00:00,True,21.07,21.14,20.5,20.7,0.0,0.0,0.0
2023-05-31 08:00:00+00:00,True,20.7,20.82,20.53,20.63,0.0,0.0,0.0
2023-05-31 12:00:00+00:00,True,20.64,20.71,20.37,20.5,0.0,0.0,0.0
2023-05-31 16:00:00+00:00,True,20.5,20.73,20.45,20.65,0.0,0.0,0.0
2023-05-31 20:00:00+00:00,True,20.67,20.84,20.64,20.83,0.0,0.0,0.0
2023-06-01 00:00:00+00:00,True,20.83,21.0,20.43,20.74,0.0,0.0,0.0
2023-06-01 04:00:00+00:00,True,20.74,20.75,20.56,20.6,0.0,0.0,0.0
2023-06-01 08:00:00+00:00,True,20.59,20.75,20.59,20.74,0.0,0.0,0.0
2023-06-01 12:00:00+00:00,True,20.74,20.91,20.62,20.7,0.0,0.0,0.0
2023-06-01 16:00:00+00:00,True,20.69,20.87,20.52,20.7,0.0,0.0,0.0
2023-06-01 20:00:00+00:00,True,20.69,20.73,20.42,20.5,0.0,0.0,0.0
2023-06-02 00:00:00+00:00,True,20.51,20.81,20.3,20.8,0.0,0.0,0.0
2023-06-02 04:00:00+00:00,True,20.79,21.15,20.72,21.04,0.0,0.0,0.0
2023-06-02 08:00:00+00:00,True,21.05,21.31,21.04,21.24,0.0,0.0,0.0
2023-06-02 12:00:00+00:00,True,21.24,21.32,20.96,21.17,0.0,0.0,0.0
2023-06-02 16:00:00+00:00,True,21.17,21.37,21.07,21.31,0.0,0.0,0.0
2023-06-02 20:00:00+00:00,True,21.31,21.38,21.18,21.27,0.0,0.0,0.0
2023-06-03 00:00:00+00:00,True,21.28,21.32,21.09,21.13,0.0,0.0,0.0
2023-06-03 04:00:00+00:00,True,21.13,21.19,20.99,21.18,0.0,0.0,0.0
2023-06-03 08:00:00+00:00,True,21.18,21.25,21.09,21.18,0.0,0.0,0.0
2023-06-03 12:00:00+00:00,True,21.19,21.31,21.09,21.26,0.0,0.0,0.0
2023-06-03 16:00:00+00:00,True,21.25,21.37,21.05,21.08,0.0,0.0,0.0
2023-06-03 20:00:00+00:00,True,21.08,21.23,20.96,21.21,0.0,0.0,0.0
2023-06-04 00:00:00+00:00,True,21.2,21.32,21.04,21.24,0.0,0.0,0.0
2023-06-04 04:00:00+00:00,True,21.25,21.81,21.23,21.56,0.0,0.0,0.0
2023-06-04 08:00:00+00:00,True,21.57,21.74,21.48,21.72,0.0,0.0,0.0
2023-06-04 12:00:00+00:00,True,21.71,22.16,21.69,21.98,0.0,0.0,0.0
2023-06-04 16:00:00+00:00,True,21.98,22.31,21.91,22.26,0.0,0.0,0.0
2023-06-04 20:00:00+00:00,True,22.26,22.33,21.73,21.79,0.0,0.0,0.0
2023-06-05 00:00:00+00:00,True,21.78,22.06,21.49,21.55,0.0,0.0,0.0
2023-06-05 04:00:00+00:00,True,21.55,21.7,21.37,21.7,0.0,0.0,0.0
2023-06-05 08:00:00+00:00,True,21.69,21.69,21.51,21.58,0.0,0.0,0.0
2023-06-05 12:00:00+00:00,True,21.58,21.61,19.25,19.31,0.0,0.0,0.0
2023-06-05 16:00:00+00:00,True,19.3,20.57,19.2,20.02,0.0,0.0,0.0
2023-06-05 20:00:00+00:00,False,20.01,20.15,19.68,19.98,0.0,0.0,1.0
2023-06-06 00:00:00+00:00,False,19.99,20.04,19.71,19.92,0.0,0.0,1.0
2023-06-06 04:00:00+00:00,False,19.93,20.13,19.92,20.08,0.0,0.0,1.0
2023-06-06 08:00:00+00:00,False,20.09,20.13,19.84,19.86,0.0,0.0,1.0
2023-06-06 12:00:00+00:00,False,19.86,20.12,19.24,20.03,0.0,0.0,1.0
2023-06-06 16:00:00+00:00,False,20.03,20.71,19.9,20.6,0.0,0.0,1.0
2023-06-06 20:00:00+00:00,False,20.59,20.7,20.22,20.3,0.0,0.0,1.0
2023-06-07 00:00:00+00:00,False,20.3,20.53,20.02,20.18,0.0,0.0,1.0
2023-06-07 04:00:00+00:00,False,20.18,20.25,19.98,20.02,0.0,0.0,1.0
2023-06-07 08:00:00+00:00,False,20.02,20.1,19.58,19.91,0.0,0.0,1.0
2023-06-07 12:00:00+00:00,False,19.89,19.93,19.15,19.28,0.0,0.0,1.0
2023-06-07 16:00:00+00:00,False,19.29,19.3,18.59,18.91,0.0,0.0,1.0
2023-06-07 20:00:00+00:00,False,18.91,18.95,18.52,18.57,0.0,0.0,1.0
2023-06-08 00:00:00+00:00,False,18.56,18.89,18.25,18.51,0.0,0.0,1.0
2023-06-08 04:00:00+00:00,False,18.5,18.77,18.39,18.63,0.0,0.0,1.0
2023-06-08 08:00:00+00:00,False,18.62,18.84,18.55,18.78,0.0,0.0,1.0
2023-06-08 12:00:00+00:00,False,18.77,19.01,18.72,18.91,0.0,0.0,1.0
2023-06-08 16:00:00+00:00,False,18.91,18.91,18.56,18.84,0.0,0.0,1.0
2023-06-08 20:00:00+00:00,False,18.85,19.11,18.83,18.9,0.0,0.0,1.0
2023-06-09 00:00:00+00:00,False,18.89,18.93,18.6,18.79,0.0,0.0,1.0
2023-06-09 04:00:00+00:00,False,18.79,18.82,18.49,18.6,0.0,0.0,1.0
2023-06-09 08:00:00+00:00,False,18.61,19.38,18.56,19.3,0.0,0.0,1.0
2023-06-09 12:00:00+00:00,False,19.3,19.32,18.5,18.58,0.0,0.0,1.0
2023-06-09 16:00:00+00:00,False,18.58,18.68,17.25,17.5,0.0,0.0,1.0
2023-06-09 20:00:00+00:00,False,17.5,17.74,17.11,17.36,0.0,0.0,1.0
2023-06-10 00:00:00+00:00,False,17.35,17.36,16.0,16.38,0.0,0.0,1.0
2023-06-10 04:00:00+00:00,False,16.37,16.47,13.21,14.55,0.0,0.0,1.0
2023-06-10 08:00:00+00:00,False,14.56,15.09,14.44,14.89,0.0,0.0,1.0
2023-06-10 12:00:00+00:00,False,14.89,14.92,14.43,14.73,0.0,0.0,1.0
2023-06-10 16:00:00+00:00,False,14.73,15.87,14.54,15.27,0.0,0.0,1.0
2023-06-10 20:00:00+00:00,False,15.27,15.91,15.2,15.6,0.0,0.0,1.0
2023-06-11 00:00:00+00:00,False,15.6,15.8,15.42,15.58,0.0,0.0,1.0
2023-06-11 04:00:00+00:00,False,15.58,15.75,15.31,15.46,0.0,0.0,1.0
2023-06-11 08:00:00+00:00,False,15.46,15.71,15.29,15.51,0.0,0.0,1.0
2023-06-11 12:00:00+00:00,False,15.51,15.69,15.13,15.21,0.0,0.0,1.0
2023-06-11 16:00:00+00:00,False,15.21,16.19,15.21,16.05,0.0,0.0,1.0
2023-06-11 20:00:00+00:00,False,16.04,16.18,15.38,15.51,0.0,0.0,1.0
2023-06-12 00:00:00+00:00,False,15.51,15.6,14.91,15.11,0.0,0.0,1.0
2023-06-12 04:00:00+00:00,False,15.1,15.31,15.01,15.12,0.0,0.0,1.0
2023-06-12 08:00:00+00:00,False,15.1,15.69,15.09,15.38,0.0,0.0,1.0
2023-06-12 12:00:00+00:00,False,15.38,15.47,15.09,15.14,0.0,0.0,1.0
2023-06-12 16:00:00+00:00,False,15.14,15.33,14.74,14.93,0.0,0.0,1.0
2023-06-12 20:00:00+00:00,False,14.93,15.4,14.91,15.21,0.0,0.0,1.0
2023-06-13 00:00:00+00:00,False,15.19,15.52,15.02,15.28,0.0,0.0,1.0
2023-06-13 04:00:00+00:00,False,15.28,15.52,15.13,15.4,0.0,0.0,1.0
2023-06-13 08:00:00+00:00,False,15.42,15.68,15.36,15.65,0.0,0.0,1.0
2023-06-13 12:00:00+00:00,False,15.65,15.99,14.76,14.86,0.0,0.0,1.0
2023-06-13 16:00:00+00:00,False,14.87,15.15,14.82,14.91,0.0,0.0,1.0
2023-06-13 20:00:00+00:00,False,14.9,15.09,14.86,15.05,0.0,0.0,1.0
2023-06-14 00:00:00+00:00,False,15.05,15.3,14.91,15.23,0.0,0.0,1.0
2023-06-14 04:00:00+00:00,False,15.23,15.26,15.01,15.08,0.0,0.0,1.0
2023-06-14 08:00:00+00:00,False,15.08,15.25,15.05,15.2,0.0,0.0,1.0
2023-06-14 12:00:00+00:00,False,15.2,15.29,15.02,15.11,0.0,0.0,1.0
2023-06-14 16:00:00+00:00,False,15.11,15.36,14.9,14.99,0.0,0.0,1.0
2023-06-14 20:00:00+00:00,False,14.96,14.97,14.07,14.46,0.0,0.0,1.0
2023-06-15 00:00:00+00:00,False,14.44,15.06,14.41,14.89,0.0,0.0,1.0
2023-06-15 04:00:00+00:00,False,14.89,14.9,14.61,14.84,0.0,0.0,1.0
2023-06-15 08:00:00+00:00,False,14.84,14.88,14.42,14.66,0.0,0.0,1.0
2023-06-15 12:00:00+00:00,False,14.65,14.77,14.33,14.44,0.0,0.0,1.0
2023-06-15 16:00:00+00:00,False,14.45,14.85,14.15,14.83,0.0,0.0,1.0
2023-06-15 20:00:00+00:00,False,14.83,15.05,14.59,14.69,0.0,0.0,1.0
2023-06-16 00:00:00+00:00,False,14.71,14.86,14.61,14.84,0.0,0.0,1.0
2023-06-16 04:00:00+00:00,True,14.82,14.96,14.77,14.85,0.0,0.0,1.0
2023-06-16 08:00:00+00:00,True,14.86,14.94,14.51,14.57,0.0,0.0,1.0
2023-06-16 12:00:00+00:00,True,14.58,15.07,14.37,15.0,0.0,0.0,1.0
2023-06-16 16:00:00+00:00,True,14.97,15.47,14.86,15.28,0.0,0.0,1.0
2023-06-16 20:00:00+00:00,True,15.28,15.43,15.21,15.29,0.0,0.0,1.0
2023-06-17 00:00:00+00:00,True,15.3,15.44,15.16,15.4,0.0,0.0,1.0
2023-06-17 04:00:00+00:00,True,15.4,16.11,15.36,15.87,0.0,0.0,1.0
2023-06-17 08:00:00+00:00,True,15.86,15.94,15.7,15.77,0.0,0.0,1.0
2023-06-17 12:00:00+00:00,True,15.76,15.91,15.56,15.64,0.0,0.0,1.0
2023-06-17 16:00:00+00:00,True,15.63,15.79,15.61,15.63,0.0,0.0,1.0
2023-06-17 20:00:00+00:00,True,15.64,15.76,15.58,15.64,0.0,0.0,1.0
2023-06-18 00:00:00+00:00,True,15.63,15.66,15.42,15.57,0.0,0.0,1.0
2023-06-18 04:00:00+00:00,True,15.57,15.69,15.48,15.59,0.0,0.0,1.0
2023-06-18 08:00:00+00:00,True,15.59,15.78,15.5,15.78,0.0,0.0,1.0
2023-06-18 12:00:00+00:00,True,15.78,15.79,15.61,15.69,0.0,0.0,1.0
2023-06-18 16:00:00+00:00,True,15.69,15.84,15.69,15.75,0.0,0.0,1.0
2023-06-18 20:00:00+00:00,True,15.74,15.79,15.29,15.45,0.0,0.0,1.0
2023-06-19 00:00:00+00:00,True,15.45,15.58,15.34,15.51,0.0,0.0,1.0
2023-06-19 04:00:00+00:00,True,15.5,15.54,15.42,15.44,0.0,0.0,1.0
2023-06-19 08:00:00+00:00,True,15.45,15.56,15.41,15.55,0.0,0.0,1.0
2023-06-19 12:00:00+00:00,True,15.55,15.7,15.45,15.57,0.0,0.0,1.0
2023-06-19 16:00:00+00:00,True,15.56,15.97,15.44,15.88,0.0,0.0,1.0
2023-06-19 20:00:00+00:00,True,15.88,16.15,15.8,16.07,0.0,0.0,1.0
2023-06-20 00:00:00+00:00,True,16.07,16.29,16.0,16.04,0.0,0.0,1.0
2023-06-20 04:00:00+00:00,True,16.04,16.13,15.92,15.93,0.0,0.0,1.0
2023-06-20 08:00:00+00:00,True,15.94,15.94,15.77,15.9,0.0,0.0,1.0
2023-06-20 12:00:00+00:00,True,15.9,16.08,15.72,15.88,0.0,0.0,1.0
2023-06-20 16:00:00+00:00,True,15.86,16.5,15.86,16.4,0.0,0.0,1.0
2023-06-20 20:00:00+00:00,True,16.4,16.69,16.27,16.57,0.0,0.0,1.0
2023-06-21 00:00:00+00:00,True,16.58,17.21,16.57,16.78,0.0,0.0,1.0
2023-06-21 04:00:00+00:00,True,16.78,16.96,16.71,16.77,0.0,0.0,1.0
2023-06-21 08:00:00+00:00,True,16.77,16.9,16.65,16.8,0.0,0.0,1.0
2023-06-21 12:00:00+00:00,True,16.81,17.11,16.55,16.99,0.0,0.0,1.0
2023-06-21 16:00:00+00:00,True,16.97,17.27,16.82,17.13,0.0,0.0,1.0
2023-06-21 20:00:00+00:00,True,17.13,17.41,16.97,17.28,0.0,0.0,1.0
2023-06-22 00:00:00+00:00,True,17.28,17.75,17.17,17.51,0.0,0.0,1.0
2023-06-22 04:00:00+00:00,True,17.53,17.56,17.13,17.39,0.0,0.0,1.0
2023-06-22 08:00:00+00:00,True,17.4,17.41,16.63,16.95,0.0,0.0,1.0
2023-06-22 12:00:00+00:00,True,16.95,17.16,16.67,16.91,0.0,0.0,1.0
2023-06-22 16:00:00+00:00,True,16.9,17.11,16.79,16.95,0.0,0.0,1.0
2023-06-22 20:00:00+00:00,True,16.94,16.95,16.57,16.67,0.0,0.0,1.0
2023-06-23 00:00:00+00:00,True,16.68,16.8,16.51,16.77,0.0,0.0,1.0
2023-06-23 04:00:00+00:00,True,16.77,16.86,16.68,16.76,0.0,0.0,1.0
2023-06-23 08:00:00+00:00,True,16.76,16.84,16.54,16.6,0.0,0.0,1.0
2023-06-23 12:00:00+00:00,True,16.59,17.15,16.17,17.07,0.0,0.0,1.0
2023-06-23 16:00:00+00:00,True,17.07,17.28,16.88,17.19,0.0,0.0,1.0
2023-06-23 20:00:00+00:00,True,17.19,17.55,16.93,17.11,0.0,0.0,1.0
2023-06-24 00:00:00+00:00,True,17.11,17.55,17.07,17.37,0.0,0.0,1.0
2023-06-24 04:00:00+00:00,True,17.37,17.43,17.03,17.15,0.0,0.0,1.0
2023-06-24 08:00:00+00:00,True,17.15,17.33,17.1,17.22,0.0,0.0,1.0
2023-06-24 12:00:00+00:00,True,17.21,17.4,16.42,16.5,0.0,0.0,1.0
2023-06-24 16:00:00+00:00,True,16.49,16.81,16.48,16.68,0.0,0.0,1.0
2023-06-24 20:00:00+00:00,True,16.67,16.69,16.39,16.66,0.0,0.0,1.0
2023-06-25 00:00:00+00:00,True,16.65,17.06,16.58,17.04,0.0,0.0,1.0
2023-06-25 04:00:00+00:00,True,17.04,17.38,16.94,17.26,0.0,0.0,1.0
2023-06-25 08:00:00+00:00,True,17.27,17.39,17.03,17.28,0.0,0.0,1.0
2023-06-25 12:00:00+00:00,True,17.29,17.3,16.77,17.2,0.0,0.0,1.0
2023-06-25 16:00:00+00:00,True,17.21,17.27,16.88,16.99,0.0,0.0,1.0
2023-06-25 20:00:00+00:00,True,16.99,17.12,16.8,16.88,0.0,0.0,1.0
2023-06-26 00:00:00+00:00,True,16.88,16.97,16.56,16.76,0.0,0.0,1.0
2023-06-26 04:00:00+00:00,True,16.74,17.05,16.62,16.89,0.0,0.0,1.0
2023-06-26 08:00:00+00:00,True,16.88,16.98,16.73,16.94,0.0,0.0,1.0
2023-06-26 12:00:00+00:00,True,16.94,17.12,16.73,16.76,0.0,0.0,1.0
2023-06-26 16:00:00+00:00,True,16.76,16.81,16.13,16.31,0.0,0.0,1.0
2023-06-26 20:00:00+00:00,True,16.31,16.33,15.91,16.24,0.0,0.0,1.0
2023-06-27 00:00:00+00:00,True,16.23,16.52,16.14,16.46,0.0,0.0,1.0
2023-06-27 04:00:00+00:00,True,16.46,16.76,16.34,16.75,0.0,0.0,1.0
2023-06-27 08:00:00+00:00,True,16.76,16.77,16.5,16.63,0.0,0.0,1.0
2023-06-27 12:00:00+00:00,False,16.64,16.83,16.35,16.48,0.0,0.0,0.0
2023-06-27 16:00:00+00:00,False,16.48,16.82,16.45,16.71,0.0,0.0,0.0
2023-06-27 20:00:00+00:00,False,16.72,16.94,16.5,16.6,0.0,0.0,0.0
2023-06-28 00:00:00+00:00,False,16.6,16.65,16.12,16.36,0.0,0.0,0.0
2023-06-28 04:00:00+00:00,False,16.36,16.36,15.9,15.92,0.0,0.0,0.0
2023-06-28 08:00:00+00:00,False,15.92,16.26,15.92,16.17,0.0,0.0,0.0
2023-06-28 12:00:00+00:00,False,16.16,16.53,16.09,16.36,0.0,0.0,0.0
2023-06-28 16:00:00+00:00,False,16.36,16.41,15.7,15.9,0.0,0.0,0.0
2023-06-28 20:00:00+00:00,False,15.9,16.1,15.73,15.98,0.0,0.0,0.0
2023-06-29 00:00:00+00:00,False,15.99,16.18,15.87,16.01,0.0,0.0,0.0
2023-06-29 04:00:00+00:00,False,16.01,16.35,16.0,16.26,0.0,0.0,0.0
2023-06-29 08:00:00+00:00,False,16.26,18.29,16.23,17.98,0.0,0.0,0.0
2023-06-29 12:00:00+00:00,False,17.99,18.24,17.27,17.62,0.0,0.0,0.0
2023-06-29 16:00:00+00:00,True,17.62,17.8,17.52,17.68,0.0,1.0,0.0
2023-06-29 20:00:00+00:00,True,17.67,18.14,17.44,17.96,0.0,1.0,0.0
2023-06-30 00:00:00+00:00,True,17.96,19.09,17.86,18.9,0.0,1.0,0.0
2023-06-30 04:00:00+00:00,True,18.9,19.06,18.42,18.88,0.0,1.0,0.0
2023-06-30 08:00:00+00:00,True,18.88,19.03,18.59,18.91,0.0,1.0,0.0
2023-06-30 12:00:00+00:00,True,18.9,19.56,17.12,18.32,0.0,1.0,0.0
2023-06-30 16:00:00+00:00,True,18.3,19.99,18.17,19.15,0.0,1.0,0.0
2023-06-30 20:00:00+00:00,True,19.15,19.36,18.82,18.91,0.0,1.0,0.0
2023-07-01 00:00:00+00:00,True,18.91,19.01,18.16,18.32,0.0,1.0,0.0
2023-07-01 04:00:00+00:00,True,18.31,18.48,17.9,18.4,0.0,1.0,0.0
2023-07-01 08:00:00+00:00,True,18.4,18.5,18.19,18.4,0.0,1.0,0.0
2023-07-01 12:00:00+00:00,True,18.39,18.57,18.26,18.46,0.0,1.0,0.0
2023-07-01 16:00:00+00:00,True,18.45,18.49,18.26,18.37,0.0,1.0,0.0
2023-07-01 20:00:00+00:00,True,18.36,18.77,18.33,18.73,0.0,1.0,0.0
2023-07-02 00:00:00+00:00,True,18.74,18.91,18.54,18.7,0.0,1.0,0.0
2023-07-02 04:00:00+00:00,True,18.68,19.49,18.57,19.25,0.0,1.0,0.0
2023-07-02 08:00:00+00:00,True,19.25,19.4,19.0,19.09,0.0,1.0,0.0
2023-07-02 12:00:00+00:00,True,19.08,19.4,18.8,19.3,0.0,1.0,0.0
2023-07-02 16:00:00+00:00,True,19.29,19.49,19.08,19.41,0.0,1.0,0.0
2023-07-02 20:00:00+00:00,True,19.4,19.73,19.3,19.42,0.0,1.0,0.0
2023-07-03 00:00:00+00:00,True,19.42,19.65,19.19,19.56,0.0,1.0,0.0
2023-07-03 04:00:00+00:00,True,19.54,19.59,19.23,19.4,0.0,1.0,0.0
2023-07-03 08:00:00+00:00,True,19.39,19.51,19.3,19.41,0.0,1.0,0.0
2023-07-03 12:00:00+00:00,True,19.42,19.45,18.95,19.25,0.0,1.0,0.0
2023-07-03 16:00:00+00:00,True,19.26,19.36,19.03,19.32,0.0,1.0,0.0
2023-07-03 20:00:00+00:00,True,19.31,19.33,18.85,19.24,0.0,1.0,0.0
2023-07-04 00:00:00+00:00,True,19.24,19.51,19.24,19.31,0.0,1.0,0.0
2023-07-04 04:00:00+00:00,True,19.31,19.31,19.07,19.15,0.0,1.0,0.0
2023-07-04 08:00:00+00:00,True,19.14,19.26,19.07,19.21,0.0,1.0,0.0
2023-07-04 12:00:00+00:00,True,19.22,19.94,19.21,19.79,0.0,1.0,0.0
2023-07-04 16:00:00+00:00,True,19.78,19.79,19.31,19.56,0.0,1.0,0.0
2023-07-04 20:00:00+00:00,True,19.55,19.58,19.11,19.16,0.0,1.0,0.0
2023-07-05 00:00:00+00:00,True,19.16,19.3,19.12,19.26,0.0,1.0,0.0
2023-07-05 04:00:00+00:00,True,19.25,19.4,19.2,19.29,0.0,1.0,0.0
2023-07-05 08:00:00+00:00,True,19.29,19.3,18.6,18.75,0.0,1.0,0.0
2023-07-05 12:00:00+00:00,True,18.75,18.92,18.45,18.57,0.0,1.0,0.0
2023-07-05 16:00:00+00:00,True,18.56,18.88,18.53,18.56,0.0,1.0,0.0
2023-07-05 20:00:00+00:00,False,18.55,19.09,18.55,19.04,0.0,1.0,1.0
2023-07-06 00:00:00+00:00,False,19.04,19.75,19.02,19.47,0.0,1.0,1.0
2023-07-06 04:00:00+00:00,False,19.47,19.74,19.33,19.61,0.0,1.0,1.0
2023-07-06 08:00:00+00:00,False,19.61,20.34,19.54,19.8,0.0,1.0,1.0
2023-07-06 12:00:00+00:00,True,19.83,19.92,18.66,19.84,0.0,1.0,1.0
2023-07-06 16:00:00+00:00,True,19.84,20.98,19.5,20.91,0.0,1.0,1.0
2023-07-06 20:00:00+00:00,True,20.92,20.92,19.45,19.77,0.0,1.0,1.0
2023-07-07 00:00:00+00:00,True,19.76,20.51,19.72,20.29,0.0,1.0,1.0
2023-07-07 04:00:00+00:00,True,20.27,20.31,19.31,19.49,0.0,1.0,1.0
2023-07-07 08:00:00+00:00,True,19.49,20.35,19.26,20.33,0.0,1.0,1.0
2023-07-07 12:00:00+00:00,True,20.34,21.5,20.33,21.15,0.0,1.0,1.0
2023-07-07 16:00:00+00:00,True,21.15,21.5,21.03,21.48,0.0,1.0,1.0
2023-07-07 20:00:00+00:00,True,21.47,21.75,21.16,21.5,0.0,1.0,1.0
2023-07-08 00:00:00+00:00,True,21.48,22.0,21.45,21.72,0.0,1.0,1.0
2023-07-08 04:00:00+00:00,True,21.71,22.2,21.32,22.14,0.0,1.0,1.0
2023-07-08 08:00:00+00:00,True,22.11,22.49,21.8,21.84,0.0,1.0,1.0
2023-07-08 12:00:00+00:00,True,21.84,21.98,21.39,21.55,0.0,1.0,1.0
2023-07-08 16:00:00+00:00,True,21.57,22.01,21.43,21.58,0.0,1.0,1.0
2023-07-08 20:00:00+00:00,True,21.57,21.97,21.42,21.84,0.0,1.0,1.0
2023-07-09 00:00:00+00:00,True,21.85,22.38,21.53,21.66,0.0,1.0,1.0
2023-07-09 04:00:00+00:00,True,21.64,21.88,21.42,21.62,0.0,1.0,1.0
2023-07-09 08:00:00+00:00,True,21.62,21.89,21.52,21.61,0.0,1.0,1.0
2023-07-09 12:00:00+00:00,True,21.6,21.85,21.14,21.18,0.0,1.0,1.0
2023-07-09 16:00:00+00:00,True,21.2,21.41,21.17,21.26,0.0,1.0,1.0
2023-07-09 20:00:00+00:00,True,21.26,21.48,20.99,21.33,0.0,1.0,1.0
2023-07-10 00:00:00+00:00,True,21.33,21.38,20.8,21.23,0.0,1.0,1.0
2023-07-10 04:00:00+00:00,True,21.23,21.26,20.57,20.68,0.0,1.0,1.0
2023-07-10 08:00:00+00:00,True,20.69,20.88,20.49,20.86,0.0,1.0,1.0
2023-07-10 12:00:00+00:00,True,20.87,21.3,20.65,21.05,0.0,1.0,1.0
2023-07-10 16:00:00+00:00,True,21.05,21.75,20.91,21.68,0.0,1.0,1.0
2023-07-10 20:00:00+00:00,True,21.68,21.8,21.03,21.31,0.0,1.0,1.0
2023-07-11 00:00:00+00:00,True,21.31,22.08,21.21,21.99,0.0,1.0,1.0
2023-07-11 04:00:00+00:00,True,21.98,22.23,21.79,22.06,0.0,1.0,1.0
2023-07-11 08:00:00+00:00,True,22.04,22.15,21.84,22.0,0.0,1.0,1.0
2023-07-11 12:00:00+00:00,True,21.99,22.37,21.86,22.11,0.0,1.0,1.0
2023-07-11 16:00:00+00:00,True,22.12,22.19,21.9,21.97,0.0,1.0,1.0
2023-07-11 20:00:00+00:00,True,21.97,22.11,21.74,22.06,0.0,1.0,1.0
2023-07-12 00:00:00+00:00,True,22.06,22.28,21.87,21.88,0.0,1.0,1.0
2023-07-12 04:00:00+00:00,True,21.88,22.17,21.86,21.99,0.0,1.0,1.0
2023-07-12 08:00:00+00:00,True,22.0,22.17,21.95,22.11,0.0,1.0,1.0
2023-07-12 12:00:00+00:00,True,22.12,22.79,21.98,22.4,0.0,1.0,1.0
2023-07-12 16:00:00+00:00,True,22.4,22.4,21.74,21.85,0.0,1.0,1.0
2023-07-12 20:00:00+00:00,True,21.85,22.13,21.83,21.92,0.0,1.0,1.0
2023-07-13 00:00:00+00:00,False,21.91,22.02,21.54,21.56,0.0,1.0,1.0
2023-07-13 04:00:00+00:00,False,21.56,21.95,21.43,21.79,0.0,1.0,1.0
2023-07-13 08:00:00+00:00,False,21.79,22.49,21.72,22.45,0.0,1.0,1.0
2023-07-13 12:00:00+00:00,True,22.46,25.99,22.12,24.21,0.0,1.0,1.0
2023-07-13 16:00:00+00:00,True,24.24,26.82,24.15,26.15,0.0,1.0,1.0
2023-07-13 20:00:00+00:00,True,26.14,26.15,25.38,25.94,0.0,1.0,1.0
2023-07-14 00:00:00+00:00,True,25.94,32.4,25.63,28.58,0.0,1.0,1.0
2023-07-14 04:00:00+00:00,True,28.57,28.88,28.24,28.71,0.0,1.0,1.0
2023-07-14 08:00:00+00:00,True,28.7,29.68,27.6,28.0,0.0,1.0,1.0
2023-07-14 12:00:00+00:00,True,28.01,28.37,27.38,28.16,0.0,1.0,1.0
2023-07-14 16:00:00+00:00,True,28.15,28.16,25.58,26.0,0.0,1.0,1.0
2023-07-14 20:00:00+00:00,True,26.0,26.94,25.23,26.74,0.0,1.0,1.0
2023-07-15 00:00:00+00:00,True,26.74,27.98,26.49,27.27,0.0,1.0,1.0
2023-07-15 04:00:00+00:00,True,27.26,28.96,27.21,28.61,0.0,1.0,1.0
2023-07-15 08:00:00+00:00,True,28.59,29.11,28.47,28.9,0.0,1.0,1.0
2023-07-15 12:00:00+00:00,True,28.9,29.0,27.3,27.42,0.0,1.0,1.0
2023-07-15 16:00:00+00:00,True,27.42,28.2,27.06,27.79,0.0,1.0,1.0
2023-07-15 20:00:00+00:00,True,27.78,27.81,27.2,27.78,0.0,1.0,1.0
2023-07-16 00:00:00+00:00,True,27.76,27.95,26.5,27.16,0.0,1.0,1.0
2023-07-16 04:00:00+00:00,True,27.16,27.95,27.1,27.8,0.0,1.0,1.0
2023-07-16 08:00:00+00:00,True,27.78,28.3,27.65,28.18,0.0,1.0,1.0
2023-07-16 12:00:00+00:00,True,28.18,28.6,27.94,28.06,0.0,1.0,1.0
2023-07-16 16:00:00+00:00,True,28.07,28.14,27.33,27.52,0.0,1.0,1.0
2023-07-16 20:00:00+00:00,True,27.53,27.79,27.09,27.43,0.0,1.0,1.0
2023-07-17 00:00:00+00:00,True,27.44,28.44,27.24,27.99,0.0,1.0,1.0
2023-07-17 04:00:00+00:00,True,27.99,28.48,27.43,27.5,0.0,1.0,1.0
2023-07-17 08:00:00+00:00,True,27.49,27.63,26.55,26.99,0.0,1.0,1.0
2023-07-17 12:00:00+00:00,True,26.99,27.4,26.4,26.94,0.0,1.0,1.0
2023-07-17 16:00:00+00:00,True,26.94,27.25,25.63,26.27,0.0,1.0,1.0
2023-07-17 20:00:00+00:00,True,26.27,27.02,26.16,26.73,0.0,1.0,1.0
2023-07-18 00:00:00+00:00,True,26.72,27.1,26.44,26.6,0.0,1.0,1.0
2023-07-18 04:00:00+00:00,False,26.6,26.63,25.66,25.67,0.0,1.0,1.0
2023-07-18 08:00:00+00:00,False,25.71,26.27,24.9,25.03,0.0,1.0,1.0
2023-07-18 12:00:00+00:00,False,25.03,25.68,24.75,25.55,0.0,1.0,1.0
2023-07-18 16:00:00+00:00,False,25.55,25.78,24.86,25.42,0.0,1.0,1.0
2023-07-18 20:00:00+00:00,False,25.42,25.59,25.04,25.53,0.0,1.0,1.0
2023-07-19 00:00:00+00:00,False,25.53,26.58,25.36,26.35,0.0,1.0,1.0
2023-07-19 04:00:00+00:00,False,26.35,26.54,26.08,26.12,0.0,1.0,1.0
2023-07-19 08:00:00+00:00,False,26.12,26.51,25.71,26.4,0.0,1.0,1.0
2023-07-19 12:00:00+00:00,False,26.4,26.75,25.85,26.39,0.0,1.0,1.0
2023-07-19 16:00:00+00:00,False,26.39,26.93,26.19,26.7,0.0,1.0,1.0
2023-07-19 20:00:00+00:00,False,26.7,26.99,26.25,26.36,0.0,1.0,1.0
2023-07-20 00:00:00+00:00,False,26.37,26.82,26.13,26.52,0.0,1.0,1.0
2023-07-20 04:00:00+00:00,False,26.52,26.98,26.32,26.94,0.0,1.0,1.0
2023-07-20 08:00:00+00:00,False,26.93,27.35,26.81,27.22,0.0,1.0,1.0
2023-07-20 12:00:00+00:00,False,27.23,27.25,25.56,25.68,0.0,1.0,1.0
2023-07-20 16:00:00+00:00,False,25.68,25.77,25.2,25.32,0.0,1.0,1.0
2023-07-20 20:00:00+00:00,False,25.32,25.66,25.03,25.32,0.0,1.0,1.0
2023-07-21 00:00:00+00:00,False,25.31,25.63,25.09,25.49,0.0,1.0,1.0
2023-07-21 04:00:00+00:00,False,25.48,25.48,25.13,25.23,0.0,1.0,1.0
2023-07-21 08:00:00+00:00,False,25.24,25.48,25.07,25.35,0.0,1.0,1.0
2023-07-21 12:00:00+00:00,False,25.36,25.6,25.24,25.31,0.0,1.0,1.0
2023-07-21 16:00:00+00:00,False,25.3,26.03,25.18,25.82,0.0,1.0,1.0
2023-07-21 20:00:00+00:00,False,25.81,25.91,25.45,25.55,0.0,1.0,1.0
2023-07-22 00:00:00+00:00,False,25.54,25.97,25.49,25.81,0.0,1.0,1.0
2023-07-22 04:00:00+00:00,False,25.82,25.85,25.61,25.74,0.0,1.0,1.0
2023-07-22 08:00:00+00:00,False,25.74,25.89,25.41,25.59,0.0,1.0,1.0
2023-07-22 12:00:00+00:00,False,25.58,25.76,25.51,25.72,0.0,1.0,1.0
2023-07-22 16:00:00+00:00,False,25.72,25.75,25.22,25.27,0.0,1.0,1.0
2023-07-22 20:00:00+00:00,False,25.27,25.37,24.06,24.44,0.0,1.0,1.0
2023-07-23 00:00:00+00:00,False,24.44,24.8,24.16,24.7,0.0,1.0,1.0
2023-07-23 04:00:00+00:00,False,24.7,24.91,24.62,24.71,0.0,1.0,1.0
2023-07-23 08:00:00+00:00,False,24.71,24.86,24.62,24.66,0.0,1.0,1.0
2023-07-23 12:00:00+00:00,False,24.67,24.75,24.52,24.75,0.0,1.0,1.0
2023-07-23 16:00:00+00:00,False,24.73,25.26,24.73,24.89,0.0,1.0,1.0
2023-07-23 20:00:00+00:00,False,24.88,25.0,24.52,24.71,0.0,1.0,1.0
2023-07-24 00:00:00+00:00,False,24.69,24.84,24.23,24.3,0.0,1.0,1.0
2023-07-24 04:00:00+00:00,False,24.3,24.69,24.07,24.57,0.0,1.0,1.0
2023-07-24 08:00:00+00:00,False,24.58,24.64,23.25,23.57,0.0,1.0,1.0
2023-07-24 12:00:00+00:00,False,23.56,23.68,22.83,23.36,0.0,1.0,1.0
2023-07-24 16:00:00+00:00,False,23.35,23.45,23.05,23.36,0.0,1.0,1.0
2023-07-24 20:00:00+00:00,False,23.37,23.61,23.24,23.4,0.0,1.0,1.0
2023-07-25 00:00:00+00:00,False,23.4,23.53,23.15,23.38,0.0,1.0,1.0
2023-07-25 04:00:00+00:00,False,23.38,23.41,22.96,23.12,0.0,1.0,1.0
2023-07-25 08:00:00+00:00,False,23.11,23.4,23.02,23.16,0.0,1.0,1.0
2023-07-25 12:00:00+00:00,False,23.16,23.59,22.74,23.23,0.0,1.0,1.0
2023-07-25 16:00:00+00:00,False,23.22,23.46,23.07,23.19,0.0,1.0,1.0
2023-07-25 20:00:00+00:00,False,23.18,23.36,23.13,23.29,0.0,1.0,1.0
2023-07-26 00:00:00+00:00,False,23.29,23.71,23.17,23.48,0.0,1.0,1.0
2023-07-26 04:00:00+00:00,False,23.47,23.63,23.38,23.51,0.0,1.0,1.0
2023-07-26 08:00:00+00:00,False,23.51,23.98,23.44,23.95,0.0,1.0,1.0
2023-07-26 12:00:00+00:00,False,23.96,25.0,23.95,24.89,0.0,1.0,1.0
2023-07-26 16:00:00+00:00,False,24.9,25.67,24.52,25.31,0.0,1.0,1.0
2023-07-26 20:00:00+00:00,False,25.3,25.58,25.06,25.12,0.0,1.0,1.0
2023-07-27 00:00:00+00:00,False,25.12,25.53,24.67,24.96,0.0,1.0,1.0
2023-07-27 04:00:00+00:00,False,24.95,25.36,24.93,24.97,0.0,1.0,1.0
2023-07-27 08:00:00+00:00,False,24.95,25.49,24.92,25.32,0.0,1.0,1.0
2023-07-27 12:00:00+00:00,False,25.33,25.66,25.03,25.25,0.0,1.0,1.0
2023-07-27 16:00:00+00:00,False,25.24,25.34,24.71,24.99,0.0,1.0,1.0
2023-07-27 20:00:00+00:00,False,25.0,25.24,24.75,25.05,0.0,1.0,1.0
2023-07-28 00:00:00+00:00,True,25.05,25.38,24.82,24.9,0.0,1.0,1.0
2023-07-28 04:00:00+00:00,True,24.91,25.02,24.55,24.63,0.0,1.0,1.0
2023-07-28 08:00:00+00:00,True,24.63,24.82,24.48,24.68,0.0,1.0,1.0
2023-07-28 12:00:00+00:00,True,24.68,25.54,24.66,25.14,0.0,1.0,1.0
2023-07-28 16:00:00+00:00,True,25.13,25.43,24.82,25.02,0.0,1.0,1.0
2023-07-28 20:00:00+00:00,True,25.01,25.12,24.74,24.79,0.0,1.0,1.0
2023-07-29 00:00:00+00:00,True,24.78,25.2,24.74,25.1,0.0,1.0,1.0
2023-07-29 04:00:00+00:00,True,25.1,25.24,25.03,25.08,0.0,1.0,1.0
2023-07-29 08:00:00+00:00,True,25.08,25.17,24.93,24.95,0.0,1.0,1.0
2023-07-29 12:00:00+00:00,True,24.96,25.2,24.92,25.09,0.0,1.0,1.0
2023-07-29 16:00:00+00:00,True,25.08,25.35,25.02,25.25,0.0,1.0,1.0
2023-07-29 20:00:00+00:00,True,25.25,25.39,25.13,25.15,0.0,1.0,1.0
2023-07-30 00:00:00+00:00,True,25.16,25.21,25.01,25.03,0.0,1.0,1.0
2023-07-30 04:00:00+00:00,True,25.03,25.12,24.84,24.91,0.0,1.0,1.0
2023-07-30 08:00:00+00:00,True,24.9,25.05,24.83,24.94,0.0,1.0,1.0
2023-07-30 12:00:00+00:00,True,24.95,25.07,24.72,24.86,0.0,1.0,1.0
2023-07-30 16:00:00+00:00,True,24.85,24.99,23.53,23.96,0.0,1.0,1.0
2023-07-30 20:00:00+00:00,False,23.96,24.33,23.83,24.17,0.0,1.0,0.0
2023-07-31 00:00:00+00:00,False,24.17,24.81,24.11,24.66,0.0,1.0,0.0
2023-07-31 04:00:00+00:00,False,24.66,24.69,24.38,24.53,0.0,1.0,0.0
2023-07-31 08:00:00+00:00,False,24.52,24.6,24.36,24.43,0.0,1.0,0.0
2023-07-31 12:00:00+00:00,False,24.42,24.69,23.87,24.0,0.0,1.0,0.0
2023-07-31 16:00:00+00:00,False,24.0,24.15,23.51,23.63,0.0,1.0,0.0
2023-07-31 20:00:00+00:00,False,23.62,23.93,23.55,23.71,0.0,1.0,0.0
2023-08-01 00:00:00+00:00,False,23.7,23.98,22.85,23.43,0.0,1.0,0.0
2023-08-01 04:00:00+00:00,False,23.42,23.63,23.26,23.49,0.0,1.0,0.0
2023-08-01 08:00:00+00:00,False,23.49,23.62,23.29,23.33,0.0,1.0,0.0
2023-08-01 12:00:00+00:00,False,23.32,23.46,22.8,23.32,0.0,1.0,0.0
2023-08-01 16:00:00+00:00,False,23.31,23.78,23.18,23.62,0.0,1.0,0.0
2023-08-01 20:00:00+00:00,False,23.62,24.09,23.45,24.06,0.0,1.0,0.0
2023-08-02 00:00:00+00:00,False,24.05,24.27,23.62,23.67,0.0,1.0,0.0
2023-08-02 04:00:00+00:00,False,23.66,23.8,23.56,23.61,0.0,1.0,0.0
2023-08-02 08:00:00+00:00,False,23.62,23.71,23.42,23.71,0.0,1.0,0.0
2023-08-02 12:00:00+00:00,False,23.69,23.71,23.09,23.27,0.0,1.0,0.0
2023-08-02 16:00:00+00:00,False,23.27,23.32,22.86,23.2,0.0,1.0,0.0
2023-08-02 20:00:00+00:00,False,23.21,23.31,22.99,23.06,0.0,1.0,0.0
2023-08-03 00:00:00+00:00,False,23.06,23.38,23.06,23.22,0.0,1.0,0.0
2023-08-03 04:00:00+00:00,False,23.22,23.28,22.5,22.72,0.0,1.0,0.0
2023-08-03 08:00:00+00:00,False,22.72,22.84,22.5,22.79,0.0,1.0,0.0
2023-08-03 12:00:00+00:00,False,22.79,23.08,22.58,22.74,0.0,1.0,0.0
2023-08-03 16:00:00+00:00,False,22.74,23.06,22.68,22.93,0.0,1.0,0.0
2023-08-03 20:00:00+00:00,False,22.93,23.1,22.5,22.68,0.0,1.0,0.0
2023-08-04 00:00:00+00:00,False,22.67,22.77,22.5,22.71,0.0,1.0,0.0
2023-08-04 04:00:00+00:00,False,22.71,23.0,22.63,22.98,0.0,1.0,0.0
2023-08-04 08:00:00+00:00,False,22.99,23.05,22.8,22.85,0.0,1.0,0.0
2023-08-04 12:00:00+00:00,False,22.85,23.55,22.83,23.37,0.0,1.0,0.0
2023-08-04 16:00:00+00:00,False,23.37,23.45,22.74,22.96,0.0,1.0,0.0
2023-08-04 20:00:00+00:00,False,22.97,23.0,22.5,22.75,0.0,1.0,0.0
2023-08-05 00:00:00+00:00,False,22.74,22.79,22.46,22.68,0.0,1.0,0.0
2023-08-05 04:00:00+00:00,False,22.68,22.84,22.54,22.73,0.0,1.0,0.0
2023-08-05 08:00:00+00:00,False,22.74,22.91,22.68,22.76,0.0,1.0,0.0
2023-08-05 12:00:00+00:00,False,22.77,22.79,22.47,22.61,0.0,1.0,0.0
2023-08-05 16:00:00+00:00,False,22.61,22.67,22.21,22.54,0.0,1.0,0.0
2023-08-05 20:00:00+00:00,False,22.55,22.68,22.47,22.61,0.0,1.0,0.0
2023-08-06 00:00:00+00:00,False,22.61,22.9,22.56,22.87,0.0,1.0,0.0
2023-08-06 04:00:00+00:00,False,22.86,23.1,22.84,23.0,0.0,1.0,0.0
2023-08-06 08:00:00+00:00,False,23.01,23.44,22.98,23.21,0.0,1.0,0.0
2023-08-06 12:00:00+00:00,False,23.21,23.23,22.81,22.99,0.0,1.0,0.0
2023-08-06 16:00:00+00:00,False,23.0,23.26,22.89,23.21,0.0,1.0,0.0
2023-08-06 20:00:00+00:00,False,23.22,23.36,23.04,23.18,0.0,1.0,0.0
2023-08-07 00:00:00+00:00,False,23.18,23.63,22.99,23.29,0.0,1.0,0.0
2023-08-07 04:00:00+00:00,True,23.29,23.39,22.93,23.1,0.0,0.0,0.0
2023-08-07 08:00:00+00:00,True,23.09,23.11,22.97,23.05,0.0,0.0,0.0
2023-08-07 12:00:00+00:00,True,23.05,23.12,22.6,22.69,0.0,0.0,0.0
2023-08-07 16:00:00+00:00,True,22.7,23.04,22.3,22.97,0.0,0.0,0.0
2023-08-07 20:00:00+00:00,True,22.97,23.14,22.89,23.13,0.0,0.0,0.0
2023-08-08 00:00:00+00:00,True,23.12,23.26,23.0,23.13,0.0,0.0,0.0
2023-08-08 04:00:00+00:00,True,23.13,23.36,23.08,23.25,0.0,0.0,0.0
2023-08-08 08:00:00+00:00,True,23.24,23.36,23.13,23.27,0.0,0.0,0.0
2023-08-08 12:00:00+00:00,True,23.27,23.9,23.17,23.71,0.0,0.0,0.0
2023-08-08 16:00:00+00:00,True,23.72,24.78,23.71,24.46,0.0,0.0,0.0
2023-08-08 20:00:00+00:00,True,24.47,24.66,23.99,24.32,0.0,0.0,0.0
2023-08-09 00:00:00+00:00,True,24.33,24.47,24.16,24.28,0.0,0.0,0.0
2023-08-09 04:00:00+00:00,True,24.28,24.63,24.26,24.58,0.0,0.0,0.0
2023-08-09 08:00:00+00:00,True,24.58,24.97,24.52,24.87,0.0,0.0,0.0
2023-08-09 12:00:00+00:00,True,24.88,25.01,24.43,24.54,0.0,0.0,0.0
2023-08-09 16:00:00+00:00,True,24.56,24.59,24.21,24.27,0.0,0.0,0.0
2023-08-09 20:00:00+00:00,True,24.28,24.46,24.09,24.37,0.0,0.0,0.0
2023-08-10 00:00:00+00:00,True,24.37,24.53,24.19,24.21,0.0,0.0,0.0
2023-08-10 04:00:00+00:00,True,24.21,24.37,24.11,24.32,0.0,0.0,0.0
2023-08-10 08:00:00+00:00,True,24.33,24.48,24.21,24.38,0.0,0.0,0.0
2023-08-10 12:00:00+00:00,True,24.38,25.02,24.34,24.5,0.0,0.0,0.0
2023-08-10 16:00:00+00:00,True,24.5,24.61,24.34,24.56,0.0,0.0,0.0
2023-08-10 20:00:00+00:00,True,24.55,24.73,24.51,24.69,0.0,0.0,0.0
2023-08-11 00:00:00+00:00,True,24.69,24.9,24.63,24.71,0.0,0.0,0.0
2023-08-11 04:00:00+00:00,True,24.72,24.8,24.43,24.47,0.0,0.0,0.0
2023-08-11 08:00:00+00:00,True,24.47,24.55,24.35,24.51,0.0,0.0,0.0
2023-08-11 12:00:00+00:00,True,24.52,24.84,24.37,24.53,0.0,0.0,0.0
2023-08-11 16:00:00+00:00,True,24.54,24.64,24.31,24.4,0.0,0.0,0.0
2023-08-11 20:00:00+00:00,True,24.4,24.62,24.35,24.58,0.0,0.0,0.0
2023-08-12 00:00:00+00:00,True,24.58,24.75,24.38,24.44,0.0,0.0,0.0
2023-08-12 04:00:00+00:00,True,24.44,24.55,24.39,24.53,0.0,0.0,0.0
2023-08-12 08:00:00+00:00,True,24.54,24.54,24.43,24.53,0.0,0.0,0.0
2023-08-12 12:00:00+00:00,True,24.52,24.69,24.5,24.65,0.0,0.0,0.0
2023-08-12 16:00:00+00:00,True,24.65,24.85,24.63,24.78,0.0,0.0,0.0
2023-08-12 20:00:00+00:00,True,24.77,25.19,24.71,24.9,0.0,0.0,0.0
2023-08-13 00:00:00+00:00,True,24.91,24.95,24.69,24.84,0.0,0.0,0.0
2023-08-13 04:00:00+00:00,True,24.84,24.86,24.64,24.74,0.0,0.0,0.0
2023-08-13 08:00:00+00:00,True,24.73,24.86,24.65,24.67,0.0,0.0,0.0
2023-08-13 12:00:00+00:00,True,24.66,24.76,24.5,24.55,0.0,0.0,0.0
2023-08-13 16:00:00+00:00,True,24.54,24.68,24.4,24.66,0.0,0.0,0.0
2023-08-13 20:00:00+00:00,True,24.65,24.65,24.15,24.19,0.0,0.0,0.0
2023-08-14 00:00:00+00:00,True,24.19,24.4,24.05,24.39,0.0,0.0,0.0
2023-08-14 04:00:00+00:00,True,24.39,24.5,24.35,24.41,0.0,0.0,0.0
2023-08-14 08:00:00+00:00,True,24.41,24.56,24.4,24.47,0.0,0.0,0.0
2023-08-14 12:00:00+00:00,True,24.48,24.9,24.3,24.86,0.0,0.0,0.0
2023-08-14 16:00:00+00:00,True,24.86,25.29,24.52,24.76,0.0,0.0,0.0
2023-08-14 20:00:00+00:00,True,24.78,25.25,24.75,25.16,0.0,0.0,0.0
2023-08-15 00:00:00+00:00,True,25.16,25.39,24.86,24.97,0.0,0.0,0.0
2023-08-15 04:00:00+00:00,True,24.97,25.04,24.7,24.81,0.0,0.0,0.0
2023-08-15 08:00:00+00:00,True,24.81,25.03,24.71,24.82,0.0,0.0,0.0
2023-08-15 12:00:00+00:00,True,24.82,24.97,24.65,24.74,0.0,0.0,0.0
2023-08-15 16:00:00+00:00,True,24.74,24.81,23.71,23.98,0.0,0.0,0.0
2023-08-15 20:00:00+00:00,True,23.97,24.13,23.72,23.92,0.0,0.0,0.0
2023-08-16 00:00:00+00:00,False,23.92,24.01,23.59,23.67,0.0,0.0,0.0
2023-08-16 04:00:00+00:00,False,23.68,23.75,23.33,23.44,0.0,0.0,0.0
2023-08-16 08:00:00+00:00,False,23.43,23.55,23.19,23.45,0.0,0.0,0.0
2023-08-16 12:00:00+00:00,False,23.45,23.46,22.9,23.0,0.0,0.0,0.0
2023-08-16 16:00:00+00:00,False,22.99,23.62,22.87,23.38,0.0,0.0,0.0
2023-08-16 20:00:00+00:00,False,23.38,23.39,22.37,22.85,0.0,0.0,0.0
2023-08-17 00:00:00+00:00,False,22.84,23.41,22.44,23.29,0.0,0.0,0.0
2023-08-17 04:00:00+00:00,False,23.28,23.36,23.18,23.26,0.0,0.0,0.0
2023-08-17 08:00:00+00:00,False,23.27,23.28,22.96,23.04,0.0,0.0,0.0
2023-08-17 12:00:00+00:00,False,23.04,23.4,22.55,22.65,0.0,0.0,0.0
2023-08-17 16:00:00+00:00,False,22.65,23.3,22.59,23.05,0.0,0.0,0.0
2023-08-17 20:00:00+00:00,False,23.04,23.06,20.5,21.77,0.0,0.0,0.0
2023-08-18 00:00:00+00:00,False,21.78,22.03,21.31,21.56,0.0,0.0,0.0
2023-08-18 04:00:00+00:00,False,21.56,22.2,21.4,22.16,0.0,0.0,0.0
2023-08-18 08:00:00+00:00,False,22.16,22.18,21.8,21.97,0.0,0.0,0.0
2023-08-18 12:00:00+00:00,False,21.96,22.05,21.55,21.64,0.0,0.0,0.0
2023-08-18 16:00:00+00:00,False,21.64,21.74,20.9,21.29,0.0,0.0,0.0
2023-08-18 20:00:00+00:00,False,21.29,21.49,21.21,21.34,0.0,0.0,0.0
2023-08-19 00:00:00+00:00,False,21.33,21.66,21.31,21.4,0.0,0.0,0.0
2023-08-19 04:00:00+00:00,False,21.41,21.84,21.36,21.77,0.0,0.0,0.0
2023-08-19 08:00:00+00:00,False,21.76,21.87,21.59,21.66,0.0,0.0,0.0
2023-08-19 12:00:00+00:00,False,21.66,22.03,21.62,22.01,0.0,0.0,0.0
2023-08-19 16:00:00+00:00,False,22.01,22.17,21.78,21.89,0.0,0.0,0.0
2023-08-19 20:00:00+00:00,False,21.88,21.92,21.71,21.89,0.0,0.0,0.0
2023-08-20 00:00:00+00:00,False,21.9,21.96,21.75,21.79,0.0,0.0,0.0
2023-08-20 04:00:00+00:00,False,21.78,21.82,21.57,21.73,0.0,0.0,0.0
2023-08-20 08:00:00+00:00,False,21.72,22.03,21.64,21.92,0.0,0.0,0.0
2023-08-20 12:00:00+00:00,False,21.91,21.98,21.67,21.8,0.0,0.0,0.0
2023-08-20 16:00:00+00:00,False,21.79,21.88,21.58,21.81,0.0,0.0,0.0
2023-08-20 20:00:00+00:00,False,21.8,21.95,21.72,21.76,0.0,0.0,0.0
2023-08-21 00:00:00+00:00,False,21.77,21.78,21.34,21.41,0.0,0.0,0.0
2023-08-21 04:00:00+00:00,False,21.41,21.69,21.28,21.34,0.0,0.0,0.0
2023-08-21 08:00:00+00:00,False,21.33,21.35,20.96,21.25,0.0,0.0,0.0
2023-08-21 12:00:00+00:00,False,21.25,21.4,20.31,20.8,0.0,0.0,0.0
2023-08-21 16:00:00+00:00,False,20.79,21.38,20.67,21.36,0.0,0.0,0.0
2023-08-21 20:00:00+00:00,False,21.35,21.41,21.18,21.21,0.0,0.0,0.0
2023-08-22 00:00:00+00:00,False,21.21,21.27,21.03,21.1,0.0,0.0,0.0
2023-08-22 04:00:00+00:00,False,21.09,21.2,20.95,21.19,0.0,0.0,0.0
2023-08-22 08:00:00+00:00,False,21.19,21.2,20.88,20.93,0.0,0.0,0.0
2023-08-22 12:00:00+00:00,False,20.94,21.07,20.54,20.56,0.0,0.0,0.0
2023-08-22 16:00:00+00:00,False,20.55,20.72,19.99,20.12,0.0,0.0,0.0
2023-08-22 20:00:00+00:00,False,20.12,20.68,19.29,20.61,0.0,0.0,0.0
2023-08-23 00:00:00+00:00,False,20.62,20.75,20.46,20.58,0.0,0.0,0.0
2023-08-23 04:00:00+00:00,False,20.59,20.89,20.48,20.78,0.0,0.0,0.0
2023-08-23 08:00:00+00:00,False,20.78,20.91,20.59,20.64,0.0,0.0,0.0
2023-08-23 12:00:00+00:00,False,20.65,20.98,20.34,20.93,0.0,0.0,0.0
2023-08-23 16:00:00+00:00,False,20.94,21.68,20.9,21.51,0.0,0.0,0.0
2023-08-23 20:00:00+00:00,False,21.5,21.81,21.26,21.72,0.0,0.0,0.0
2023-08-24 00:00:00+00:00,False,21.71,21.82,21.59,21.77,0.0,0.0,0.0
2023-08-24 04:00:00+00:00,False,21.76,22.03,21.67,21.74,0.0,0.0,0.0
2023-08-24 08:00:00+00:00,True,21.73,21.91,21.62,21.68,0.0,0.0,0.0
2023-08-24 12:00:00+00:00,True,21.69,21.73,21.01,21.05,0.0,0.0,0.0
2023-08-24 16:00:00+00:00,True,21.04,21.2,20.73,20.84,0.0,0.0,0.0
2023-08-24 20:00:00+00:00,True,20.84,21.08,20.67,20.99,0.0,0.0,0.0
2023-08-25 00:00:00+00:00,True,20.98,21.02,20.47,20.75,0.0,0.0,0.0
2023-08-25 04:00:00+00:00,True,20.74,20.75,20.42,20.62,0.0,0.0,0.0
2023-08-25 08:00:00+00:00,True,20.61,20.76,20.6,20.7,0.0,0.0,0.0
2023-08-25 12:00:00+00:00,True,20.7,20.88,20.24,20.31,0.0,0.0,0.0
2023-08-25 16:00:00+00:00,True,20.31,20.46,20.08,20.21,0.0,0.0,0.0
2023-08-25 20:00:00+00:00,False,20.21,20.43,20.17,20.34,0.0,0.0,0.0
2023-08-26 00:00:00+00:00,False,20.35,20.41,20.21,20.38,0.0,0.0,0.0
2023-08-26 04:00:00+00:00,False,20.38,20.43,20.2,20.27,0.0,0.0,0.0
2023-08-26 08:00:00+00:00,False,20.29,20.35,20.23,20.27,0.0,0.0,0.0
2023-08-26 12:00:00+00:00,False,20.27,20.39,20.17,20.34,0.0,0.0,0.0
2023-08-26 16:00:00+00:00,False,20.35,20.39,20.19,20.32,0.0,0.0,0.0
2023-08-26 20:00:00+00:00,False,20.32,20.37,20.23,20.28,0.0,0.0,0.0
2023-08-27 00:00:00+00:00,False,20.27,20.39,20.23,20.3,0.0,0.0,0.0
2023-08-27 04:00:00+00:00,False,20.31,20.42,20.28,20.38,0.0,0.0,0.0
2023-08-27 08:00:00+00:00,False,20.39,20.73,20.37,20.55,0.0,0.0,0.0
2023-08-27 12:00:00+00:00,False,20.55,20.91,20.55,20.7,0.0,0.0,0.0
2023-08-27 16:00:00+00:00,True,20.71,20.79,20.55,20.77,0.0,1.0,0.0
2023-08-27 20:00:00+00:00,True,20.77,20.83,20.62,20.73,0.0,1.0,0.0
2023-08-28 00:00:00+00:00,True,20.73,20.76,20.42,20.45,0.0,1.0,0.0
2023-08-28 04:00:00+00:00,True,20.45,20.5,20.2,20.37,0.0,1.0,0.0
2023-08-28 08:00:00+00:00,True,20.37,20.37,20.03,20.33,0.0,1.0,0.0
2023-08-28 12:00:00+00:00,True,20.34,20.78,20.33,20.58,0.0,1.0,0.0
2023-08-28 16:00:00+00:00,True,20.57,20.68,20.36,20.47,0.0,1.0,0.0
2023-08-28 20:00:00+00:00,True,20.46,20.63,20.36,20.57,0.0,1.0,0.0
2023-08-29 00:00:00+00:00,True,20.57,20.75,20.42,20.5,0.0,1.0,0.0
2023-08-29 04:00:00+00:00,True,20.49,20.51,20.21,20.24,0.0,1.0,0.0
2023-08-29 08:00:00+00:00,True,20.24,20.33,20.11,20.14,0.0,1.0,0.0
2023-08-29 12:00:00+00:00,True,20.14,22.02,20.11,21.24,0.0,1.0,0.0
2023-08-29 16:00:00+00:00,True,21.25,21.95,21.18,21.64,0.0,1.0,0.0
2023-08-29 20:00:00+00:00,True,21.65,21.97,21.64,21.83,0.0,1.0,0.0
2023-08-30 00:00:00+00:00,True,21.85,21.99,21.5,21.66,0.0,1.0,0.0
2023-08-30 04:00:00+00:00,True,21.67,21.75,21.55,21.59,0.0,1.0,0.0
2023-08-30 08:00:00+00:00,True,21.59,21.72,21.39,21.44,0.0,1.0,0.0
2023-08-30 12:00:00+00:00,True,21.44,21.52,20.67,20.82,0.0,1.0,0.0
2023-08-30 16:00:00+00:00,True,20.82,20.85,20.6,20.68,0.0,1.0,0.0
2023-08-30 20:00:00+00:00,True,20.68,20.9,20.66,20.8,0.0,1.0,0.0
2023-08-31 00:00:00+00:00,True,20.79,20.79,20.61,20.64,0.0,1.0,0.0
2023-08-31 04:00:00+00:00,True,20.66,20.84,20.63,20.79,0.0,1.0,0.0
2023-08-31 08:00:00+00:00,True,20.79,21.07,20.68,20.78,0.0,1.0,0.0
2023-08-31 12:00:00+00:00,True,20.79,20.86,20.21,20.3,0.0,1.0,0.0
2023-08-31 16:00:00+00:00,True,20.28,20.31,19.42,19.77,0.0,1.0,0.0
2023-08-31 20:00:00+00:00,True,19.76,19.84,19.44,19.78,0.0,1.0,0.0
2023-09-01 00:00:00+00:00,True,19.79,19.92,19.73,19.86,0.0,1.0,0.0
2023-09-01 04:00:00+00:00,True,19.87,19.93,19.76,19.8,0.0,1.0,0.0
2023-09-01 08:00:00+00:00,False,19.8,19.91,19.72,19.85,0.0,1.0,1.0
2023-09-01 12:00:00+00:00,False,19.86,19.93,19.27,19.39,0.0,1.0,1.0
2023-09-01 16:00:00+00:00,False,19.39,19.55,19.02,19.28,0.0,1.0,1.0
2023-09-01 20:00:00+00:00,False,19.28,19.5,19.21,19.33,0.0,1.0,1.0
2023-09-02 00:00:00+00:00,False,19.33,19.63,19.31,19.59,0.0,1.0,1.0
2023-09-02 04:00:00+00:00,False,19.59,19.65,19.44,19.6,0.0,1.0,1.0
2023-09-02 08:00:00+00:00,False,19.59,19.66,19.49,19.59,0.0,1.0,1.0
2023-09-02 12:00:00+00:00,False,19.6,19.69,19.37,19.58,0.0,1.0,1.0
2023-09-02 16:00:00+00:00,False,19.59,19.6,19.13,19.39,0.0,1.0,1.0
2023-09-02 20:00:00+00:00,False,19.4,19.55,19.36,19.51,0.0,1.0,1.0
2023-09-03 00:00:00+00:00,False,19.51,19.67,19.46,19.62,0.0,1.0,1.0
2023-09-03 04:00:00+00:00,False,19.61,19.62,19.48,19.53,0.0,1.0,1.0
2023-09-03 08:00:00+00:00,False,19.53,19.53,19.32,19.44,0.0,1.0,1.0
2023-09-03 12:00:00+00:00,False,19.46,19.57,19.29,19.38,0.0,1.0,1.0
2023-09-03 16:00:00+00:00,False,19.38,19.57,19.23,19.51,0.0,1.0,1.0
2023-09-03 20:00:00+00:00,False,19.53,19.64,19.43,19.6,0.0,1.0,1.0
2023-09-04 00:00:00+00:00,False,19.6,20.03,19.56,19.78,0.0,1.0,1.0
2023-09-04 04:00:00+00:00,False,19.79,19.86,19.62,19.8,0.0,1.0,1.0
2023-09-04 08:00:00+00:00,False,19.8,19.88,19.54,19.55,0.0,1.0,1.0
2023-09-04 12:00:00+00:00,False,19.55,19.63,19.23,19.4,0.0,1.0,1.0
2023-09-04 16:00:00+00:00,False,19.4,19.53,19.32,19.44,0.0,1.0,1.0
2023-09-04 20:00:00+00:00,False,19.43,19.56,19.16,19.46,0.0,1.0,1.0
2023-09-05 00:00:00+00:00,False,19.47,19.49,19.03,19.23,0.0,1.0,1.0
2023-09-05 04:00:00+00:00,True,19.23,19.46,19.21,19.38,0.0,0.0,1.0
2023-09-05 08:00:00+00:00,True,19.38,19.61,19.24,19.52,0.0,0.0,1.0
2023-09-05 12:00:00+00:00,True,19.52,20.6,19.47,20.35,0.0,0.0,1.0
2023-09-05 16:00:00+00:00,True,20.34,20.57,20.15,20.23,0.0,0.0,1.0
2023-09-05 20:00:00+00:00,True,20.24,20.34,20.06,20.28,0.0,0.0,1.0
2023-09-06 00:00:00+00:00,True,20.28,20.37,20.08,20.15,0.0,0.0,1.0
2023-09-06 04:00:00+00:00,True,20.15,20.15,19.68,19.75,0.0,0.0,1.0
2023-09-06 08:00:00+00:00,True,19.74,19.87,19.69,19.73,0.0,0.0,1.0
2023-09-06 12:00:00+00:00,True,19.73,19.83,19.14,19.36,0.0,0.0,1.0
2023-09-06 16:00:00+00:00,True,19.36,19.86,19.14,19.51,0.0,0.0,1.0
2023-09-06 20:00:00+00:00,True,19.51,19.66,19.49,19.62,0.0,0.0,1.0
2023-09-07 00:00:00+00:00,True,19.62,19.8,19.56,19.77,0.0,0.0,1.0
2023-09-07 04:00:00+00:00,True,19.77,19.82,19.52,19.53,0.0,0.0,1.0
2023-09-07 08:00:00+00:00,True,19.53,19.61,19.35,19.41,0.0,0.0,1.0
2023-09-07 12:00:00+00:00,True,19.41,19.62,19.32,19.54,0.0,0.0,1.0
2023-09-07 16:00:00+00:00,True,19.54,19.75,19.52,19.63,0.0,0.0,1.0
2023-09-07 20:00:00+00:00,True,19.63,20.0,19.61,19.9,0.0,0.0,1.0
2023-09-08 00:00:00+00:00,True,19.91,20.28,19.84,20.03,0.0,0.0,1.0
2023-09-08 04:00:00+00:00,True,20.03,20.09,19.83,19.88,0.0,0.0,1.0
2023-09-08 08:00:00+00:00,True,19.88,19.88,19.37,19.53,0.0,0.0,1.0
2023-09-08 12:00:00+00:00,True,19.53,19.69,19.49,19.49,0.0,0.0,1.0
2023-09-08 16:00:00+00:00,True,19.49,19.58,19.39,19.57,0.0,0.0,1.0
2023-09-08 20:00:00+00:00,True,19.57,19.64,19.47,19.6,0.0,0.0,1.0
2023-09-09 00:00:00+00:00,True,19.59,19.61,19.47,19.54,0.0,0.0,1.0
2023-09-09 04:00:00+00:00,True,19.53,19.59,19.45,19.49,0.0,0.0,1.0
2023-09-09 08:00:00+00:00,True,19.49,19.57,19.44,19.54,0.0,0.0,1.0
2023-09-09 12:00:00+00:00,True,19.54,19.58,19.47,19.5,0.0,0.0,1.0
2023-09-09 16:00:00+00:00,True,19.51,19.58,19.37,19.44,0.0,0.0,1.0
2023-09-09 20:00:00+00:00,True,19.44,19.54,19.4,19.42,0.0,0.0,1.0
2023-09-10 00:00:00+00:00,True,19.42,19.43,19.15,19.17,0.0,0.0,1.0
2023-09-10 04:00:00+00:00,True,19.16,19.16,18.01,18.48,0.0,0.0,1.0
2023-09-10 08:00:00+00:00,False,18.48,18.5,18.25,18.38,0.0,0.0,0.0
2023-09-10 12:00:00+00:00,False,18.37,18.45,17.8,18.15,0.0,0.0,0.0
2023-09-10 16:00:00+00:00,False,18.16,18.26,17.83,18.16,0.0,0.0,0.0
2023-09-10 20:00:00+00:00,False,18.15,18.6,18.15,18.21,0.0,0.0,0.0
2023-09-11 00:00:00+00:00,False,18.2,18.46,17.99,18.33,0.0,0.0,0.0
2023-09-11 04:00:00+00:00,False,18.33,18.43,18.14,18.17,0.0,0.0,0.0
2023-09-11 08:00:00+00:00,False,18.16,18.18,17.37,17.68,0.0,0.0,0.0
2023-09-11 12:00:00+00:00,False,17.69,18.0,17.34,17.83,0.0,0.0,0.0
2023-09-11 16:00:00+00:00,False,17.83,17.98,17.42,17.53,0.0,0.0,0.0
2023-09-11 20:00:00+00:00,False,17.53,17.75,17.46,17.7,0.0,0.0,0.0
2023-09-12 00:00:00+00:00,False,17.7,18.5,17.56,18.21,0.0,0.0,0.0
2023-09-12 04:00:00+00:00,False,18.2,18.24,17.85,17.94,0.0,0.0,0.0
2023-09-12 08:00:00+00:00,False,17.96,18.8,17.93,18.3,0.0,0.0,0.0
2023-09-12 12:00:00+00:00,False,18.3,18.41,17.91,18.03,0.0,0.0,0.0
2023-09-12 16:00:00+00:00,False,18.02,18.3,17.69,17.95,0.0,0.0,0.0
2023-09-12 20:00:00+00:00,False,17.95,18.07,17.87,17.89,0.0,0.0,0.0
2023-09-13 00:00:00+00:00,False,17.91,18.18,17.79,17.81,0.0,0.0,0.0
2023-09-13 04:00:00+00:00,False,17.81,18.57,17.69,17.96,0.0,0.0,0.0
2023-09-13 08:00:00+00:00,False,17.98,18.29,17.95,18.15,0.0,0.0,0.0
2023-09-13 12:00:00+00:00,False,18.15,18.54,17.97,18.41,0.0,0.0,0.0
2023-09-13 16:00:00+00:00,False,18.42,18.54,17.89,18.38,0.0,0.0,0.0
2023-09-13 20:00:00+00:00,False,18.38,18.52,18.25,18.43,0.0,0.0,0.0
2023-09-14 00:00:00+00:00,False,18.43,19.32,18.42,18.9,0.0,0.0,0.0
2023-09-14 04:00:00+00:00,True,18.9,18.95,18.58,18.82,0.0,0.0,0.0
2023-09-14 08:00:00+00:00,True,18.84,18.91,18.54,18.85,0.0,0.0,0.0
2023-09-14 12:00:00+00:00,True,18.85,19.19,18.76,19.09,0.0,0.0,0.0
2023-09-14 16:00:00+00:00,True,19.08,19.12,18.87,19.02,0.0,0.0,0.0
2023-09-14 20:00:00+00:00,True,19.01,19.02,18.79,18.84,0.0,0.0,0.0
2023-09-15 00:00:00+00:00,True,18.84,19.19,18.73,19.14,0.0,0.0,0.0
2023-09-15 04:00:00+00:00,True,19.14,19.3,19.04,19.07,0.0,0.0,0.0
2023-09-15 08:00:00+00:00,True,19.07,19.25,19.0,19.04,0.0,0.0,0.0
2023-09-15 12:00:00+00:00,True,19.04,19.07,18.73,18.88,0.0,0.0,0.0
2023-09-15 16:00:00+00:00,True,18.87,18.91,18.56,18.71,0.0,0.0,0.0
2023-09-15 20:00:00+00:00,True,18.7,19.49,18.67,19.15,0.0,0.0,0.0
2023-09-16 00:00:00+00:00,True,19.15,19.46,19.06,19.2,0.0,0.0,0.0
2023-09-16 04:00:00+00:00,True,19.2,19.38,19.06,19.11,0.0,0.0,0.0
2023-09-16 08:00:00+00:00,True,19.1,19.25,19.03,19.14,0.0,0.0,0.0
2023-09-16 12:00:00+00:00,True,19.13,19.2,18.88,18.96,0.0,0.0,0.0
2023-09-16 16:00:00+00:00,True,18.98,19.14,18.93,19.02,0.0,0.0,0.0
2023-09-16 20:00:00+00:00,True,19.02,19.15,19.02,19.1,0.0,0.0,0.0
2023-09-17 00:00:00+00:00,True,19.09,19.1,18.75,18.99,0.0,0.0,0.0
2023-09-17 04:00:00+00:00,True,19.0,19.06,18.88,18.94,0.0,0.0,0.0
2023-09-17 08:00:00+00:00,True,18.94,19.11,18.92,19.07,0.0,0.0,0.0
2023-09-17 12:00:00+00:00,True,19.07,19.09,18.96,18.99,0.0,0.0,0.0
2023-09-17 16:00:00+00:00,True,18.99,18.99,18.77,18.88,0.0,0.0,0.0
2023-09-17 20:00:00+00:00,True,18.88,18.9,18.65,18.82,0.0,0.0,0.0
2023-09-18 00:00:00+00:00,True,18.82,19.31,18.6,19.29,0.0,0.0,0.0
2023-09-18 04:00:00+00:00,True,19.27,19.28,19.0,19.16,0.0,0.0,0.0
2023-09-18 08:00:00+00:00,True,19.16,19.74,19.09,19.64,0.0,0.0,0.0
2023-09-18 12:00:00+00:00,True,19.65,20.16,19.55,20.01,0.0,0.0,0.0
2023-09-18 16:00:00+00:00,True,20.0,20.06,19.51,19.76,0.0,0.0,0.0
2023-09-18 20:00:00+00:00,True,19.76,19.89,19.61,19.73,0.0,0.0,0.0
2023-09-19 00:00:00+00:00,True,19.73,19.99,19.58,19.98,0.0,0.0,0.0
2023-09-19 04:00:00+00:00,True,19.98,19.99,19.75,19.77,0.0,0.0,0.0
2023-09-19 08:00:00+00:00,True,19.78,20.4,19.78,20.2,0.0,0.0,0.0
2023-09-19 12:00:00+00:00,True,20.2,20.22,19.83,20.09,0.0,0.0,0.0
2023-09-19 16:00:00+00:00,True,20.08,20.17,19.84,19.88,0.0,0.0,0.0
2023-09-19 20:00:00+00:00,True,19.89,20.1,19.85,20.03,0.0,0.0,0.0
2023-09-20 00:00:00+00:00,True,20.03,20.24,19.85,19.9,0.0,0.0,0.0
2023-09-20 04:00:00+00:00,True,19.91,19.98,19.81,19.93,0.0,0.0,0.0
2023-09-20 08:00:00+00:00,True,19.93,20.17,19.88,20.09,0.0,0.0,0.0
2023-09-20 12:00:00+00:00,True,20.09,20.38,19.9,20.19,0.0,0.0,0.0
2023-09-20 16:00:00+00:00,True,20.18,20.5,19.89,20.14,0.0,0.0,0.0
2023-09-20 20:00:00+00:00,True,20.15,20.46,20.1,20.26,0.0,0.0,0.0
2023-09-21 00:00:00+00:00,True,20.27,20.29,19.92,20.13,0.0,0.0,0.0
2023-09-21 04:00:00+00:00,True,20.12,20.16,19.76,19.9,0.0,0.0,0.0
2023-09-21 08:00:00+00:00,True,19.9,19.97,19.35,19.64,0.0,0.0,0.0
2023-09-21 12:00:00+00:00,True,19.63,19.65,19.27,19.57,0.0,0.0,0.0
2023-09-21 16:00:00+00:00,True,19.57,19.71,19.54,19.56,0.0,0.0,0.0
2023-09-21 20:00:00+00:00,True,19.56,19.63,19.43,19.47,0.0,0.0,0.0
2023-09-22 00:00:00+00:00,True,19.46,19.72,19.25,19.71,0.0,0.0,0.0
2023-09-22 04:00:00+00:00,True,19.71,19.73,19.54,19.69,0.0,0.0,0.0
2023-09-22 08:00:00+00:00,True,19.69,19.79,19.59,19.68,0.0,0.0,0.0
2023-09-22 12:00:00+00:00,True,19.68,19.69,19.45,19.46,0.0,0.0,0.0
2023-09-22 16:00:00+00:00,True,19.45,19.5,19.3,19.39,0.0,0.0,0.0
2023-09-22 20:00:00+00:00,True,19.38,19.49,19.16,19.46,0.0,0.0,0.0
2023-09-23 00:00:00+00:00,False,19.45,19.58,19.29,19.34,0.0,0.0,0.0
2023-09-23 04:00:00+00:00,False,19.34,19.54,19.32,19.52,0.0,0.0,0.0
2023-09-23 08:00:00+00:00,False,19.52,19.54,19.44,19.53,0.0,0.0,0.0
2023-09-23 12:00:00+00:00,False,19.53,19.54,19.28,19.29,0.0,0.0,0.0
2023-09-23 16:00:00+00:00,False,19.29,19.5,19.29,19.49,0.0,0.0,0.0
2023-09-23 20:00:00+00:00,False,19.49,19.52,19.39,19.49,0.0,0.0,0.0
2023-09-24 00:00:00+00:00,False,19.51,19.65,19.43,19.58,0.0,0.0,0.0
2023-09-24 04:00:00+00:00,False,19.59,19.65,19.49,19.62,0.0,0.0,0.0
2023-09-24 08:00:00+00:00,False,19.62,19.67,19.53,19.64,0.0,0.0,0.0
2023-09-24 12:00:00+00:00,False,19.64,19.65,19.44,19.54,0.0,0.0,0.0
2023-09-24 16:00:00+00:00,False,19.54,19.65,19.44,19.45,0.0,0.0,0.0
2023-09-24 20:00:00+00:00,False,19.46,19.54,19.21,19.37,0.0,0.0,0.0
2023-09-25 00:00:00+00:00,False,19.35,19.61,19.09,19.48,0.0,0.0,0.0
2023-09-25 04:00:00+00:00,False,19.49,19.55,19.34,19.48,0.0,0.0,0.0
2023-09-25 08:00:00+00:00,False,19.49,19.58,19.4,19.58,0.0,0.0,0.0
2023-09-25 12:00:00+00:00,False,19.58,19.67,19.44,19.63,0.0,0.0,0.0
2023-09-25 16:00:00+00:00,False,19.64,19.74,19.46,19.56,0.0,0.0,0.0
2023-09-25 20:00:00+00:00,False,19.56,19.56,19.35,19.37,0.0,0.0,0.0
2023-09-26 00:00:00+00:00,False,19.37,19.52,19.28,19.45,0.0,0.0,0.0
2023-09-26 04:00:00+00:00,False,19.45,19.48,19.3,19.33,0.0,0.0,0.0
2023-09-26 08:00:00+00:00,False,19.34,19.43,19.24,19.39,0.0,0.0,0.0
2023-09-26 12:00:00+00:00,False,19.39,19.4,19.11,19.17,0.0,0.0,0.0
2023-09-26 16:00:00+00:00,False,19.17,19.29,19.11,19.23,0.0,0.0,0.0
2023-09-26 20:00:00+00:00,False,19.24,19.25,18.83,19.02,0.0,0.0,0.0
2023-09-27 00:00:00+00:00,False,19.03,19.12,18.92,19.0,0.0,0.0,0.0
2023-09-27 04:00:00+00:00,False,19.01,19.02,18.88,18.92,0.0,0.0,0.0
2023-09-27 08:00:00+00:00,False,18.92,19.46,18.85,19.36,0.0,0.0,0.0
2023-09-27 12:00:00+00:00,False,19.36,19.46,18.76,18.9,0.0,0.0,0.0
2023-09-27 16:00:00+00:00,False,18.89,19.02,18.73,18.96,0.0,0.0,0.0
2023-09-27 20:00:00+00:00,False,18.95,19.15,18.87,19.09,0.0,0.0,0.0
2023-09-28 00:00:00+00:00,False,19.08,19.4,19.08,19.2,0.0,0.0,0.0
2023-09-28 04:00:00+00:00,False,19.21,19.22,19.15,19.19,0.0,0.0,0.0
2023-09-28 08:00:00+00:00,False,19.19,19.27,19.1,19.17,0.0,0.0,0.0
2023-09-28 12:00:00+00:00,False,19.18,19.66,19.14,19.65,0.0,0.0,0.0
2023-09-28 16:00:00+00:00,False,19.65,19.76,19.44,19.75,0.0,0.0,0.0
2023-09-28 20:00:00+00:00,False,19.74,20.05,19.59,19.93,0.0,0.0,0.0
2023-09-29 00:00:00+00:00,True,19.93,20.33,19.86,20.23,0.0,1.0,0.0
2023-09-29 04:00:00+00:00,True,20.23,20.35,20.04,20.23,0.0,1.0,0.0
2023-09-29 08:00:00+00:00,True,20.23,20.31,20.03,20.13,0.0,1.0,0.0
2023-09-29 12:00:00+00:00,True,20.12,20.5,20.02,20.33,0.0,1.0,0.0
2023-09-29 16:00:00+00:00,True,20.35,20.35,20.08,20.26,0.0,1.0,0.0
2023-09-29 20:00:00+00:00,True,20.26,20.38,20.2,20.26,0.0,1.0,0.0
2023-09-30 00:00:00+00:00,True,20.26,20.45,20.22,20.22,0.0,1.0,0.0
2023-09-30 04:00:00+00:00,True,20.23,20.35,20.08,20.3,0.0,1.0,0.0
2023-09-30 08:00:00+00:00,True,20.3,20.39,20.27,20.31,0.0,1.0,0.0
2023-09-30 12:00:00+00:00,True,20.31,21.65,20.3,21.5,0.0,1.0,0.0
2023-09-30 16:00:00+00:00,True,21.49,21.8,21.25,21.43,0.0,1.0,0.0
2023-09-30 20:00:00+00:00,True,21.44,21.47,21.24,21.31,0.0,1.0,0.0
2023-10-01 00:00:00+00:00,True,21.32,21.43,21.13,21.19,0.0,1.0,0.0
2023-10-01 04:00:00+00:00,True,21.2,21.41,21.17,21.4,0.0,1.0,0.0
2023-10-01 08:00:00+00:00,True,21.41,24.2,21.38,23.04,0.0,1.0,0.0
2023-10-01 12:00:00+00:00,True,23.04,23.45,22.83,22.99,0.0,1.0,0.0
2023-10-01 16:00:00+00:00,True,22.98,23.03,22.45,22.66,0.0,1.0,0.0
2023-10-01 20:00:00+00:00,True,22.66,24.49,22.64,23.82,0.0,1.0,0.0
2023-10-02 00:00:00+00:00,True,23.85,24.34,23.57,24.1,0.0,1.0,0.0
2023-10-02 04:00:00+00:00,True,24.1,24.8,24.1,24.3,0.0,1.0,0.0
2023-10-02 08:00:00+00:00,True,24.29,24.52,23.78,23.82,0.0,1.0,0.0
2023-10-02 12:00:00+00:00,True,23.81,24.49,23.6,24.0,0.0,1.0,0.0
2023-10-02 16:00:00+00:00,True,24.0,24.29,23.02,23.71,0.0,1.0,0.0
2023-10-02 20:00:00+00:00,True,23.68,23.69,22.9,23.37,0.0,1.0,0.0
2023-10-03 00:00:00+00:00,True,23.36,23.78,23.3,23.63,0.0,1.0,0.0
2023-10-03 04:00:00+00:00,True,23.62,24.25,23.49,23.92,0.0,1.0,0.0
2023-10-03 08:00:00+00:00,True,23.91,24.42,23.78,23.92,0.0,1.0,0.0
2023-10-03 12:00:00+00:00,True,23.92,24.76,23.77,24.08,0.0,1.0,0.0
2023-10-03 16:00:00+00:00,True,24.09,24.34,23.45,23.47,0.0,1.0,0.0
2023-10-03 20:00:00+00:00,True,23.48,23.75,23.22,23.48,0.0,1.0,0.0
2023-10-04 00:00:00+00:00,True,23.46,23.62,22.8,23.19,0.0,1.0,0.0
2023-10-04 04:00:00+00:00,True,23.18,23.23,22.79,23.19,0.0,1.0,0.0
2023-10-04 08:00:00+00:00,True,23.18,23.85,23.15,23.55,0.0,1.0,0.0
2023-10-04 12:00:00+00:00,True,23.54,23.64,22.58,22.71,0.0,1.0,0.0
2023-10-04 16:00:00+00:00,True,22.74,23.28,22.72,22.94,0.0,1.0,0.0
2023-10-04 20:00:00+00:00,True,22.95,23.36,22.92,23.07,0.0,1.0,0.0
2023-10-05 00:00:00+00:00,True,23.06,23.97,23.06,23.26,0.0,1.0,0.0
2023-10-05 04:00:00+00:00,True,23.26,23.5,22.84,22.97,0.0,1.0,0.0
2023-10-05 08:00:00+00:00,True,22.96,23.35,22.9,23.3,0.0,1.0,0.0
2023-10-05 12:00:00+00:00,True,23.29,23.59,22.64,22.81,0.0,1.0,0.0
2023-10-05 16:00:00+00:00,True,22.81,23.07,22.55,22.73,0.0,1.0,0.0
2023-10-05 20:00:00+00:00,False,22.73,22.87,22.63,22.78,0.0,1.0,1.0
2023-10-06 00:00:00+00:00,False,22.78,23.34,22.71,23.24,0.0,1.0,1.0
2023-10-06 04:00:00+00:00,False,23.24,23.44,22.95,23.37,0.0,1.0,1.0
2023-10-06 08:00:00+00:00,False,23.37,23.56,23.09,23.2,0.0,1.0,1.0
2023-10-06 12:00:00+00:00,False,23.18,23.73,22.71,23.59,0.0,1.0,1.0
2023-10-06 16:00:00+00:00,False,23.6,23.76,23.35,23.45,0.0,1.0,1.0
2023-10-06 20:00:00+00:00,False,23.45,23.79,23.31,23.44,0.0,1.0,1.0
2023-10-07 00:00:00+00:00,False,23.45,23.77,23.4,23.74,0.0,1.0,1.0
2023-10-07 04:00:00+00:00,False,23.74,24.2,23.49,23.54,0.0,1.0,1.0
2023-10-07 08:00:00+00:00,False,23.54,23.85,23.4,23.51,0.0,1.0,1.0
2023-10-07 12:00:00+00:00,False,23.51,23.59,23.32,23.33,0.0,1.0,1.0
2023-10-07 16:00:00+00:00,False,23.32,23.47,23.1,23.17,0.0,1.0,1.0
2023-10-07 20:00:00+00:00,False,23.18,23.37,23.18,23.29,0.0,1.0,1.0
2023-10-08 00:00:00+00:00,False,23.29,23.64,23.18,23.54,0.0,1.0,1.0
2023-10-08 04:00:00+00:00,False,23.53,23.53,23.21,23.31,0.0,1.0,1.0
2023-10-08 08:00:00+00:00,False,23.33,23.54,23.18,23.26,0.0,1.0,1.0
2023-10-08 12:00:00+00:00,False,23.26,23.56,23.09,23.55,0.0,1.0,1.0
2023-10-08 16:00:00+00:00,False,23.55,23.57,23.27,23.33,0.0,1.0,1.0
2023-10-08 20:00:00+00:00,False,23.33,23.5,23.18,23.23,0.0,1.0,1.0
2023-10-09 00:00:00+00:00,False,23.21,23.32,23.1,23.28,0.0,1.0,1.0
2023-10-09 04:00:00+00:00,False,23.28,23.38,22.88,22.99,0.0,1.0,1.0
2023-10-09 08:00:00+00:00,False,22.99,23.01,22.08,22.09,0.0,1.0,1.0
2023-10-09 12:00:00+00:00,False,22.1,22.4,22.06,22.13,0.0,1.0,1.0
2023-10-09 16:00:00+00:00,False,22.12,22.44,21.61,22.21,0.0,1.0,1.0
2023-10-09 20:00:00+00:00,False,22.21,22.26,22.01,22.11,0.0,1.0,1.0
2023-10-10 00:00:00+00:00,False,22.09,22.26,21.9,22.12,0.0,1.0,1.0
2023-10-10 04:00:00+00:00,False,22.13,22.4,22.05,22.36,0.0,1.0,1.0
2023-10-10 08:00:00+00:00,False,22.36,22.45,22.1,22.14,0.0,1.0,1.0
2023-10-10 12:00:00+00:00,False,22.14,22.48,21.93,21.96,0.0,1.0,1.0
2023-10-10 16:00:00+00:00,False,21.95,22.08,21.71,22.05,0.0,1.0,1.0
2023-10-10 20:00:00+00:00,False,22.05,22.2,21.81,22.14,0.0,1.0,1.0
2023-10-11 00:00:00+00:00,False,22.13,22.3,21.78,22.13,0.0,1.0,1.0
2023-10-11 04:00:00+00:00,False,22.12,22.37,21.98,22.04,0.0,1.0,1.0
2023-10-11 08:00:00+00:00,False,22.06,22.42,22.02,22.16,0.0,1.0,1.0
2023-10-11 12:00:00+00:00,False,22.15,22.34,21.89,21.96,0.0,1.0,1.0
2023-10-11 16:00:00+00:00,False,21.94,22.04,21.61,21.88,0.0,1.0,1.0
2023-10-11 20:00:00+00:00,False,21.87,22.02,21.74,21.95,0.0,1.0,1.0
2023-10-12 00:00:00+00:00,False,21.96,22.04,21.5,21.66,0.0,1.0,1.0
2023-10-12 04:00:00+00:00,False,21.66,21.83,21.58,21.59,0.0,1.0,1.0
2023-10-12 08:00:00+00:00,False,21.59,21.59,21.16,21.45,0.0,1.0,1.0
2023-10-12 12:00:00+00:00,False,21.44,21.53,21.19,21.21,0.0,1.0,1.0
2023-10-12 16:00:00+00:00,False,21.22,21.36,20.93,21.19,0.0,1.0,1.0
2023-10-12 20:00:00+00:00,False,21.19,21.35,21.13,21.26,0.0,1.0,1.0
2023-10-13 00:00:00+00:00,False,21.27,21.46,21.11,21.12,0.0,1.0,1.0
2023-10-13 04:00:00+00:00,False,21.12,21.45,21.12,21.44,0.0,1.0,1.0
2023-10-13 08:00:00+00:00,False,21.44,21.56,21.3,21.46,0.0,1.0,1.0
2023-10-13 12:00:00+00:00,False,21.46,21.61,21.35,21.45,0.0,1.0,1.0
2023-10-13 16:00:00+00:00,False,21.45,21.63,21.45,21.62,0.0,1.0,1.0
2023-10-13 20:00:00+00:00,False,21.63,22.22,21.57,21.86,0.0,1.0,1.0
2023-10-14 00:00:00+00:00,False,21.85,22.09,21.82,22.08,0.0,1.0,1.0
2023-10-14 04:00:00+00:00,False,22.08,22.25,21.94,22.18,0.0,1.0,1.0
2023-10-14 08:00:00+00:00,False,22.18,22.22,21.92,21.96,0.0,1.0,1.0
2023-10-14 12:00:00+00:00,False,21.97,22.1,21.85,22.05,0.0,1.0,1.0
2023-10-14 16:00:00+00:00,False,22.06,22.08,21.98,22.03,0.0,1.0,1.0
2023-10-14 20:00:00+00:00,False,22.03,22.05,21.92,21.96,0.0,1.0,1.0
2023-10-15 00:00:00+00:00,False,21.96,22.18,21.83,21.95,0.0,1.0,1.0
2023-10-15 04:00:00+00:00,False,21.95,21.97,21.87,21.96,0.0,1.0,1.0
2023-10-15 08:00:00+00:00,False,21.96,22.02,21.82,21.86,0.0,1.0,1.0
2023-10-15 12:00:00+00:00,False,21.85,21.94,21.67,21.75,0.0,1.0,1.0
2023-10-15 16:00:00+00:00,False,21.74,21.98,21.7,21.87,0.0,1.0,1.0
2023-10-15 20:00:00+00:00,False,21.87,22.11,21.84,21.98,0.0,1.0,1.0
2023-10-16 00:00:00+00:00,False,21.98,22.24,21.95,22.16,0.0,1.0,1.0
2023-10-16 04:00:00+00:00,False,22.16,23.05,22.12,22.96,0.0,1.0,1.0
2023-10-16 08:00:00+00:00,True,22.94,23.18,22.64,23.13,0.0,1.0,1.0
2023-10-16 12:00:00+00:00,True,23.13,24.78,22.92,23.26,0.0,1.0,1.0
2023-10-16 16:00:00+00:00,True,23.26,24.15,23.16,23.85,0.0,1.0,1.0
2023-10-16 20:00:00+00:00,True,23.86,24.21,23.66,24.0,0.0,1.0,1.0
2023-10-17 00:00:00+00:00,True,24.0,24.38,23.79,23.95,0.0,1.0,1.0
2023-10-17 04:00:00+00:00,True,23.94,24.23,23.77,24.19,0.0,1.0,1.0
2023-10-17 08:00:00+00:00,True,24.2,24.57,24.05,24.18,0.0,1.0,1.0
2023-10-17 12:00:00+00:00,True,24.17,24.19,23.46,23.97,0.0,1.0,1.0
2023-10-17 16:00:00+00:00,True,23.97,24.41,23.74,24.1,0.0,1.0,1.0
2023-10-17 20:00:00+00:00,True,24.11,24.25,23.9,23.99,0.0,1.0,1.0
2023-10-18 00:00:00+00:00,True,23.98,24.11,23.82,24.0,0.0,1.0,1.0
2023-10-18 04:00:00+00:00,True,24.0,24.44,23.88,23.94,0.0,1.0,1.0
2023-10-18 08:00:00+00:00,True,23.94,24.16,23.79,23.82,0.0,1.0,1.0
2023-10-18 12:00:00+00:00,True,23.82,23.92,23.64,23.73,0.0,1.0,1.0
2023-10-18 16:00:00+00:00,True,23.73,23.78,23.57,23.7,0.0,1.0,1.0
2023-10-18 20:00:00+00:00,True,23.7,23.75,23.36,23.43,0.0,1.0,1.0
2023-10-19 00:00:00+00:00,True,23.42,23.59,23.13,23.51,0.0,1.0,1.0
2023-10-19 04:00:00+00:00,True,23.51,23.91,23.46,23.89,0.0,1.0,1.0
2023-10-19 08:00:00+00:00,True,23.88,24.35,23.73,24.23,0.0,1.0,1.0
2023-10-19 12:00:00+00:00,True,24.24,24.98,24.06,24.94,0.0,1.0,1.0
2023-10-19 16:00:00+00:00,True,24.94,25.79,24.68,25.16,0.0,1.0,1.0
2023-10-19 20:00:00+00:00,True,25.15,25.25,24.74,25.06,0.0,1.0,1.0
2023-10-20 00:00:00+00:00,True,25.05,25.8,24.74,25.76,0.0,1.0,1.0
2023-10-20 04:00:00+00:00,True,25.75,26.62,25.6,26.41,0.0,1.0,1.0
2023-10-20 08:00:00+00:00,True,26.4,27.4,26.38,27.05,0.0,1.0,1.0
2023-10-20 12:00:00+00:00,True,27.05,27.11,26.57,26.9,0.0,1.0,1.0
2023-10-20 16:00:00+00:00,True,26.89,27.06,26.32,26.82,0.0,1.0,1.0
2023-10-20 20:00:00+00:00,True,26.82,27.37,26.73,27.06,0.0,1.0,1.0
2023-10-21 00:00:00+00:00,True,27.07,27.13,26.66,26.76,0.0,1.0,1.0
2023-10-21 04:00:00+00:00,True,26.77,28.2,26.68,27.98,0.0,1.0,1.0
2023-10-21 08:00:00+00:00,True,27.99,29.95,27.86,29.46,0.0,1.0,1.0
2023-10-21 12:00:00+00:00,True,29.47,29.47,28.61,29.01,0.0,1.0,1.0
2023-10-21 16:00:00+00:00,True,29.0,29.93,28.89,29.46,0.0,1.0,1.0
2023-10-21 20:00:00+00:00,True,29.47,30.33,29.21,29.24,0.0,1.0,1.0
2023-10-22 00:00:00+00:00,True,29.24,29.94,29.2,29.65,0.0,1.0,1.0
2023-10-22 04:00:00+00:00,True,29.65,30.03,28.21,28.96,0.0,1.0,1.0
2023-10-22 08:00:00+00:00,True,28.98,28.99,28.11,28.46,0.0,1.0,1.0
2023-10-22 12:00:00+00:00,True,28.47,28.91,28.32,28.54,0.0,1.0,1.0
2023-10-22 16:00:00+00:00,True,28.52,29.15,28.44,28.74,0.0,1.0,1.0
2023-10-22 20:00:00+00:00,True,28.75,29.34,28.69,29.04,0.0,1.0,1.0
2023-10-23 00:00:00+00:00,True,29.05,31.23,28.75,31.12,0.0,1.0,1.0
2023-10-23 04:00:00+00:00,True,31.11,31.38,29.91,30.07,0.0,1.0,1.0
2023-10-23 08:00:00+00:00,True,30.07,30.34,29.33,29.79,0.0,1.0,1.0
2023-10-23 12:00:00+00:00,True,29.8,29.88,28.82,29.0,0.0,1.0,1.0
2023-10-23 16:00:00+00:00,True,29.0,30.0,28.91,29.91,0.0,1.0,1.0
2023-10-23 20:00:00+00:00,True,29.9,32.69,29.76,31.79,0.0,1.0,1.0
2023-10-24 00:00:00+00:00,True,31.77,32.58,31.26,31.63,0.0,1.0,1.0
2023-10-24 04:00:00+00:00,True,31.63,31.78,30.65,31.28,0.0,1.0,1.0
2023-10-24 08:00:00+00:00,True,31.3,32.03,31.28,32.0,0.0,1.0,1.0
2023-10-24 12:00:00+00:00,True,32.0,32.59,30.34,30.4,0.0,1.0,1.0
2023-10-24 16:00:00+00:00,True,30.4,31.21,29.98,30.44,0.0,1.0,1.0
2023-10-24 20:00:00+00:00,True,30.4,30.79,29.51,30.21,0.0,1.0,1.0
2023-10-25 00:00:00+00:00,True,30.16,32.22,30.0,31.05,0.0,1.0,1.0
2023-10-25 04:00:00+00:00,True,31.05,31.87,30.4,31.02,0.0,1.0,1.0
2023-10-25 08:00:00+00:00,True,31.02,32.68,30.8,32.6,0.0,1.0,1.0
2023-10-25 12:00:00+00:00,True,32.58,33.9,32.58,33.28,0.0,1.0,1.0
2023-10-25 16:00:00+00:00,True,33.29,33.57,32.3,32.79,0.0,1.0,1.0
2023-10-25 20:00:00+00:00,True,32.77,33.08,31.87,32.36,0.0,1.0,1.0
2023-10-26 00:00:00+00:00,True,32.38,32.89,31.74,32.73,0.0,1.0,1.0
2023-10-26 04:00:00+00:00,True,32.72,33.27,32.05,32.91,0.0,1.0,1.0
2023-10-26 08:00:00+00:00,True,32.91,33.0,31.6,31.97,0.0,1.0,1.0
2023-10-26 12:00:00+00:00,True,31.97,32.41,30.89,31.3,0.0,1.0,1.0
2023-10-26 16:00:00+00:00,True,31.31,31.69,30.71,31.63,0.0,1.0,1.0
2023-10-26 20:00:00+00:00,True,31.63,33.25,31.62,32.67,0.0,1.0,1.0
2023-10-27 00:00:00+00:00,True,32.67,32.85,31.83,32.37,0.0,1.0,1.0
2023-10-27 04:00:00+00:00,True,32.36,32.89,32.13,32.39,0.0,1.0,1.0
2023-10-27 08:00:00+00:00,True,32.39,33.09,32.17,32.55,0.0,1.0,1.0
2023-10-27 12:00:00+00:00,True,32.55,33.36,31.92,32.05,0.0,1.0,1.0
2023-10-27 16:00:00+00:00,True,32.06,32.49,31.27,32.05,0.0,1.0,1.0
2023-10-27 20:00:00+00:00,True,32.04,32.28,31.46,31.79,0.0,1.0,1.0
2023-10-28 00:00:00+00:00,False,31.79,32.38,31.69,32.31,0.0,1.0,1.0
2023-10-28 04:00:00+00:00,False,32.3,32.48,32.07,32.27,0.0,1.0,1.0
2023-10-28 08:00:00+00:00,False,32.26,32.52,32.06,32.16,0.0,1.0,1.0
2023-10-28 12:00:00+00:00,False,32.17,32.17,31.66,32.05,0.0,1.0,1.0
2023-10-28 16:00:00+00:00,False,32.05,32.11,31.52,31.64,0.0,1.0,1.0
2023-10-28 20:00:00+00:00,False,31.65,32.0,31.4,31.6,0.0,1.0,1.0
2023-10-29 00:00:00+00:00,False,31.59,31.84,31.3,31.52,0.0,1.0,1.0
2023-10-29 04:00:00+00:00,False,31.52,32.44,31.52,32.36,0.0,1.0,1.0
2023-10-29 08:00:00+00:00,False,32.36,32.37,32.14,32.26,0.0,1.0,1.0
2023-10-29 12:00:00+00:00,False,32.26,32.71,32.19,32.68,0.0,1.0,1.0
2023-10-29 16:00:00+00:00,False,32.65,33.15,32.55,32.99,0.0,1.0,1.0
2023-10-29 20:00:00+00:00,False,32.99,33.0,32.5,32.97,0.0,1.0,1.0
2023-10-30 00:00:00+00:00,False,32.97,33.0,32.53,32.78,0.0,1.0,1.0
2023-10-30 04:00:00+00:00,False,32.78,32.99,32.45,32.56,0.0,1.0,1.0
2023-10-30 08:00:00+00:00,False,32.57,35.16,32.54,34.83,0.0,1.0,1.0
2023-10-30 12:00:00+00:00,False,34.83,35.34,34.54,34.99,0.0,1.0,1.0
2023-10-30 16:00:00+00:00,False,34.99,35.0,34.24,34.74,0.0,1.0,1.0
2023-10-30 20:00:00+00:00,False,34.73,34.95,34.5,34.95,0.0,1.0,1.0
2023-10-31 00:00:00+00:00,True,34.95,36.48,34.79,35.69,0.0,1.0,1.0
2023-10-31 04:00:00+00:00,True,35.69,36.6,35.58,35.71,0.0,1.0,1.0
2023-10-31 08:00:00+00:00,True,35.7,36.97,35.7,36.62,0.0,1.0,1.0
2023-10-31 12:00:00+00:00,True,36.61,36.68,35.47,36.18,0.0,1.0,1.0
2023-10-31 16:00:00+00:00,True,36.18,36.46,35.83,36.42,0.0,1.0,1.0
2023-10-31 20:00:00+00:00,True,36.42,38.6,36.37,38.21,0.0,1.0,1.0
2023-11-01 00:00:00+00:00,True,38.21,38.8,37.94,38.29,0.0,1.0,1.0
2023-11-01 04:00:00+00:00,True,38.29,39.32,38.0,38.26,0.0,1.0,1.0
2023-11-01 08:00:00+00:00,True,38.25,39.8,38.01,39.23,0.0,1.0,1.0
2023-11-01 12:00:00+00:00,True,39.22,41.82,38.9,40.51,0.0,1.0,1.0
2023-11-01 16:00:00+00:00,True,40.52,46.97,39.95,42.1,0.0,1.0,1.0
2023-11-01 20:00:00+00:00,True,42.08,43.87,40.07,41.64,0.0,1.0,1.0
2023-11-02 00:00:00+00:00,True,41.64,42.85,40.97,42.53,0.0,1.0,1.0
2023-11-02 04:00:00+00:00,True,42.52,43.46,41.15,42.91,0.0,1.0,1.0
2023-11-02 08:00:00+00:00,True,42.91,44.6,42.57,44.17,0.0,1.0,1.0
2023-11-02 12:00:00+00:00,True,44.17,44.5,39.2,40.56,0.0,1.0,1.0
2023-11-02 16:00:00+00:00,True,40.56,41.79,38.64,41.4,0.0,1.0,1.0
2023-11-02 20:00:00+00:00,True,41.4,42.14,39.56,39.83,0.0,1.0,1.0
2023-11-03 00:00:00+00:00,True,39.85,39.85,38.02,39.0,0.0,1.0,1.0
2023-11-03 04:00:00+00:00,True,39.01,39.11,38.02,38.9,0.0,1.0,1.0
2023-11-03 08:00:00+00:00,True,38.89,39.76,38.1,38.96,0.0,1.0,1.0
2023-11-03 12:00:00+00:00,True,38.96,40.21,38.8,39.97,0.0,1.0,1.0
2023-11-03 16:00:00+00:00,True,39.97,40.02,38.52,39.29,0.0,1.0,1.0
2023-11-03 20:00:00+00:00,True,39.28,39.92,39.16,39.66,0.0,1.0,1.0
2023-11-04 00:00:00+00:00,True,39.62,41.26,39.0,41.21,0.0,1.0,1.0
2023-11-04 04:00:00+00:00,True,41.21,42.09,40.43,41.56,0.0,1.0,1.0
2023-11-04 08:00:00+00:00,True,41.64,42.73,41.0,41.5,0.0,1.0,1.0
2023-11-04 12:00:00+00:00,True,41.48,42.23,41.0,41.48,0.0,1.0,1.0
2023-11-04 16:00:00+00:00,True,41.48,41.9,41.06,41.5,0.0,1.0,1.0
2023-11-04 20:00:00+00:00,True,41.5,42.8,41.39,42.45,0.0,1.0,1.0
2023-11-05 00:00:00+00:00,True,42.43,42.89,41.72,42.3,0.0,1.0,1.0
2023-11-05 04:00:00+00:00,True,42.3,42.31,41.13,41.32,0.0,1.0,1.0
2023-11-05 08:00:00+00:00,True,41.29,41.9,41.29,41.63,0.0,1.0,1.0
2023-11-05 12:00:00+00:00,True,41.63,41.71,40.53,41.04,0.0,1.0,1.0
2023-11-05 16:00:00+00:00,True,41.04,41.61,40.72,40.86,0.0,1.0,1.0
2023-11-05 20:00:00+00:00,False,40.85,41.82,40.29,41.54,0.0,1.0,1.0
2023-11-06 00:00:00+00:00,False,41.54,41.87,40.15,40.16,0.0,1.0,1.0
2023-11-06 04:00:00+00:00,False,40.16,40.47,39.69,40.21,0.0,1.0,1.0
2023-11-06 08:00:00+00:00,False,40.2,40.72,40.09,40.49,0.0,1.0,1.0
2023-11-06 12:00:00+00:00,False,40.5,40.75,39.89,40.07,0.0,1.0,1.0
2023-11-06 16:00:00+00:00,False,40.05,40.55,39.98,40.32,0.0,1.0,1.0
2023-11-06 20:00:00+00:00,False,40.29,42.25,40.04,41.47,0.0,1.0,1.0
2023-11-07 00:00:00+00:00,False,41.49,42.04,40.11,41.14,0.0,1.0,1.0
2023-11-07 04:00:00+00:00,False,41.12,41.75,41.03,41.23,0.0,1.0,1.0
2023-11-07 08:00:00+00:00,False,41.22,41.75,40.51,41.56,0.0,1.0,1.0
2023-11-07 12:00:00+00:00,False,41.54,42.16,40.82,41.23,0.0,1.0,1.0
2023-11-07 16:00:00+00:00,False,41.24,44.75,41.08,44.1,0.0,1.0,1.0
2023-11-07 20:00:00+00:00,False,44.1,44.15,42.33,42.4,0.0,1.0,1.0
2023-11-08 00:00:00+00:00,False,42.42,43.69,42.27,43.4,0.0,1.0,1.0
2023-11-08 04:00:00+00:00,False,43.38,43.89,43.0,43.48,0.0,1.0,1.0
2023-11-08 08:00:00+00:00,False,43.48,43.61,43.02,43.54,0.0,1.0,1.0
2023-11-08 12:00:00+00:00,False,43.51,43.59,42.32,43.0,0.0,1.0,1.0
2023-11-08 16:00:00+00:00,False,42.99,43.62,42.55,43.22,0.0,1.0,1.0
2023-11-08 20:00:00+00:00,False,43.19,43.51,42.3,42.64,0.0,1.0,1.0
2023-11-09 00:00:00+00:00,False,42.64,44.57,42.52,44.32,0.0,1.0,1.0
2023-11-09 04:00:00+00:00,False,44.32,45.0,43.84,44.91,0.0,1.0,1.0
2023-11-09 08:00:00+00:00,True,44.9,48.16,44.62,47.67,0.0,1.0,1.0
2023-11-09 12:00:00+00:00,True,47.68,48.93,43.45,45.52,0.0,1.0,1.0
2023-11-09 16:00:00+00:00,True,45.52,45.67,43.09,44.44,0.0,1.0,1.0
2023-11-09 20:00:00+00:00,True,44.45,46.19,44.45,45.3,0.0,1.0,1.0
2023-11-10 00:00:00+00:00,True,45.27,48.0,45.11,47.18,0.0,1.0,1.0
2023-11-10 04:00:00+00:00,True,47.18,48.87,46.58,47.06,0.0,1.0,1.0
2023-11-10 08:00:00+00:00,True,47.09,51.94,46.92,51.01,0.0,1.0,1.0
2023-11-10 12:00:00+00:00,True,51.02,52.54,48.64,51.76,0.0,1.0,1.0
2023-11-10 16:00:00+00:00,True,51.77,55.07,51.37,54.89,0.0,1.0,1.0
2023-11-10 20:00:00+00:00,True,54.89,57.74,53.64,56.56,0.0,1.0,1.0
2023-11-11 00:00:00+00:00,True,56.55,57.37,53.75,54.75,0.0,1.0,1.0
2023-11-11 04:00:00+00:00,True,54.81,56.0,53.6,55.26,0.0,1.0,1.0
2023-11-11 08:00:00+00:00,True,55.26,57.08,54.16,57.0,0.0,1.0,1.0
2023-11-11 12:00:00+00:00,True,56.97,63.98,56.72,60.65,0.0,1.0,1.0
2023-11-11 16:00:00+00:00,True,60.64,60.8,57.04,58.2,0.0,1.0,1.0
2023-11-11 20:00:00+00:00,True,58.22,58.84,54.42,55.76,0.0,1.0,1.0
2023-11-12 00:00:00+00:00,True,55.78,58.22,54.74,57.22,0.0,1.0,1.0
2023-11-12 04:00:00+00:00,True,57.22,61.89,56.84,59.86,0.0,1.0,1.0
2023-11-12 08:00:00+00:00,True,59.81,60.93,57.74,58.26,0.0,1.0,1.0
2023-11-12 12:00:00+00:00,True,58.26,59.66,57.46,57.99,0.0,1.0,1.0
2023-11-12 16:00:00+00:00,True,57.94,58.17,54.85,56.63,0.0,1.0,1.0
2023-11-12 20:00:00+00:00,True,56.63,58.34,55.17,58.11,0.0,1.0,1.0
2023-11-13 00:00:00+00:00,True,58.13,59.45,56.67,56.98,0.0,1.0,1.0
2023-11-13 04:00:00+00:00,True,56.98,59.63,56.7,59.17,0.0,1.0,1.0
2023-11-13 08:00:00+00:00,True,59.18,59.2,56.12,57.73,0.0,1.0,1.0
2023-11-13 12:00:00+00:00,True,57.73,59.88,54.5,55.35,0.0,1.0,1.0
2023-11-13 16:00:00+00:00,True,55.34,55.65,52.18,52.66,0.0,1.0,1.0
2023-11-13 20:00:00+00:00,True,52.62,53.84,51.26,53.13,0.0,1.0,1.0
2023-11-14 00:00:00+00:00,True,53.11,54.87,53.11,54.38,0.0,1.0,1.0
2023-11-14 04:00:00+00:00,True,54.37,55.8,54.04,55.2,0.0,1.0,1.0
2023-11-14 08:00:00+00:00,True,55.19,55.38,52.0,53.45,0.0,1.0,1.0
2023-11-14 12:00:00+00:00,False,53.45,58.0,53.04,55.68,0.0,1.0,1.0
2023-11-14 16:00:00+00:00,False,55.67,56.5,52.38,55.67,0.0,1.0,1.0
2023-11-14 20:00:00+00:00,False,55.68,57.96,55.26,57.23,0.0,1.0,1.0
2023-11-15 00:00:00+00:00,False,57.26,57.7,56.16,57.6,0.0,1.0,1.0
2023-11-15 04:00:00+00:00,False,57.61,59.75,57.08,59.68,0.0,1.0,1.0
2023-11-15 08:00:00+00:00,False,59.67,64.11,58.74,62.86,0.0,1.0,1.0
2023-11-15 12:00:00+00:00,True,62.87,63.25,61.35,61.6,0.0,1.0,1.0
2023-11-15 16:00:00+00:00,True,61.59,67.13,60.59,66.43,0.0,1.0,1.0
2023-11-15 20:00:00+00:00,True,66.44,66.46,64.17,65.21,0.0,1.0,1.0
2023-11-16 00:00:00+00:00,True,65.21,66.76,64.43,65.0,0.0,1.0,1.0
2023-11-16 04:00:00+00:00,True,65.0,68.18,64.6,64.86,0.0,1.0,1.0
2023-11-16 08:00:00+00:00,True,64.86,66.09,63.27,64.27,0.0,1.0,1.0
2023-11-16 12:00:00+00:00,True,64.26,64.27,60.5,62.04,0.0,1.0,1.0
2023-11-16 16:00:00+00:00,True,62.06,62.91,58.99,60.91,0.0,1.0,1.0
2023-11-16 20:00:00+00:00,True,60.92,61.01,56.39,59.29,0.0,1.0,1.0
2023-11-17 00:00:00+00:00,True,59.3,60.55,57.85,59.07,0.0,1.0,1.0
2023-11-17 04:00:00+00:00,True,59.07,59.98,57.13,58.69,0.0,1.0,1.0
2023-11-17 08:00:00+00:00,True,58.67,59.63,56.57,59.22,0.0,1.0,1.0
2023-11-17 12:00:00+00:00,False,59.3,59.52,54.11,56.18,0.0,1.0,1.0
2023-11-17 16:00:00+00:00,False,56.24,58.77,55.81,58.19,0.0,1.0,1.0
2023-11-17 20:00:00+00:00,False,58.15,59.47,57.18,57.49,0.0,1.0,1.0
2023-11-18 00:00:00+00:00,False,57.48,57.86,56.3,56.56,0.0,1.0,1.0
2023-11-18 04:00:00+00:00,False,56.56,56.94,54.77,56.69,0.0,1.0,1.0
2023-11-18 08:00:00+00:00,False,56.72,57.66,56.53,57.08,0.0,1.0,1.0
2023-11-18 12:00:00+00:00,False,57.1,59.06,55.54,57.65,0.0,1.0,1.0
2023-11-18 16:00:00+00:00,False,57.66,59.4,57.57,59.0,0.0,1.0,1.0
2023-11-18 20:00:00+00:00,False,58.99,59.22,57.29,57.57,0.0,1.0,1.0
2023-11-19 00:00:00+00:00,False,57.56,58.33,56.66,58.33,0.0,1.0,1.0
2023-11-19 04:00:00+00:00,False,58.32,62.0,58.23,61.25,0.0,1.0,1.0
2023-11-19 08:00:00+00:00,False,61.26,61.8,59.07,59.94,0.0,1.0,1.0
2023-11-19 12:00:00+00:00,False,59.96,60.43,59.27,59.88,0.0,1.0,1.0
2023-11-19 16:00:00+00:00,False,59.85,61.56,59.58,60.64,0.0,1.0,1.0
2023-11-19 20:00:00+00:00,False,60.64,62.28,59.83,60.95,0.0,1.0,1.0
2023-11-20 00:00:00+00:00,False,60.94,61.35,59.63,59.94,0.0,1.0,1.0
2023-11-20 04:00:00+00:00,False,59.93,60.03,59.14,59.53,0.0,1.0,1.0
2023-11-20 08:00:00+00:00,False,59.55,61.1,59.54,60.49,0.0,1.0,1.0
2023-11-20 12:00:00+00:00,False,60.48,60.66,57.55,57.77,0.0,1.0,1.0
2023-11-20 16:00:00+00:00,False,57.77,58.85,56.77,57.02,0.0,1.0,1.0
2023-11-20 20:00:00+00:00,False,57.0,57.49,56.04,56.86,0.0,1.0,1.0
2023-11-21 00:00:00+00:00,False,56.85,57.4,55.05,55.91,0.0,1.0,1.0
2023-11-21 04:00:00+00:00,False,55.94,56.56,55.33,56.4,0.0,1.0,1.0
2023-11-21 08:00:00+00:00,False,56.37,57.15,56.0,56.39,0.0,1.0,1.0
2023-11-21 12:00:00+00:00,False,56.4,56.41,52.81,55.34,0.0,1.0,1.0
2023-11-21 16:00:00+00:00,False,55.32,55.76,52.4,54.8,0.0,1.0,1.0
2023-11-21 20:00:00+00:00,False,54.78,54.86,51.28,53.3,0.0,1.0,1.0
2023-11-22 00:00:00+00:00,False,53.32,54.64,53.0,54.37,0.0,1.0,1.0
2023-11-22 04:00:00+00:00,False,54.38,55.3,54.02,54.76,0.0,1.0,1.0
2023-11-22 08:00:00+00:00,False,54.82,55.31,54.38,55.3,0.0,1.0,1.0
2023-11-22 12:00:00+00:00,False,55.3,55.73,54.04,54.8,0.0,1.0,1.0
2023-11-22 16:00:00+00:00,False,54.8,58.81,54.64,58.4,0.0,1.0,1.0
2023-11-22 20:00:00+00:00,False,58.38,58.96,57.02,57.71,0.0,1.0,1.0
2023-11-23 00:00:00+00:00,False,57.79,58.5,57.47,58.01,0.0,1.0,1.0
2023-11-23 04:00:00+00:00,False,58.0,58.5,57.56,58.23,0.0,1.0,1.0
2023-11-23 08:00:00+00:00,False,58.23,59.59,57.16,57.65,0.0,1.0,1.0
2023-11-23 12:00:00+00:00,False,57.64,57.92,56.44,56.76,0.0,1.0,1.0
2023-11-23 16:00:00+00:00,False,56.76,57.3,56.15,56.76,0.0,1.0,1.0
2023-11-23 20:00:00+00:00,False,56.76,57.3,56.2,57.29,0.0,1.0,1.0
2023-11-24 00:00:00+00:00,False,57.28,57.6,56.83,57.06,0.0,1.0,1.0
2023-11-24 04:00:00+00:00,False,57.06,57.59,56.64,57.38,0.0,1.0,1.0
2023-11-24 08:00:00+00:00,False,57.35,58.78,57.35,57.65,0.0,1.0,1.0
2023-11-24 12:00:00+00:00,False,57.63,58.5,57.21,57.35,0.0,1.0,1.0
2023-11-24 16:00:00+00:00,False,57.36,58.05,56.86,57.39,0.0,1.0,1.0
2023-11-24 20:00:00+00:00,False,57.39,57.62,56.0,56.91,0.0,1.0,1.0
2023-11-25 00:00:00+00:00,False,56.89,59.8,56.89,58.69,0.0,1.0,1.0
2023-11-25 04:00:00+00:00,False,58.69,59.02,58.44,58.78,0.0,1.0,1.0
2023-11-25 08:00:00+00:00,False,58.77,58.83,57.38,58.09,0.0,1.0,1.0
2023-11-25 12:00:00+00:00,False,58.13,58.89,57.77,58.76,0.0,1.0,1.0
2023-11-25 16:00:00+00:00,False,58.77,59.7,58.72,59.11,0.0,1.0,1.0
2023-11-25 20:00:00+00:00,False,59.1,59.23,58.42,58.48,0.0,1.0,1.0
2023-11-26 00:00:00+00:00,False,58.48,58.76,58.02,58.42,0.0,1.0,1.0
2023-11-26 04:00:00+00:00,False,58.42,58.65,58.18,58.31,0.0,1.0,1.0
2023-11-26 08:00:00+00:00,False,58.3,58.44,57.5,57.99,0.0,1.0,1.0
2023-11-26 12:00:00+00:00,False,57.99,58.0,56.17,56.88,0.0,1.0,1.0
2023-11-26 16:00:00+00:00,False,56.85,58.64,56.64,58.01,0.0,1.0,1.0
2023-11-26 20:00:00+00:00,False,58.0,58.33,57.32,57.88,0.0,1.0,1.0
2023-11-27 00:00:00+00:00,False,57.89,58.07,56.25,57.13,0.0,1.0,1.0
2023-11-27 04:00:00+00:00,False,57.12,57.32,55.53,55.92,0.0,1.0,1.0
2023-11-27 08:00:00+00:00,False,55.99,56.29,54.43,54.72,0.0,1.0,1.0
2023-11-27 12:00:00+00:00,False,54.7,55.15,53.81,54.81,0.0,1.0,1.0
2023-11-27 16:00:00+00:00,False,54.83,55.19,53.47,54.14,0.0,1.0,1.0
2023-11-27 20:00:00+00:00,False,54.13,55.4,54.13,55.06,0.0,1.0,1.0
2023-11-28 00:00:00+00:00,False,55.06,55.37,54.42,54.47,0.0,1.0,1.0
2023-11-28 04:00:00+00:00,False,54.51,55.25,53.95,54.87,0.0,1.0,1.0
2023-11-28 08:00:00+00:00,False,54.87,56.28,54.66,55.67,0.0,1.0,1.0
2023-11-28 12:00:00+00:00,False,55.67,57.33,55.41,57.09,0.0,1.0,1.0
2023-11-28 16:00:00+00:00,False,57.1,58.69,56.79,58.53,0.0,1.0,1.0
2023-11-28 20:00:00+00:00,False,58.54,58.72,57.62,58.19,0.0,1.0,1.0
2023-11-29 00:00:00+00:00,False,58.19,58.89,58.0,58.53,0.0,1.0,1.0
2023-11-29 04:00:00+00:00,False,58.53,61.59,58.25,61.49,0.0,1.0,1.0
2023-11-29 08:00:00+00:00,False,61.5,61.81,60.04,60.93,0.0,1.0,1.0
2023-11-29 12:00:00+00:00,False,60.92,61.66,58.86,59.18,0.0,1.0,1.0
2023-11-29 16:00:00+00:00,True,59.18,60.41,59.12,59.38,0.0,0.0,1.0
2023-11-29 20:00:00+00:00,True,59.38,59.79,58.59,59.0,0.0,0.0,1.0
2023-11-30 00:00:00+00:00,True,59.0,61.0,58.76,60.46,0.0,0.0,1.0
2023-11-30 04:00:00+00:00,True,60.47,61.25,59.36,59.62,0.0,0.0,1.0
2023-11-30 08:00:00+00:00,True,59.63,61.73,59.14,60.99,0.0,0.0,1.0
2023-11-30 12:00:00+00:00,True,60.96,61.04,59.08,59.31,0.0,0.0,1.0
2023-11-30 16:00:00+00:00,True,59.3,60.2,58.92,59.92,0.0,0.0,1.0
2023-11-30 20:00:00+00:00,True,59.94,60.13,58.62,58.8,0.0,0.0,1.0
2023-12-01 00:00:00+00:00,True,58.81,61.13,58.81,60.73,0.0,0.0,1.0
2023-12-01 04:00:00+00:00,True,60.72,61.32,60.22,61.11,0.0,0.0,1.0
2023-12-01 08:00:00+00:00,True,61.13,61.92,60.55,60.72,0.0,0.0,1.0
2023-12-01 12:00:00+00:00,True,60.74,61.11,59.76,60.28,0.0,0.0,1.0
2023-12-01 16:00:00+00:00,True,60.28,61.06,59.9,60.26,0.0,0.0,1.0
2023-12-01 20:00:00+00:00,True,60.26,60.5,59.61,60.11,0.0,0.0,1.0
2023-12-02 00:00:00+00:00,True,60.12,61.49,60.07,61.41,0.0,0.0,1.0
2023-12-02 04:00:00+00:00,True,61.42,62.65,61.23,61.8,0.0,0.0,1.0
2023-12-02 08:00:00+00:00,True,61.8,62.5,61.8,62.39,0.0,0.0,1.0
2023-12-02 12:00:00+00:00,True,62.38,62.59,61.49,61.59,0.0,0.0,1.0
2023-12-02 16:00:00+00:00,True,61.57,63.51,61.55,63.07,0.0,0.0,1.0
2023-12-02 20:00:00+00:00,True,63.07,65.56,62.73,65.34,0.0,0.0,1.0
2023-12-03 00:00:00+00:00,True,65.36,65.48,63.78,63.85,0.0,0.0,1.0
2023-12-03 04:00:00+00:00,True,63.83,64.33,63.44,63.6,0.0,0.0,1.0
2023-12-03 08:00:00+00:00,True,63.6,63.91,62.44,62.77,0.0,0.0,1.0
2023-12-03 12:00:00+00:00,True,62.76,63.71,62.52,62.71,0.0,0.0,1.0
2023-12-03 16:00:00+00:00,True,62.71,63.2,62.23,63.02,0.0,0.0,1.0
2023-12-03 20:00:00+00:00,True,63.02,64.13,62.47,63.66,0.0,0.0,1.0
2023-12-04 00:00:00+00:00,True,63.64,65.2,63.48,64.76,0.0,0.0,1.0
2023-12-04 04:00:00+00:00,True,64.76,65.26,63.55,64.19,0.0,0.0,1.0
2023-12-04 08:00:00+00:00,True,64.19,64.36,59.8,61.71,0.0,0.0,1.0
2023-12-04 12:00:00+00:00,True,61.7,61.71,59.96,60.96,0.0,0.0,1.0
2023-12-04 16:00:00+00:00,True,60.95,61.83,60.32,61.47,0.0,0.0,1.0
2023-12-04 20:00:00+00:00,True,61.46,62.16,60.66,61.61,0.0,0.0,1.0
2023-12-05 00:00:00+00:00,True,61.61,61.65,59.67,60.03,0.0,0.0,1.0
2023-12-05 04:00:00+00:00,False,60.03,60.66,59.13,59.92,0.0,0.0,0.0
2023-12-05 08:00:00+00:00,False,59.92,60.75,59.59,60.45,0.0,0.0,0.0
2023-12-05 12:00:00+00:00,False,60.44,61.66,60.02,60.84,0.0,0.0,0.0
2023-12-05 16:00:00+00:00,False,60.85,62.57,60.55,61.15,0.0,0.0,0.0
2023-12-05 20:00:00+00:00,False,61.12,64.0,60.2,63.03,0.0,0.0,0.0
2023-12-06 00:00:00+00:00,False,63.04,64.67,62.42,64.25,0.0,0.0,0.0
2023-12-06 04:00:00+00:00,False,64.27,66.63,62.62,66.26,0.0,0.0,0.0
2023-12-06 08:00:00+00:00,False,66.27,66.28,62.0,63.46,0.0,0.0,0.0
2023-12-06 12:00:00+00:00,False,63.46,63.76,62.41,63.27,0.0,0.0,0.0
2023-12-06 16:00:00+00:00,False,63.25,64.61,63.08,64.02,0.0,0.0,0.0
2023-12-06 20:00:00+00:00,True,64.02,64.59,61.53,63.29,0.0,1.0,0.0
2023-12-07 00:00:00+00:00,True,63.29,64.01,62.34,63.62,0.0,1.0,0.0
2023-12-07 04:00:00+00:00,True,63.61,63.86,62.56,62.77,0.0,1.0,0.0
2023-12-07 08:00:00+00:00,True,62.78,65.09,61.87,64.45,0.0,1.0,0.0
2023-12-07 12:00:00+00:00,True,64.44,66.19,63.63,65.51,0.0,1.0,0.0
2023-12-07 16:00:00+00:00,True,65.5,67.5,64.52,66.02,0.0,1.0,0.0
2023-12-07 20:00:00+00:00,True,66.0,69.45,65.95,68.68,0.0,1.0,0.0
2023-12-08 00:00:00+00:00,True,68.65,72.77,68.35,72.06,0.0,1.0,0.0
2023-12-08 04:00:00+00:00,True,72.05,72.88,70.5,70.66,0.0,1.0,0.0
2023-12-08 08:00:00+00:00,True,70.66,73.75,70.64,72.98,0.0,1.0,0.0
2023-12-08 12:00:00+00:00,True,72.97,74.25,71.71,72.82,0.0,1.0,0.0
2023-12-08 16:00:00+00:00,True,72.82,74.06,72.01,73.14,0.0,1.0,0.0
2023-12-08 20:00:00+00:00,True,73.14,75.5,72.79,73.54,0.0,1.0,0.0
2023-12-09 00:00:00+00:00,True,73.53,74.56,72.8,74.29,0.0,1.0,0.0
2023-12-09 04:00:00+00:00,True,74.28,77.77,74.2,75.86,0.0,1.0,0.0
2023-12-09 08:00:00+00:00,True,75.88,77.55,75.46,76.37,0.0,1.0,0.0
2023-12-09 12:00:00+00:00,True,76.38,77.01,74.06,74.33,0.0,1.0,0.0
2023-12-09 16:00:00+00:00,True,74.32,74.5,72.76,73.51,0.0,1.0,0.0
2023-12-09 20:00:00+00:00,True,73.51,74.3,71.56,73.57,0.0,1.0,0.0
2023-12-10 00:00:00+00:00,True,73.57,74.0,72.25,73.16,0.0,1.0,0.0
2023-12-10 04:00:00+00:00,True,73.15,73.65,71.65,72.1,0.0,1.0,0.0
2023-12-10 08:00:00+00:00,True,72.11,72.77,70.66,72.66,0.0,1.0,0.0
2023-12-10 12:00:00+00:00,True,72.65,74.67,72.15,73.2,0.0,1.0,0.0
2023-12-10 16:00:00+00:00,True,73.2,74.41,72.11,74.12,0.0,1.0,0.0
2023-12-10 20:00:00+00:00,True,74.13,74.97,72.81,73.03,0.0,1.0,0.0
2023-12-11 00:00:00+00:00,True,73.04,73.42,66.0,70.19,0.0,1.0,0.0
2023-12-11 04:00:00+00:00,True,70.18,70.62,67.75,68.86,0.0,1.0,0.0
2023-12-11 08:00:00+00:00,True,68.85,69.95,68.71,69.09,0.0,1.0,0.0
2023-12-11 12:00:00+00:00,True,69.1,70.75,66.9,69.75,0.0,1.0,0.0
2023-12-11 16:00:00+00:00,False,69.76,70.43,67.68,69.75,0.0,1.0,1.0
2023-12-11 20:00:00+00:00,False,69.72,71.95,69.0,71.0,0.0,1.0,1.0
2023-12-12 00:00:00+00:00,False,71.0,72.48,69.99,70.25,0.0,1.0,1.0
2023-12-12 04:00:00+00:00,False,70.27,71.87,69.6,71.19,0.0,1.0,1.0
2023-12-12 08:00:00+00:00,False,71.19,72.18,70.2,70.69,0.0,1.0,1.0
2023-12-12 12:00:00+00:00,False,70.69,72.9,67.19,67.58,0.0,1.0,1.0
2023-12-12 16:00:00+00:00,False,67.56,68.38,65.71,68.06,0.0,1.0,1.0
2023-12-12 20:00:00+00:00,False,68.07,69.05,66.95,68.23,0.0,1.0,1.0
2023-12-13 00:00:00+00:00,False,68.26,68.29,65.0,65.95,0.0,1.0,1.0
2023-12-13 04:00:00+00:00,False,65.95,66.38,63.75,66.09,0.0,1.0,1.0
2023-12-13 08:00:00+00:00,False,66.09,66.55,65.08,66.32,0.0,1.0,1.0
2023-12-13 12:00:00+00:00,False,66.35,68.13,66.3,67.14,0.0,1.0,1.0
2023-12-13 16:00:00+00:00,False,67.14,71.99,67.08,71.53,0.0,1.0,1.0
2023-12-13 20:00:00+00:00,False,71.49,72.64,69.7,70.31,0.0,1.0,1.0
2023-12-14 00:00:00+00:00,False,70.33,70.57,69.67,70.11,0.0,1.0,1.0
2023-12-14 04:00:00+00:00,False,70.12,72.0,70.06,71.4,0.0,1.0,1.0
2023-12-14 08:00:00+00:00,False,71.39,73.8,71.35,72.6,0.0,1.0,1.0
2023-12-14 12:00:00+00:00,False,72.62,74.05,68.27,73.76,0.0,1.0,1.0
2023-12-14 16:00:00+00:00,False,73.79,74.49,72.67,73.16,0.0,1.0,1.0
2023-12-14 20:00:00+00:00,False,73.16,76.23,73.12,74.84,0.0,1.0,1.0
2023-12-15 00:00:00+00:00,False,74.83,77.0,74.0,74.84,0.0,1.0,1.0
2023-12-15 04:00:00+00:00,True,74.84,77.45,74.63,77.37,0.0,1.0,1.0
2023-12-15 08:00:00+00:00,True,77.38,79.45,76.51,76.56,0.0,1.0,1.0
2023-12-15 12:00:00+00:00,True,76.53,77.23,73.59,74.08,0.0,1.0,1.0
2023-12-15 16:00:00+00:00,True,74.08,77.53,73.93,76.8,0.0,1.0,1.0
2023-12-15 20:00:00+00:00,True,76.79,77.0,71.11,73.09,0.0,1.0,1.0
2023-12-16 00:00:00+00:00,True,73.08,74.38,72.8,73.85,0.0,1.0,1.0
2023-12-16 04:00:00+00:00,True,73.88,74.77,73.61,74.15,0.0,1.0,1.0
2023-12-16 08:00:00+00:00,True,74.13,76.6,73.72,76.29,0.0,1.0,1.0
2023-12-16 12:00:00+00:00,True,76.31,77.18,74.89,76.15,0.0,1.0,1.0
2023-12-16 16:00:00+00:00,True,76.17,76.61,73.07,73.61,0.0,1.0,1.0
2023-12-16 20:00:00+00:00,True,73.61,74.19,72.47,73.51,0.0,1.0,1.0
2023-12-17 00:00:00+00:00,True,73.52,74.16,72.55,73.66,0.0,1.0,1.0
2023-12-17 04:00:00+00:00,True,73.67,73.98,71.8,72.97,0.0,1.0,1.0
2023-12-17 08:00:00+00:00,True,73.01,73.23,72.12,72.82,0.0,1.0,1.0
2023-12-17 12:00:00+00:00,False,72.79,74.43,71.33,74.39,0.0,1.0,1.0
2023-12-17 16:00:00+00:00,False,74.4,74.93,73.1,73.82,0.0,1.0,1.0
2023-12-17 20:00:00+00:00,False,73.81,73.99,70.44,71.41,0.0,1.0,1.0
2023-12-18 00:00:00+00:00,False,71.42,71.74,68.5,69.96,0.0,1.0,1.0
2023-12-18 04:00:00+00:00,False,69.95,70.08,68.31,69.58,0.0,1.0,1.0
2023-12-18 08:00:00+00:00,False,69.55,69.66,67.0,68.59,0.0,1.0,1.0
2023-12-18 12:00:00+00:00,False,68.59,71.78,68.38,71.57,0.0,1.0,1.0
2023-12-18 16:00:00+00:00,False,71.54,73.44,71.15,73.37,0.0,1.0,1.0
2023-12-18 20:00:00+00:00,False,73.37,75.44,73.36,74.53,0.0,1.0,1.0
2023-12-19 00:00:00+00:00,False,74.53,76.0,74.45,75.89,0.0,1.0,1.0
2023-12-19 04:00:00+00:00,False,75.89,76.33,74.98,75.08,0.0,1.0,1.0
2023-12-19 08:00:00+00:00,False,75.07,75.51,74.35,74.8,0.0,1.0,1.0
2023-12-19 12:00:00+00:00,False,74.77,75.09,72.77,73.34,0.0,1.0,1.0
2023-12-19 16:00:00+00:00,False,73.34,75.35,71.76,73.29,0.0,1.0,1.0
2023-12-19 20:00:00+00:00,False,73.26,74.19,72.25,73.87,0.0,1.0,1.0
2023-12-20 00:00:00+00:00,False,73.88,75.37,73.2,74.58,0.0,1.0,1.0
2023-12-20 04:00:00+00:00,False,74.56,76.8,74.3,76.72,0.0,1.0,1.0
2023-12-20 08:00:00+00:00,False,76.75,78.5,76.26,77.37,0.0,1.0,1.0
2023-12-20 12:00:00+00:00,True,77.37,81.66,77.33,80.96,0.0,1.0,1.0
2023-12-20 16:00:00+00:00,True,80.96,84.14,78.99,79.99,0.0,1.0,1.0
2023-12-20 20:00:00+00:00,True,79.99,83.54,79.39,82.72,0.0,1.0,1.0
2023-12-21 00:00:00+00:00,True,82.71,84.86,81.07,84.45,0.0,1.0,1.0
2023-12-21 04:00:00+00:00,True,84.45,87.32,83.57,86.19,0.0,1.0,1.0
2023-12-21 08:00:00+00:00,True,86.22,88.32,85.13,86.5,0.0,1.0,1.0
2023-12-21 12:00:00+00:00,True,86.51,89.75,85.63,89.32,0.0,1.0,1.0
2023-12-21 16:00:00+00:00,True,89.31,95.0,88.54,92.46,0.0,1.0,1.0
2023-12-21 20:00:00+00:00,True,92.44,96.0,91.22,94.36,0.0,1.0,1.0
2023-12-22 00:00:00+00:00,True,94.34,99.99,94.05,98.13,0.0,1.0,1.0
2023-12-22 04:00:00+00:00,True,98.13,99.3,91.88,92.02,0.0,1.0,1.0
2023-12-22 08:00:00+00:00,True,92.03,94.9,90.28,94.23,0.0,1.0,1.0
2023-12-22 12:00:00+00:00,True,94.22,96.88,91.96,94.41,0.0,1.0,1.0
2023-12-22 16:00:00+00:00,True,94.42,97.69,94.18,96.48,0.0,1.0,1.0
2023-12-22 20:00:00+00:00,True,96.5,98.45,95.27,95.55,0.0,1.0,1.0
2023-12-23 00:00:00+00:00,True,95.54,95.72,92.89,94.62,0.0,1.0,1.0
2023-12-23 04:00:00+00:00,True,94.61,96.59,94.41,96.24,0.0,1.0,1.0
2023-12-23 08:00:00+00:00,True,96.24,97.36,94.73,96.95,0.0,1.0,1.0
2023-12-23 12:00:00+00:00,True,96.99,97.93,95.34,97.77,0.0,1.0,1.0
2023-12-23 16:00:00+00:00,True,97.8,103.86,97.1,102.17,0.0,1.0,1.0
2023-12-23 20:00:00+00:00,True,102.15,110.0,101.57,108.56,0.0,1.0,1.0
2023-12-24 00:00:00+00:00,True,108.58,118.0,108.35,114.56,0.0,1.0,1.0
2023-12-24 04:00:00+00:00,True,114.57,115.47,110.2,113.2,0.0,1.0,1.0
2023-12-24 08:00:00+00:00,True,113.18,114.56,107.74,112.63,0.0,1.0,1.0
2023-12-24 12:00:00+00:00,True,112.58,116.49,111.46,114.83,0.0,1.0,1.0
2023-12-24 16:00:00+00:00,True,114.83,117.5,110.8,112.34,0.0,1.0,1.0
2023-12-24 20:00:00+00:00,True,112.31,114.35,108.0,109.67,0.0,1.0,1.0
2023-12-25 00:00:00+00:00,True,109.67,112.86,108.96,111.89,0.0,1.0,1.0
2023-12-25 04:00:00+00:00,True,111.88,114.44,110.66,111.39,0.0,1.0,1.0
2023-12-25 08:00:00+00:00,True,111.37,115.5,109.8,115.49,0.0,1.0,1.0
2023-12-25 12:00:00+00:00,True,115.5,124.73,113.76,122.18,0.0,1.0,1.0
2023-12-25 16:00:00+00:00,True,122.18,125.97,116.47,119.0,0.0,1.0,1.0
2023-12-25 20:00:00+00:00,True,119.03,121.86,117.22,119.71,0.0,1.0,1.0
2023-12-26 00:00:00+00:00,True,119.75,120.92,116.49,120.13,0.0,1.0,1.0
2023-12-26 04:00:00+00:00,True,120.15,120.2,110.76,114.15,0.0,1.0,1.0
2023-12-26 08:00:00+00:00,True,114.15,117.1,112.16,117.02,0.0,1.0,1.0
2023-12-26 12:00:00+00:00,True,117.04,117.06,109.59,111.89,0.0,1.0,1.0
2023-12-26 16:00:00+00:00,True,111.9,112.08,102.0,107.13,0.0,1.0,1.0
2023-12-26 20:00:00+00:00,True,107.12,113.67,106.85,110.53,0.0,1.0,1.0
2023-12-27 00:00:00+00:00,True,110.64,112.08,107.86,110.41,0.0,1.0,1.0
2023-12-27 04:00:00+00:00,True,110.59,113.62,110.03,112.4,0.0,1.0,1.0
2023-12-27 08:00:00+00:00,True,112.43,115.33,111.0,111.85,0.0,1.0,1.0
2023-12-27 12:00:00+00:00,True,111.91,113.09,104.76,105.58,0.0,1.0,1.0
2023-12-27 16:00:00+00:00,True,105.6,110.91,105.51,109.53,0.0,1.0,1.0
2023-12-27 20:00:00+00:00,False,109.53,109.95,106.49,107.35,0.0,1.0,1.0
2023-12-28 00:00:00+00:00,False,107.36,107.98,103.18,105.0,0.0,1.0,1.0
2023-12-28 04:00:00+00:00,False,105.0,106.48,102.3,104.4,0.0,1.0,1.0
2023-12-28 08:00:00+00:00,False,104.39,106.18,100.56,102.32,0.0,1.0,1.0
2023-12-28 12:00:00+00:00,False,102.27,102.45,96.55,98.79,0.0,1.0,1.0
2023-12-28 16:00:00+00:00,False,98.78,101.68,98.56,100.41,0.0,1.0,1.0
2023-12-28 20:00:00+00:00,False,100.43,104.0,99.34,100.34,0.0,1.0,1.0
2023-12-29 00:00:00+00:00,False,100.31,105.97,99.94,105.01,0.0,1.0,1.0
2023-12-29 04:00:00+00:00,False,105.03,108.78,104.44,107.54,0.0,1.0,1.0
2023-12-29 08:00:00+00:00,False,107.55,109.97,106.45,107.18,0.0,1.0,1.0
2023-12-29 12:00:00+00:00,False,107.23,109.86,103.01,103.71,0.0,1.0,1.0
2023-12-29 16:00:00+00:00,False,103.69,106.65,102.61,104.9,0.0,1.0,1.0
2023-12-29 20:00:00+00:00,False,104.91,106.74,102.75,105.59,0.0,1.0,1.0
2023-12-30 00:00:00+00:00,False,105.57,107.46,102.95,104.28,0.0,1.0,1.0
2023-12-30 04:00:00+00:00,False,104.33,104.95,101.12,101.71,0.0,1.0,1.0
2023-12-30 08:00:00+00:00,False,101.67,103.66,100.69,103.22,0.0,1.0,1.0
2023-12-30 12:00:00+00:00,False,103.23,104.95,102.41,103.32,0.0,1.0,1.0
2023-12-30 16:00:00+00:00,False,103.31,104.26,102.59,103.6,0.0,1.0,1.0
2023-12-30 20:00:00+00:00,False,103.59,103.59,101.21,102.83,0.0,1.0,1.0
2023-12-31 00:00:00+00:00,False,102.82,102.82,99.29,101.74,0.0,1.0,1.0
2023-12-31 04:00:00+00:00,False,101.74,104.84,101.16,104.23,0.0,1.0,1.0
2023-12-31 08:00:00+00:00,False,104.21,105.17,102.97,103.13,0.0,1.0,1.0
2023-12-31 12:00:00+00:00,False,103.16,103.9,102.12,103.22,0.0,1.0,1.0
2023-12-31 16:00:00+00:00,False,103.23,104.87,103.15,104.54,0.0,1.0,1.0
2023-12-31 20:00:00+00:00,False,104.54,105.0,99.84,101.79,0.0,1.0,1.0
2024-01-01 00:00:00+00:00,False,101.79,104.69,101.53,102.37,0.0,1.0,1.0
2024-01-01 04:00:00+00:00,False,102.42,103.25,101.47,102.53,0.0,1.0,1.0
2024-01-01 08:00:00+00:00,False,102.51,106.03,101.81,104.99,0.0,1.0,1.0
2024-01-01 12:00:00+00:00,False,105.01,108.5,104.29,106.68,0.0,1.0,1.0
2024-01-01 16:00:00+00:00,False,106.68,109.5,106.17,108.18,0.0,1.0,1.0
2024-01-01 20:00:00+00:00,False,108.21,111.86,107.2,111.81,0.0,1.0,1.0
2024-01-02 00:00:00+00:00,False,111.77,113.23,110.66,112.64,0.0,1.0,1.0
2024-01-02 04:00:00+00:00,False,112.65,115.1,111.9,114.52,0.0,1.0,1.0
2024-01-02 08:00:00+00:00,False,114.55,117.0,112.76,113.53,0.0,1.0,1.0
2024-01-02 12:00:00+00:00,False,113.54,114.15,107.84,110.41,0.0,1.0,1.0
2024-01-02 16:00:00+00:00,False,110.38,110.45,106.63,107.1,0.0,1.0,1.0
2024-01-02 20:00:00+00:00,False,107.14,108.95,106.0,107.84,0.0,1.0,1.0
2024-01-03 00:00:00+00:00,False,107.82,108.75,106.72,108.29,0.0,1.0,1.0
2024-01-03 04:00:00+00:00,False,108.28,109.97,107.49,108.59,0.0,1.0,1.0
2024-01-03 08:00:00+00:00,False,108.6,109.44,85.5,98.9,0.0,1.0,1.0
2024-01-03 12:00:00+00:00,False,98.9,103.25,95.0,99.16,0.0,1.0,1.0
2024-01-03 16:00:00+00:00,False,99.2,101.37,95.3,99.97,0.0,1.0,1.0
2024-01-03 20:00:00+00:00,False,99.96,100.57,97.81,100.03,0.0,1.0,1.0
2024-01-04 00:00:00+00:00,False,100.03,102.0,97.7,100.88,0.0,1.0,1.0
2024-01-04 04:00:00+00:00,False,100.87,101.74,97.5,98.2,0.0,1.0,1.0
2024-01-04 08:00:00+00:00,False,98.2,99.92,96.74,99.26,0.0,1.0,1.0
2024-01-04 12:00:00+00:00,False,99.23,104.42,98.26,101.96,0.0,1.0,1.0
2024-01-04 16:00:00+00:00,False,101.95,108.23,101.84,106.63,0.0,1.0,1.0
2024-01-04 20:00:00+00:00,False,106.66,107.19,102.82,104.47,0.0,1.0,1.0
2024-01-05 00:00:00+00:00,False,104.48,104.74,98.63,101.06,0.0,1.0,1.0
2024-01-05 04:00:00+00:00,False,101.06,102.8,100.62,102.54,0.0,1.0,1.0
2024-01-05 08:00:00+00:00,False,102.51,103.19,98.83,101.06,0.0,1.0,1.0
2024-01-05 12:00:00+00:00,False,101.09,102.12,95.88,96.48,0.0,1.0,1.0
2024-01-05 16:00:00+00:00,False,96.42,100.22,95.36,99.01,0.0,1.0,1.0
2024-01-05 20:00:00+00:00,False,98.99,100.57,97.92,98.91,0.0,1.0,1.0
2024-01-06 00:00:00+00:00,False,98.91,99.52,97.33,97.36,0.0,1.0,1.0
2024-01-06 04:00:00+00:00,False,97.36,97.54,91.57,95.01,0.0,1.0,1.0
2024-01-06 08:00:00+00:00,False,95.0,95.76,93.16,93.16,0.0,1.0,1.0
2024-01-06 12:00:00+00:00,False,93.2,96.52,92.89,95.37,0.0,1.0,1.0
2024-01-06 16:00:00+00:00,False,95.38,97.35,93.6,93.93,0.0,1.0,1.0
2024-01-06 20:00:00+00:00,False,93.93,96.36,92.27,95.15,0.0,1.0,1.0
2024-01-07 00:00:00+00:00,False,95.17,95.63,91.51,94.54,0.0,1.0,1.0
2024-01-07 04:00:00+00:00,False,94.56,95.65,93.67,94.15,0.0,1.0,1.0
2024-01-07 08:00:00+00:00,False,94.2,95.36,93.0,95.28,0.0,1.0,1.0
2024-01-07 12:00:00+00:00,False,95.27,96.88,93.1,93.64,0.0,1.0,1.0
2024-01-07 16:00:00+00:00,False,93.65,95.35,93.4,94.32,0.0,1.0,1.0
2024-01-07 20:00:00+00:00,False,94.32,94.44,87.65,89.72,0.0,1.0,1.0
2024-01-08 00:00:00+00:00,False,89.76,90.94,85.46,88.85,0.0,1.0,1.0
2024-01-08 04:00:00+00:00,False,88.83,91.16,88.39,90.19,0.0,1.0,1.0
2024-01-08 08:00:00+00:00,False,90.18,95.07,88.6,94.64,0.0,1.0,1.0
2024-01-08 12:00:00+00:00,False,94.58,96.05,93.44,95.08,0.0,1.0,1.0
2024-01-08 16:00:00+00:00,False,95.05,99.99,94.65,97.2,0.0,1.0,1.0
2024-01-08 20:00:00+00:00,False,97.18,99.0,95.38,97.24,0.0,1.0,1.0
2024-01-09 00:00:00+00:00,False,97.25,104.0,96.49,103.47,0.0,1.0,1.0
2024-01-09 04:00:00+00:00,False,103.46,103.86,100.62,101.47,0.0,1.0,1.0
2024-01-09 08:00:00+00:00,False,101.48,102.41,96.0,99.91,0.0,1.0,1.0
2024-01-09 12:00:00+00:00,False,99.94,102.21,98.56,101.18,0.0,1.0,1.0
2024-01-09 16:00:00+00:00,False,101.25,101.34,96.55,97.52,0.0,1.0,1.0
2024-01-09 20:00:00+00:00,False,97.58,104.16,95.55,98.43,0.0,1.0,1.0
2024-01-10 00:00:00+00:00,False,98.44,100.42,97.55,98.99,0.0,1.0,1.0
2024-01-10 04:00:00+00:00,False,99.0,99.52,96.69,96.88,0.0,1.0,1.0
2024-01-10 08:00:00+00:00,False,96.9,98.26,92.03,93.83,0.0,1.0,1.0
2024-01-10 12:00:00+00:00,False,93.83,95.22,92.14,94.21,0.0,1.0,1.0
2024-01-10 16:00:00+00:00,False,94.24,98.35,93.1,95.97,0.0,1.0,1.0
2024-01-10 20:00:00+00:00,False,95.98,105.55,95.98,100.16,0.0,1.0,1.0
2024-01-11 00:00:00+00:00,False,100.16,101.76,99.17,100.97,0.0,1.0,1.0
2024-01-11 04:00:00+00:00,True,100.95,100.99,98.0,100.38,0.0,1.0,1.0
2024-01-11 08:00:00+00:00,True,100.39,107.11,100.36,105.63,0.0,1.0,1.0
2024-01-11 12:00:00+00:00,True,105.6,107.25,97.5,99.99,0.0,1.0,1.0
2024-01-11 16:00:00+00:00,True,99.96,102.35,98.43,100.26,0.0,1.0,1.0
2024-01-11 20:00:00+00:00,True,100.23,100.91,99.0,99.49,0.0,1.0,1.0
2024-01-12 00:00:00+00:00,True,99.49,99.57,97.5,97.83,0.0,1.0,1.0
2024-01-12 04:00:00+00:00,True,97.81,100.47,97.73,98.57,0.0,1.0,1.0
2024-01-12 08:00:00+00:00,True,98.59,99.33,96.55,97.66,0.0,1.0,1.0
2024-01-12 12:00:00+00:00,True,97.63,98.95,93.17,94.92,0.0,1.0,1.0
2024-01-12 16:00:00+00:00,True,94.92,96.1,92.65,95.14,0.0,1.0,1.0
2024-01-12 20:00:00+00:00,False,95.16,95.42,86.77,90.58,0.0,1.0,0.0
2024-01-13 00:00:00+00:00,False,90.57,92.02,89.5,91.36,0.0,1.0,0.0
2024-01-13 04:00:00+00:00,False,91.38,93.28,91.27,92.74,0.0,1.0,0.0
2024-01-13 08:00:00+00:00,False,92.74,92.87,91.49,91.97,0.0,1.0,0.0
2024-01-13 12:00:00+00:00,False,91.97,93.32,91.06,91.68,0.0,1.0,0.0
2024-01-13 16:00:00+00:00,False,91.7,97.51,91.58,96.83,0.0,1.0,0.0
2024-01-13 20:00:00+00:00,False,96.81,97.18,94.18,94.56,0.0,1.0,0.0
2024-01-14 00:00:00+00:00,False,94.57,97.0,94.52,96.2,0.0,1.0,0.0
2024-01-14 04:00:00+00:00,False,96.17,98.78,96.15,97.53,0.0,1.0,0.0
2024-01-14 08:00:00+00:00,False,97.53,98.19,96.27,96.54,0.0,1.0,0.0
2024-01-14 12:00:00+00:00,False,96.56,105.44,96.25,101.27,0.0,1.0,0.0
2024-01-14 16:00:00+00:00,False,101.27,101.4,95.15,96.55,0.0,1.0,0.0
2024-01-14 20:00:00+00:00,False,96.52,97.62,93.61,96.0,0.0,1.0,0.0
2024-01-15 00:00:00+00:00,False,96.0,96.91,95.19,96.54,0.0,1.0,0.0
2024-01-15 04:00:00+00:00,False,96.54,96.78,94.53,94.65,0.0,1.0,0.0
2024-01-15 08:00:00+00:00,False,94.62,95.94,94.38,94.93,0.0,1.0,0.0
2024-01-15 12:00:00+00:00,False,94.98,95.77,93.01,94.69,0.0,1.0,0.0
2024-01-15 16:00:00+00:00,False,94.69,96.67,94.65,94.8,0.0,1.0,0.0
2024-01-15 20:00:00+00:00,False,94.78,95.48,93.2,95.44,0.0,1.0,0.0
2024-01-16 00:00:00+00:00,False,95.47,96.19,95.05,95.67,0.0,1.0,0.0
2024-01-16 04:00:00+00:00,False,95.67,98.16,95.23,97.4,0.0,1.0,0.0
2024-01-16 08:00:00+00:00,False,97.38,98.03,96.19,96.83,0.0,1.0,0.0
2024-01-16 12:00:00+00:00,True,96.84,97.83,94.09,96.66,0.0,1.0,0.0
2024-01-16 16:00:00+00:00,True,96.67,97.41,96.05,97.41,0.0,1.0,0.0
2024-01-16 20:00:00+00:00,True,97.39,99.1,97.31,98.37,0.0,1.0,0.0
2024-01-17 00:00:00+00:00,True,98.35,101.0,98.25,99.37,0.0,1.0,0.0
2024-01-17 04:00:00+00:00,True,99.35,99.61,96.23,98.09,0.0,1.0,0.0
2024-01-17 08:00:00+00:00,True,98.07,102.7,98.04,102.5,0.0,1.0,0.0
2024-01-17 12:00:00+00:00,True,102.48,102.65,97.55,97.92,0.0,1.0,0.0
2024-01-17 16:00:00+00:00,True,97.86,101.81,97.22,100.78,0.0,1.0,0.0
2024-01-17 20:00:00+00:00,True,100.77,103.49,100.01,100.99,0.0,1.0,0.0
2024-01-18 00:00:00+00:00,True,100.98,101.15,99.44,99.87,0.0,1.0,0.0
2024-01-18 04:00:00+00:00,True,99.84,101.39,99.75,100.43,0.0,1.0,0.0
2024-01-18 08:00:00+00:00,True,100.42,100.86,97.79,98.33,0.0,1.0,0.0
2024-01-18 12:00:00+00:00,True,98.3,99.16,94.4,95.0,0.0,1.0,0.0
2024-01-18 16:00:00+00:00,True,95.01,95.91,91.37,94.05,0.0,1.0,0.0
2024-01-18 20:00:00+00:00,True,94.03,94.8,93.15,93.73,0.0,1.0,0.0
2024-01-19 00:00:00+00:00,True,93.75,93.9,91.38,93.66,0.0,1.0,0.0
2024-01-19 04:00:00+00:00,False,93.72,95.28,93.65,94.71,0.0,1.0,0.0
2024-01-19 08:00:00+00:00,False,94.72,95.35,93.77,94.27,0.0,1.0,0.0
2024-01-19 12:00:00+00:00,False,94.3,94.67,87.0,88.35,0.0,1.0,0.0
2024-01-19 16:00:00+00:00,False,88.36,94.86,87.96,92.84,0.0,1.0,0.0
2024-01-19 20:00:00+00:00,False,92.83,93.82,91.94,92.39,0.0,1.0,0.0
2024-01-20 00:00:00+00:00,False,92.39,94.15,92.39,93.01,0.0,1.0,0.0
2024-01-20 04:00:00+00:00,False,93.0,93.0,91.33,91.96,0.0,1.0,0.0
2024-01-20 08:00:00+00:00,False,91.95,92.25,91.05,91.83,0.0,1.0,0.0
2024-01-20 12:00:00+00:00,False,91.84,92.17,90.15,91.08,0.0,1.0,0.0
2024-01-20 16:00:00+00:00,False,91.09,93.23,90.99,93.17,0.0,1.0,0.0
2024-01-20 20:00:00+00:00,False,93.15,93.4,91.76,92.17,0.0,1.0,0.0
2024-01-21 00:00:00+00:00,False,92.18,93.23,91.83,92.42,0.0,1.0,0.0
2024-01-21 04:00:00+00:00,False,92.39,92.88,91.79,92.76,0.0,1.0,0.0
2024-01-21 08:00:00+00:00,False,92.76,93.88,92.59,93.07,0.0,1.0,0.0
2024-01-21 12:00:00+00:00,False,93.1,93.63,91.59,92.38,0.0,1.0,0.0
2024-01-21 16:00:00+00:00,False,92.38,92.88,91.56,91.84,0.0,1.0,0.0
2024-01-21 20:00:00+00:00,False,91.85,92.55,90.51,91.52,0.0,1.0,0.0
2024-01-22 00:00:00+00:00,False,91.51,91.84,88.14,88.67,0.0,1.0,0.0
2024-01-22 04:00:00+00:00,False,88.68,90.09,87.42,88.07,0.0,1.0,0.0
2024-01-22 08:00:00+00:00,False,88.12,89.39,86.2,89.15,0.0,1.0,0.0
2024-01-22 12:00:00+00:00,False,89.16,89.89,85.51,86.27,0.0,1.0,0.0
2024-01-22 16:00:00+00:00,False,86.3,87.25,81.94,84.92,0.0,1.0,0.0
2024-01-22 20:00:00+00:00,False,84.93,85.48,83.1,84.36,0.0,1.0,0.0
2024-01-23 00:00:00+00:00,False,84.35,85.88,83.53,85.38,0.0,1.0,0.0
2024-01-23 04:00:00+00:00,False,85.41,85.63,80.39,80.73,0.0,1.0,0.0
2024-01-23 08:00:00+00:00,False,80.74,81.68,78.92,80.04,0.0,1.0,0.0
2024-01-23 12:00:00+00:00,False,80.04,83.79,78.14,83.26,0.0,1.0,0.0
2024-01-23 16:00:00+00:00,False,83.26,83.77,80.73,81.06,0.0,1.0,0.0
2024-01-23 20:00:00+00:00,False,81.04,85.73,80.33,85.11,0.0,1.0,0.0
2024-01-24 00:00:00+00:00,False,85.11,85.12,83.25,83.8,0.0,1.0,0.0
2024-01-24 04:00:00+00:00,False,83.82,87.34,83.74,86.77,0.0,1.0,0.0
2024-01-24 08:00:00+00:00,False,86.79,88.45,86.12,86.45,0.0,1.0,0.0
2024-01-24 12:00:00+00:00,False,86.46,87.8,85.19,87.64,0.0,1.0,0.0
2024-01-24 16:00:00+00:00,False,87.6,87.65,85.56,86.32,0.0,1.0,0.0
2024-01-24 20:00:00+00:00,False,86.33,89.59,86.0,89.03,0.0,1.0,0.0
2024-01-25 00:00:00+00:00,False,89.03,89.12,87.11,87.12,0.0,1.0,0.0
2024-01-25 04:00:00+00:00,False,87.1,88.62,86.69,87.36,0.0,1.0,0.0
2024-01-25 08:00:00+00:00,False,87.36,89.29,86.52,86.93,0.0,1.0,0.0
2024-01-25 12:00:00+00:00,False,86.91,88.43,85.59,85.85,0.0,1.0,0.0
2024-01-25 16:00:00+00:00,False,85.86,88.13,85.03,87.31,0.0,1.0,0.0
2024-01-25 20:00:00+00:00,False,87.29,87.58,86.17,86.38,0.0,1.0,0.0
2024-01-26 00:00:00+00:00,True,86.38,88.4,85.8,87.75,0.0,0.0,0.0
2024-01-26 04:00:00+00:00,True,87.72,88.07,86.7,87.67,0.0,0.0,0.0
2024-01-26 08:00:00+00:00,True,87.7,92.34,87.29,91.11,0.0,0.0,0.0
2024-01-26 12:00:00+00:00,True,91.11,93.5,90.07,93.37,0.0,0.0,0.0
2024-01-26 16:00:00+00:00,True,93.35,93.7,92.03,92.18,0.0,0.0,0.0
2024-01-26 20:00:00+00:00,True,92.2,92.96,91.66,92.84,0.0,0.0,0.0
2024-01-27 00:00:00+00:00,True,92.82,93.8,92.1,92.26,0.0,0.0,0.0
2024-01-27 04:00:00+00:00,True,92.26,92.41,90.68,91.03,0.0,0.0,0.0
2024-01-27 08:00:00+00:00,True,91.03,92.27,90.91,92.05,0.0,0.0,0.0
2024-01-27 12:00:00+00:00,True,92.06,93.43,91.93,92.5,0.0,0.0,0.0
2024-01-27 16:00:00+00:00,True,92.51,93.37,92.39,93.26,0.0,0.0,0.0
2024-01-27 20:00:00+00:00,True,93.23,94.57,93.0,93.96,0.0,0.0,0.0
2024-01-28 00:00:00+00:00,True,93.97,97.35,93.83,96.85,0.0,0.0,0.0
2024-01-28 04:00:00+00:00,True,96.83,97.11,95.25,96.72,0.0,0.0,0.0
2024-01-28 08:00:00+00:00,True,96.76,99.44,96.48,98.05,0.0,0.0,0.0
2024-01-28 12:00:00+00:00,True,98.07,98.6,96.65,97.06,0.0,0.0,0.0
2024-01-28 16:00:00+00:00,True,97.1,97.25,93.43,95.66,0.0,0.0,0.0
2024-01-28 20:00:00+00:00,True,95.66,96.62,94.52,95.47,0.0,0.0,0.0
2024-01-29 00:00:00+00:00,True,95.45,98.99,95.43,97.27,0.0,0.0,0.0
2024-01-29 04:00:00+00:00,True,97.25,97.78,96.19,96.9,0.0,0.0,0.0
2024-01-29 08:00:00+00:00,True,96.88,97.95,96.32,96.75,0.0,0.0,0.0
2024-01-29 12:00:00+00:00,True,96.79,101.74,95.47,100.95,0.0,0.0,0.0
2024-01-29 16:00:00+00:00,True,100.96,101.65,99.65,101.27,0.0,0.0,0.0
2024-01-29 20:00:00+00:00,True,101.31,102.0,100.69,101.32,0.0,0.0,0.0
2024-01-30 00:00:00+00:00,True,101.32,103.81,100.99,102.27,0.0,0.0,0.0
2024-01-30 04:00:00+00:00,True,102.25,103.94,101.77,103.15,0.0,0.0,0.0
2024-01-30 08:00:00+00:00,True,103.19,106.45,102.97,104.74,0.0,0.0,0.0
2024-01-30 12:00:00+00:00,True,104.74,106.43,103.25,104.66,0.0,0.0,0.0
2024-01-30 16:00:00+00:00,True,104.67,105.66,103.73,104.92,0.0,0.0,0.0
2024-01-30 20:00:00+00:00,True,104.93,105.08,98.69,101.22,0.0,0.0,0.0
2024-01-31 00:00:00+00:00,True,101.2,101.32,99.24,100.95,0.0,0.0,0.0
2024-01-31 04:00:00+00:00,True,100.96,101.87,100.04,100.64,0.0,0.0,0.0
2024-01-31 08:00:00+00:00,True,100.64,100.8,97.25,99.3,0.0,0.0,0.0
2024-01-31 12:00:00+00:00,True,99.28,102.34,97.51,101.33,0.0,0.0,0.0
2024-01-31 16:00:00+00:00,True,101.33,102.7,97.67,98.08,0.0,0.0,0.0
2024-01-31 20:00:00+00:00,True,98.1,98.68,95.88,96.91,0.0,0.0,0.0
2024-02-01 00:00:00+00:00,True,96.87,96.89,92.44,93.99,0.0,0.0,0.0
2024-02-01 04:00:00+00:00,True,94.0,95.71,93.45,94.95,0.0,0.0,0.0
2024-02-01 08:00:00+00:00,True,94.96,96.65,94.69,94.88,0.0,0.0,0.0
2024-02-01 12:00:00+00:00,True,94.88,97.43,94.63,96.4,0.0,0.0,0.0
2024-02-01 16:00:00+00:00,True,96.41,98.07,96.32,97.2,0.0,0.0,0.0
2024-02-01 20:00:00+00:00,False,97.2,99.54,96.92,99.01,0.0,0.0,1.0
2024-02-02 00:00:00+00:00,False,99.01,99.99,98.03,98.82,0.0,0.0,1.0
2024-02-02 04:00:00+00:00,False,98.82,101.45,98.36,100.44,0.0,0.0,1.0
2024-02-02 08:00:00+00:00,True,100.44,102.49,100.05,101.46,0.0,1.0,1.0
2024-02-02 12:00:00+00:00,True,101.49,102.08,98.22,99.99,0.0,1.0,1.0
2024-02-02 16:00:00+00:00,True,100.0,100.51,98.3,99.29,0.0,1.0,1.0
2024-02-02 20:00:00+00:00,True,99.29,101.2,99.09,100.14,0.0,1.0,1.0
2024-02-03 00:00:00+00:00,True,100.14,100.51,99.12,99.43,0.0,1.0,1.0
2024-02-03 04:00:00+00:00,True,99.4,100.03,98.33,98.79,0.0,1.0,1.0
2024-02-03 08:00:00+00:00,True,98.75,99.3,98.33,98.56,0.0,1.0,1.0
2024-02-03 12:00:00+00:00,True,98.55,98.72,96.58,97.81,0.0,1.0,1.0
2024-02-03 16:00:00+00:00,False,97.79,98.7,97.21,98.04,0.0,1.0,0.0
2024-02-03 20:00:00+00:00,False,98.05,98.42,96.83,97.65,0.0,1.0,0.0
2024-02-04 00:00:00+00:00,False,97.65,98.57,97.2,97.42,0.0,1.0,0.0
2024-02-04 04:00:00+00:00,False,97.43,98.15,96.07,96.41,0.0,1.0,0.0
2024-02-04 08:00:00+00:00,False,96.42,98.37,95.9,97.77,0.0,1.0,0.0
2024-02-04 12:00:00+00:00,False,97.74,98.24,97.03,97.21,0.0,1.0,0.0
2024-02-04 16:00:00+00:00,False,97.25,97.53,95.56,96.82,0.0,1.0,0.0
2024-02-04 20:00:00+00:00,False,96.8,96.8,95.03,95.12,0.0,1.0,0.0
2024-02-05 00:00:00+00:00,False,95.13,96.87,94.14,96.24,0.0,1.0,0.0
2024-02-05 04:00:00+00:00,False,96.21,97.85,95.59,97.34,0.0,1.0,0.0
2024-02-05 08:00:00+00:00,False,97.33,98.13,96.84,97.51,0.0,1.0,0.0
2024-02-05 12:00:00+00:00,False,97.51,98.6,95.1,95.93,0.0,1.0,0.0
2024-02-05 16:00:00+00:00,False,95.93,96.43,94.83,95.94,0.0,1.0,0.0
2024-02-05 20:00:00+00:00,False,95.92,95.99,94.1,95.15,0.0,1.0,0.0
2024-02-06 00:00:00+00:00,False,95.15,96.67,95.08,95.18,0.0,1.0,0.0
2024-02-06 04:00:00+00:00,False,95.2,96.21,94.81,95.96,0.0,1.0,0.0
2024-02-06 08:00:00+00:00,False,95.97,96.13,93.04,93.99,0.0,1.0,0.0
2024-02-06 12:00:00+00:00,False,93.98,96.04,93.58,95.38,0.0,1.0,0.0
2024-02-06 16:00:00+00:00,False,95.38,97.9,95.29,97.16,0.0,1.0,0.0
2024-02-06 20:00:00+00:00,False,97.14,97.84,96.73,97.08,0.0,1.0,0.0
2024-02-07 00:00:00+00:00,False,97.06,97.4,94.95,95.3,0.0,1.0,0.0
2024-02-07 04:00:00+00:00,False,95.27,96.15,95.04,95.26,0.0,1.0,0.0
2024-02-07 08:00:00+00:00,False,95.25,95.95,94.57,95.39,0.0,1.0,0.0
2024-02-07 12:00:00+00:00,False,95.41,97.27,95.0,97.15,0.0,1.0,0.0
2024-02-07 16:00:00+00:00,False,97.15,98.62,96.74,98.46,0.0,1.0,0.0
2024-02-07 20:00:00+00:00,False,98.47,102.22,98.39,101.48,0.0,1.0,0.0
2024-02-08 00:00:00+00:00,False,101.46,102.52,101.17,101.73,0.0,1.0,0.0
2024-02-08 04:00:00+00:00,True,101.74,102.29,100.51,102.12,0.0,0.0,0.0
2024-02-08 08:00:00+00:00,True,102.12,102.32,100.96,101.53,0.0,0.0,0.0
2024-02-08 12:00:00+00:00,True,101.52,105.22,101.47,102.61,0.0,0.0,0.0
2024-02-08 16:00:00+00:00,True,102.65,103.43,101.77,103.15,0.0,0.0,0.0
2024-02-08 20:00:00+00:00,True,103.15,103.76,102.39,103.24,0.0,0.0,0.0
2024-02-09 00:00:00+00:00,True,103.25,105.78,103.11,104.39,0.0,0.0,0.0
2024-02-09 04:00:00+00:00,True,104.38,106.39,104.12,106.12,0.0,0.0,0.0
2024-02-09 08:00:00+00:00,True,106.11,106.98,104.26,105.37,0.0,0.0,0.0
2024-02-09 12:00:00+00:00,True,105.39,106.56,104.07,104.84,0.0,0.0,0.0
2024-02-09 16:00:00+00:00,True,104.79,106.64,104.78,105.5,0.0,0.0,0.0
2024-02-09 20:00:00+00:00,True,105.5,109.2,105.14,107.93,0.0,0.0,0.0
2024-02-10 00:00:00+00:00,True,107.95,110.99,107.46,110.1,0.0,0.0,0.0
2024-02-10 04:00:00+00:00,True,110.1,110.56,108.24,108.53,0.0,0.0,0.0
2024-02-10 08:00:00+00:00,True,108.52,109.26,107.3,107.98,0.0,0.0,0.0
2024-02-10 12:00:00+00:00,True,108.01,108.86,107.21,108.41,0.0,0.0,0.0
2024-02-10 16:00:00+00:00,True,108.41,110.47,107.81,109.72,0.0,0.0,0.0
2024-02-10 20:00:00+00:00,True,109.74,110.33,108.4,108.69,0.0,0.0,0.0
2024-02-11 00:00:00+00:00,True,108.69,110.0,107.83,109.44,0.0,0.0,0.0
2024-02-11 04:00:00+00:00,True,109.45,109.82,108.8,109.24,0.0,0.0,0.0
2024-02-11 08:00:00+00:00,True,109.23,110.78,108.6,109.79,0.0,0.0,0.0
2024-02-11 12:00:00+00:00,True,109.79,109.92,108.13,108.59,0.0,0.0,0.0
2024-02-11 16:00:00+00:00,True,108.58,109.16,107.33,107.61,0.0,0.0,0.0
2024-02-11 20:00:00+00:00,True,107.57,109.38,107.33,108.35,0.0,0.0,0.0
2024-02-12 00:00:00+00:00,True,108.3,108.61,104.63,105.71,0.0,0.0,0.0
2024-02-12 04:00:00+00:00,True,105.72,106.42,104.69,105.73,0.0,0.0,0.0
2024-02-12 08:00:00+00:00,True,105.73,105.73,103.43,104.43,0.0,0.0,0.0
2024-02-12 12:00:00+00:00,True,104.4,109.27,104.14,108.89,0.0,0.0,0.0
2024-02-12 16:00:00+00:00,True,108.89,111.38,108.57,110.93,0.0,0.0,0.0
2024-02-12 20:00:00+00:00,True,110.92,115.0,110.08,114.27,0.0,0.0,0.0
2024-02-13 00:00:00+00:00,True,114.27,114.6,112.78,113.85,0.0,0.0,0.0
2024-02-13 04:00:00+00:00,True,113.86,115.17,113.5,114.44,0.0,0.0,0.0
2024-02-13 08:00:00+00:00,True,114.4,114.78,112.9,113.73,0.0,0.0,0.0
2024-02-13 12:00:00+00:00,True,113.77,113.99,108.37,108.81,0.0,0.0,0.0
2024-02-13 16:00:00+00:00,True,108.83,112.95,108.29,112.34,0.0,0.0,0.0
2024-02-13 20:00:00+00:00,True,112.32,113.8,110.73,111.21,0.0,0.0,0.0
2024-02-14 00:00:00+00:00,True,111.2,112.15,110.66,111.79,0.0,0.0,0.0
2024-02-14 04:00:00+00:00,True,111.78,114.88,111.78,114.87,0.0,0.0,0.0
2024-02-14 08:00:00+00:00,True,114.87,116.35,114.39,115.71,0.0,0.0,0.0
2024-02-14 12:00:00+00:00,True,115.71,118.71,115.58,116.24,0.0,0.0,0.0
2024-02-14 16:00:00+00:00,True,116.23,116.82,115.09,116.21,0.0,0.0,0.0
2024-02-14 20:00:00+00:00,True,116.21,118.48,115.95,117.5,0.0,0.0,0.0
2024-02-15 00:00:00+00:00,True,117.5,117.73,116.02,116.54,0.0,0.0,0.0
2024-02-15 04:00:00+00:00,True,116.52,116.6,114.71,115.57,0.0,0.0,0.0
2024-02-15 08:00:00+00:00,True,115.56,117.11,115.25,116.06,0.0,0.0,0.0
2024-02-15 12:00:00+00:00,True,116.06,117.5,113.0,114.35,0.0,0.0,0.0
2024-02-15 16:00:00+00:00,True,114.32,114.54,112.65,113.47,0.0,0.0,0.0
2024-02-15 20:00:00+00:00,True,113.4,113.87,111.6,112.91,0.0,0.0,0.0
2024-02-16 00:00:00+00:00,True,112.91,114.35,112.53,113.33,0.0,0.0,0.0
2024-02-16 04:00:00+00:00,True,113.3,113.45,110.9,111.22,0.0,0.0,0.0
2024-02-16 08:00:00+00:00,True,111.18,113.34,110.14,112.89,0.0,0.0,0.0
2024-02-16 12:00:00+00:00,False,112.93,113.08,108.04,109.32,0.0,0.0,1.0
2024-02-16 16:00:00+00:00,False,109.35,109.78,108.23,109.15,0.0,0.0,1.0
2024-02-16 20:00:00+00:00,False,109.17,111.16,108.91,110.52,0.0,0.0,1.0
2024-02-17 00:00:00+00:00,False,110.57,110.88,109.21,109.43,0.0,0.0,1.0
2024-02-17 04:00:00+00:00,False,109.43,110.86,108.67,109.3,0.0,0.0,1.0
2024-02-17 08:00:00+00:00,False,109.29,109.81,108.41,108.69,0.0,0.0,1.0
2024-02-17 12:00:00+00:00,False,108.69,108.69,105.69,107.32,0.0,0.0,1.0
2024-02-17 16:00:00+00:00,False,107.32,108.53,107.22,108.17,0.0,0.0,1.0
2024-02-17 20:00:00+00:00,False,108.15,109.81,108.04,109.5,0.0,0.0,1.0
2024-02-18 00:00:00+00:00,False,109.48,109.48,107.54,109.13,0.0,0.0,1.0
2024-02-18 04:00:00+00:00,False,109.11,109.84,108.0,109.68,0.0,0.0,1.0
2024-02-18 08:00:00+00:00,False,109.73,113.0,109.64,111.22,0.0,0.0,1.0
2024-02-18 12:00:00+00:00,False,111.23,113.27,110.88,113.05,0.0,0.0,1.0
2024-02-18 16:00:00+00:00,False,113.07,114.08,111.9,112.8,0.0,0.0,1.0
2024-02-18 20:00:00+00:00,False,112.74,113.63,111.82,111.86,0.0,0.0,1.0
2024-02-19 00:00:00+00:00,False,111.89,112.5,111.23,111.66,0.0,0.0,1.0
2024-02-19 04:00:00+00:00,False,111.64,113.64,111.15,112.01,0.0,0.0,1.0
2024-02-19 08:00:00+00:00,False,112.03,112.92,110.81,112.19,0.0,0.0,1.0
2024-02-19 12:00:00+00:00,False,112.13,114.86,111.96,113.14,0.0,0.0,1.0
2024-02-19 16:00:00+00:00,False,113.16,113.69,111.51,112.26,0.0,0.0,1.0
2024-02-19 20:00:00+00:00,False,112.33,113.07,110.63,110.97,0.0,0.0,1.0
2024-02-20 00:00:00+00:00,False,111.03,111.13,109.01,110.32,0.0,0.0,1.0
2024-02-20 04:00:00+00:00,False,110.31,111.06,108.41,109.4,0.0,0.0,1.0
2024-02-20 08:00:00+00:00,False,109.43,110.85,108.0,108.89,0.0,0.0,1.0
2024-02-20 12:00:00+00:00,False,108.89,110.74,104.0,106.0,0.0,0.0,1.0
2024-02-20 16:00:00+00:00,False,105.94,107.75,104.67,107.25,0.0,0.0,1.0
2024-02-20 20:00:00+00:00,False,107.23,109.7,107.16,107.7,0.0,0.0,1.0
2024-02-21 00:00:00+00:00,False,107.68,108.29,106.15,106.7,0.0,0.0,1.0
2024-02-21 04:00:00+00:00,False,106.72,106.96,104.5,104.95,0.0,0.0,1.0
2024-02-21 08:00:00+00:00,False,104.96,105.0,101.74,103.97,0.0,0.0,1.0
2024-02-21 12:00:00+00:00,False,104.0,104.49,101.0,104.08,0.0,0.0,1.0
2024-02-21 16:00:00+00:00,False,104.07,104.08,100.15,101.73,0.0,0.0,1.0
2024-02-21 20:00:00+00:00,False,101.73,105.71,101.45,103.61,0.0,0.0,1.0
2024-02-22 00:00:00+00:00,False,103.61,104.15,102.04,103.45,0.0,0.0,1.0
2024-02-22 04:00:00+00:00,False,103.41,106.08,103.23,105.61,0.0,0.0,1.0
2024-02-22 08:00:00+00:00,False,105.61,107.11,104.69,105.08,0.0,0.0,1.0
2024-02-22 12:00:00+00:00,False,105.08,105.81,103.08,104.2,0.0,0.0,1.0
2024-02-22 16:00:00+00:00,False,104.17,105.3,103.0,104.83,0.0,0.0,1.0
2024-02-22 20:00:00+00:00,False,104.83,104.85,101.46,102.66,0.0,0.0,1.0
2024-02-23 00:00:00+00:00,False,102.63,102.84,100.97,102.32,0.0,0.0,1.0
2024-02-23 04:00:00+00:00,False,102.27,103.07,101.23,101.64,0.0,0.0,1.0
2024-02-23 08:00:00+00:00,False,101.64,103.03,101.07,101.16,0.0,0.0,1.0
2024-02-23 12:00:00+00:00,False,101.14,102.89,98.67,100.53,0.0,0.0,1.0
2024-02-23 16:00:00+00:00,False,100.54,101.75,100.28,101.26,0.0,0.0,1.0
2024-02-23 20:00:00+00:00,False,101.28,101.43,98.86,100.46,0.0,0.0,1.0
2024-02-24 00:00:00+00:00,False,100.45,101.24,98.46,101.03,0.0,0.0,1.0
2024-02-24 04:00:00+00:00,False,101.05,102.4,100.6,101.63,0.0,0.0,1.0
2024-02-24 08:00:00+00:00,False,101.64,102.77,101.64,102.05,0.0,0.0,1.0
2024-02-24 12:00:00+00:00,False,102.05,102.73,101.77,102.65,0.0,0.0,1.0
2024-02-24 16:00:00+00:00,False,102.64,104.35,102.6,103.88,0.0,0.0,1.0
2024-02-24 20:00:00+00:00,False,103.87,104.79,103.41,104.01,0.0,0.0,1.0
2024-02-25 00:00:00+00:00,False,104.01,104.41,102.1,103.07,0.0,0.0,1.0
2024-02-25 04:00:00+00:00,False,103.05,103.65,102.28,102.45,0.0,0.0,1.0
2024-02-25 08:00:00+00:00,False,102.46,103.16,102.01,103.06,0.0,0.0,1.0
2024-02-25 12:00:00+00:00,False,103.02,103.8,102.17,102.77,0.0,0.0,1.0
2024-02-25 16:00:00+00:00,False,102.78,104.34,102.53,103.82,0.0,0.0,1.0
2024-02-25 20:00:00+00:00,False,103.82,104.16,102.96,104.11,0.0,0.0,1.0
2024-02-26 00:00:00+00:00,False,104.11,104.72,102.28,103.16,0.0,0.0,1.0
2024-02-26 04:00:00+00:00,False,103.14,104.27,103.03,103.79,0.0,0.0,1.0
2024-02-26 08:00:00+00:00,False,103.77,104.01,100.3,101.28,0.0,0.0,1.0
2024-02-26 12:00:00+00:00,False,101.28,107.41,101.22,107.35,0.0,0.0,1.0
2024-02-26 16:00:00+00:00,False,107.4,110.54,107.36,108.7,0.0,0.0,1.0
2024-02-26 20:00:00+00:00,True,108.74,111.41,108.45,111.28,0.0,1.0,1.0
2024-02-27 00:00:00+00:00,True,111.27,112.37,108.36,109.62,0.0,1.0,1.0
2024-02-27 04:00:00+00:00,True,109.62,111.88,109.42,111.25,0.0,1.0,1.0
2024-02-27 08:00:00+00:00,True,111.26,112.16,109.59,110.38,0.0,1.0,1.0
2024-02-27 12:00:00+00:00,True,110.36,110.66,105.36,107.07,0.0,1.0,1.0
2024-02-27 16:00:00+00:00,True,107.07,108.94,106.49,108.48,0.0,1.0,1.0
2024-02-27 20:00:00+00:00,True,108.47,109.45,108.0,108.61,0.0,1.0,1.0
2024-02-28 00:00:00+00:00,True,108.61,108.9,107.32,108.76,0.0,1.0,1.0
2024-02-28 04:00:00+00:00,True,108.76,110.86,108.42,110.1,0.0,1.0,1.0
2024-02-28 08:00:00+00:00,True,110.15,115.0,109.51,111.85,0.0,1.0,1.0
2024-02-28 12:00:00+00:00,True,111.87,116.69,110.53,116.41,0.0,1.0,1.0
2024-02-28 16:00:00+00:00,True,116.41,117.0,107.6,111.95,0.0,1.0,1.0
2024-02-28 20:00:00+00:00,True,111.97,123.01,111.5,122.0,0.0,1.0,1.0
2024-02-29 00:00:00+00:00,True,122.02,124.73,120.97,123.08,0.0,1.0,1.0
2024-02-29 04:00:00+00:00,True,123.04,132.88,122.17,132.49,0.0,1.0,1.0
2024-02-29 08:00:00+00:00,True,132.46,132.79,127.0,129.56,0.0,1.0,1.0
2024-02-29 12:00:00+00:00,True,129.56,134.75,127.2,131.78,0.0,1.0,1.0
2024-02-29 16:00:00+00:00,True,131.74,131.97,126.28,129.73,0.0,1.0,1.0
2024-02-29 20:00:00+00:00,True,129.72,134.74,122.61,134.22,0.0,1.0,1.0
2024-03-01 00:00:00+00:00,True,134.1,137.84,131.46,137.06,0.0,1.0,1.0
2024-03-01 04:00:00+00:00,True,137.07,137.25,130.78,132.97,0.0,1.0,1.0
2024-03-01 08:00:00+00:00,True,132.99,135.54,132.9,134.83,0.0,1.0,1.0
2024-03-01 12:00:00+00:00,True,134.81,135.0,129.37,129.66,0.0,1.0,1.0
2024-03-01 16:00:00+00:00,True,129.7,133.44,129.63,130.71,0.0,1.0,1.0
2024-03-01 20:00:00+00:00,True,130.7,131.9,129.3,129.65,0.0,1.0,1.0
2024-03-02 00:00:00+00:00,True,129.65,130.82,127.35,129.27,0.0,1.0,1.0
2024-03-02 04:00:00+00:00,True,129.27,130.67,127.84,130.02,0.0,1.0,1.0
2024-03-02 08:00:00+00:00,True,130.05,130.48,127.49,129.63,0.0,1.0,1.0
2024-03-02 12:00:00+00:00,True,129.63,130.57,127.5,128.7,0.0,1.0,1.0
2024-03-02 16:00:00+00:00,True,128.69,131.5,127.88,129.42,0.0,1.0,1.0
2024-03-02 20:00:00+00:00,True,129.42,130.43,128.38,128.53,0.0,1.0,1.0
2024-03-03 00:00:00+00:00,True,128.54,130.84,128.32,129.94,0.0,1.0,1.0
2024-03-03 04:00:00+00:00,True,129.92,130.39,124.73,127.41,0.0,1.0,1.0
2024-03-03 08:00:00+00:00,True,127.44,131.37,127.38,128.57,0.0,1.0,1.0
2024-03-03 12:00:00+00:00,True,128.59,130.98,128.17,130.93,0.0,1.0,1.0
2024-03-03 16:00:00+00:00,True,130.94,131.25,129.67,130.08,0.0,1.0,1.0
2024-03-03 20:00:00+00:00,True,130.07,133.01,129.14,131.0,0.0,1.0,1.0
2024-03-04 00:00:00+00:00,True,131.01,131.22,128.55,129.85,0.0,1.0,1.0
2024-03-04 04:00:00+00:00,True,129.84,132.61,128.62,132.25,0.0,1.0,1.0
2024-03-04 08:00:00+00:00,True,132.24,134.98,130.53,132.58,0.0,1.0,1.0
2024-03-04 12:00:00+00:00,True,132.57,133.44,129.0,129.09,0.0,1.0,1.0
2024-03-04 16:00:00+00:00,True,129.03,133.0,127.51,129.31,0.0,1.0,1.0
2024-03-04 20:00:00+00:00,True,129.29,133.58,128.43,131.41,0.0,1.0,1.0
2024-03-05 00:00:00+00:00,True,131.42,134.0,128.0,128.63,0.0,1.0,1.0
2024-03-05 04:00:00+00:00,True,128.53,132.81,128.17,129.93,0.0,1.0,1.0
2024-03-05 08:00:00+00:00,True,129.95,132.5,129.35,131.91,0.0,1.0,1.0
2024-03-05 12:00:00+00:00,True,131.9,143.0,130.76,131.15,0.0,1.0,1.0
2024-03-05 16:00:00+00:00,False,131.15,135.75,110.0,120.09,0.0,1.0,1.0
2024-03-05 20:00:00+00:00,False,120.1,128.04,118.47,124.17,0.0,1.0,1.0
2024-03-06 00:00:00+00:00,False,124.21,126.36,120.08,126.0,0.0,1.0,1.0
2024-03-06 04:00:00+00:00,False,125.96,134.95,125.81,132.7,0.0,1.0,1.0
2024-03-06 08:00:00+00:00,False,132.63,132.76,127.18,127.98,0.0,1.0,1.0
2024-03-06 12:00:00+00:00,False,128.02,129.69,125.45,128.76,0.0,1.0,1.0
2024-03-06 16:00:00+00:00,False,128.76,132.2,128.47,131.48,0.0,1.0,1.0
2024-03-06 20:00:00+00:00,False,131.49,135.0,130.29,134.33,0.0,1.0,1.0
2024-03-07 00:00:00+00:00,False,134.33,141.75,132.07,139.19,0.0,1.0,1.0
2024-03-07 04:00:00+00:00,False,139.21,141.26,135.94,141.05,0.0,1.0,1.0
2024-03-07 08:00:00+00:00,True,141.06,144.47,138.35,141.87,0.0,1.0,1.0
2024-03-07 12:00:00+00:00,True,141.87,150.0,141.56,146.93,0.0,1.0,1.0
2024-03-07 16:00:00+00:00,True,146.91,149.48,145.44,146.55,0.0,1.0,1.0
2024-03-07 20:00:00+00:00,True,146.55,146.73,143.76,146.24,0.0,1.0,1.0
2024-03-08 00:00:00+00:00,True,146.24,146.68,143.25,144.63,0.0,1.0,1.0
2024-03-08 04:00:00+00:00,True,144.63,146.58,142.22,145.88,0.0,1.0,1.0
2024-03-08 08:00:00+00:00,True,145.92,150.0,145.22,149.43,0.0,1.0,1.0
2024-03-08 12:00:00+00:00,True,149.39,153.0,142.09,148.49,0.0,1.0,1.0
2024-03-08 16:00:00+00:00,True,148.47,150.96,146.4,147.27,0.0,1.0,1.0
2024-03-08 20:00:00+00:00,True,147.22,147.35,143.8,145.83,0.0,1.0,1.0
2024-03-09 00:00:00+00:00,True,145.86,147.65,144.88,147.65,0.0,1.0,1.0
2024-03-09 04:00:00+00:00,True,147.62,149.49,146.7,147.92,0.0,1.0,1.0
2024-03-09 08:00:00+00:00,True,147.89,148.84,145.36,146.06,0.0,1.0,1.0
2024-03-09 12:00:00+00:00,True,146.05,147.63,145.58,145.69,0.0,1.0,1.0
2024-03-09 16:00:00+00:00,True,145.7,146.55,144.0,146.13,0.0,1.0,1.0
2024-03-09 20:00:00+00:00,True,146.17,147.03,144.0,146.36,0.0,1.0,1.0
2024-03-10 00:00:00+00:00,True,146.43,148.61,145.7,147.4,0.0,1.0,1.0
2024-03-10 04:00:00+00:00,True,147.39,148.73,147.17,148.55,0.0,1.0,1.0
2024-03-10 08:00:00+00:00,True,148.54,148.71,145.26,145.96,0.0,1.0,1.0
2024-03-10 12:00:00+00:00,True,145.93,146.13,141.91,143.5,0.0,1.0,1.0
2024-03-10 16:00:00+00:00,True,143.46,145.63,143.27,145.06,0.0,1.0,1.0
2024-03-10 20:00:00+00:00,True,145.06,145.54,140.61,144.25,0.0,1.0,1.0
2024-03-11 00:00:00+00:00,True,144.25,144.64,137.0,141.63,0.0,1.0,1.0
2024-03-11 04:00:00+00:00,False,141.62,148.3,139.71,148.0,0.0,1.0,1.0
2024-03-11 08:00:00+00:00,False,148.0,150.18,148.0,149.13,0.0,1.0,1.0
2024-03-11 12:00:00+00:00,False,149.13,150.11,144.47,146.69,0.0,1.0,1.0
2024-03-11 16:00:00+00:00,False,146.73,148.45,146.0,146.9,0.0,1.0,1.0
2024-03-11 20:00:00+00:00,False,146.9,149.29,146.7,148.3,0.0,1.0,1.0
2024-03-12 00:00:00+00:00,False,148.29,155.0,147.21,149.64,0.0,1.0,1.0
2024-03-12 04:00:00+00:00,False,149.65,154.48,149.41,151.78,0.0,1.0,1.0
2024-03-12 08:00:00+00:00,False,151.77,153.31,148.14,150.94,0.0,1.0,1.0
2024-03-12 12:00:00+00:00,False,150.97,152.02,147.28,149.79,0.0,1.0,1.0
2024-03-12 16:00:00+00:00,False,149.72,150.26,141.72,149.81,0.0,1.0,1.0
2024-03-12 20:00:00+00:00,False,149.81,151.3,146.95,150.83,0.0,1.0,1.0
2024-03-13 00:00:00+00:00,False,150.8,151.6,148.78,149.59,0.0,1.0,1.0
2024-03-13 04:00:00+00:00,False,149.66,153.0,148.79,150.75,0.0,1.0,1.0
2024-03-13 08:00:00+00:00,False,150.78,154.75,150.71,153.97,0.0,1.0,1.0
2024-03-13 12:00:00+00:00,False,153.96,159.5,150.0,157.7,0.0,1.0,1.0
2024-03-13 16:00:00+00:00,True,157.7,162.09,154.88,161.36,0.0,1.0,1.0
2024-03-13 20:00:00+00:00,True,161.36,167.0,159.63,163.39,0.0,1.0,1.0
2024-03-14 00:00:00+00:00,True,163.38,169.33,163.33,166.69,0.0,1.0,1.0
2024-03-14 04:00:00+00:00,True,166.64,170.0,165.27,168.71,0.0,1.0,1.0
2024-03-14 08:00:00+00:00,True,168.71,174.61,168.29,173.39,0.0,1.0,1.0
2024-03-14 12:00:00+00:00,True,173.38,173.53,164.23,168.87,0.0,1.0,1.0
2024-03-14 16:00:00+00:00,True,168.81,170.0,159.2,164.1,0.0,1.0,1.0
2024-03-14 20:00:00+00:00,True,164.1,181.26,163.84,178.24,0.0,1.0,1.0
2024-03-15 00:00:00+00:00,True,178.23,186.66,169.64,173.93,0.0,1.0,1.0
2024-03-15 04:00:00+00:00,True,173.84,181.78,171.14,176.65,0.0,1.0,1.0
2024-03-15 08:00:00+00:00,True,176.66,176.87,164.58,169.5,0.0,1.0,1.0
2024-03-15 12:00:00+00:00,True,169.51,184.77,167.89,181.17,0.0,1.0,1.0
2024-03-15 16:00:00+00:00,True,181.15,188.88,178.13,180.7,0.0,1.0,1.0
2024-03-15 20:00:00+00:00,True,180.69,185.5,175.01,183.35,0.0,1.0,1.0
2024-03-16 00:00:00+00:00,True,183.36,189.0,180.44,186.85,0.0,1.0,1.0
2024-03-16 04:00:00+00:00,True,186.8,193.6,185.03,192.04,0.0,1.0,1.0
2024-03-16 08:00:00+00:00,True,192.12,197.86,190.44,191.47,0.0,1.0,1.0
2024-03-16 12:00:00+00:00,True,191.46,195.99,187.81,194.93,0.0,1.0,1.0
2024-03-16 16:00:00+00:00,True,194.87,195.14,178.55,180.21,0.0,1.0,1.0
2024-03-16 20:00:00+00:00,True,180.21,185.74,176.71,184.42,0.0,1.0,1.0
2024-03-17 00:00:00+00:00,True,184.42,189.17,181.3,185.5,0.0,1.0,1.0
2024-03-17 04:00:00+00:00,True,185.53,188.61,178.55,183.04,0.0,1.0,1.0
2024-03-17 08:00:00+00:00,True,183.0,193.41,179.61,192.69,0.0,1.0,1.0
2024-03-17 12:00:00+00:00,True,192.59,195.99,188.22,195.96,0.0,1.0,1.0
2024-03-17 16:00:00+00:00,True,195.9,198.0,191.97,196.13,0.0,1.0,1.0
2024-03-17 20:00:00+00:00,True,196.09,204.12,195.97,200.59,0.0,1.0,1.0
2024-03-18 00:00:00+00:00,True,200.5,205.0,193.6,202.0,0.0,1.0,1.0
2024-03-18 04:00:00+00:00,True,202.0,204.9,200.0,202.9,0.0,1.0,1.0
2024-03-18 08:00:00+00:00,True,202.93,209.9,198.2,207.66,0.0,1.0,1.0
2024-03-18 12:00:00+00:00,True,207.69,209.19,198.2,202.67,0.0,1.0,1.0
2024-03-18 16:00:00+00:00,True,202.6,206.13,195.4,199.28,0.0,1.0,1.0
2024-03-18 20:00:00+00:00,True,199.2,205.01,195.34,197.24,0.0,1.0,1.0
2024-03-19 00:00:00+00:00,True,197.24,198.7,179.89,183.95,0.0,1.0,1.0
2024-03-19 04:00:00+00:00,True,183.89,189.1,180.5,184.59,0.0,1.0,1.0
2024-03-19 08:00:00+00:00,True,184.54,184.57,170.81,178.31,0.0,1.0,1.0
2024-03-19 12:00:00+00:00,True,178.39,186.0,174.4,183.6,0.0,1.0,1.0
2024-03-19 16:00:00+00:00,False,183.57,186.47,179.95,180.09,0.0,1.0,1.0
2024-03-19 20:00:00+00:00,False,180.14,180.16,165.37,169.99,0.0,1.0,1.0
2024-03-20 00:00:00+00:00,False,169.94,176.92,168.92,170.4,0.0,1.0,1.0
2024-03-20 04:00:00+00:00,False,170.67,174.2,162.41,172.78,0.0,1.0,1.0
2024-03-20 08:00:00+00:00,False,172.86,175.17,169.29,171.65,0.0,1.0,1.0
2024-03-20 12:00:00+00:00,False,171.7,176.73,169.79,172.05,0.0,1.0,1.0
2024-03-20 16:00:00+00:00,False,172.05,184.6,165.55,183.55,0.0,1.0,1.0
2024-03-20 20:00:00+00:00,False,183.58,193.33,183.41,190.44,0.0,1.0,1.0
2024-03-21 00:00:00+00:00,False,190.44,195.79,189.4,190.13,0.0,1.0,1.0
2024-03-21 04:00:00+00:00,False,190.18,192.35,184.79,189.17,0.0,1.0,1.0
2024-03-21 08:00:00+00:00,False,189.17,191.59,186.26,189.27,0.0,1.0,1.0
2024-03-21 12:00:00+00:00,False,189.29,191.45,183.48,184.58,0.0,1.0,1.0
2024-03-21 16:00:00+00:00,False,184.61,188.0,175.5,176.24,0.0,1.0,1.0
2024-03-21 20:00:00+00:00,False,176.3,181.9,176.3,178.72,0.0,1.0,1.0
2024-03-22 00:00:00+00:00,False,178.69,181.89,173.9,178.38,0.0,1.0,1.0
2024-03-22 04:00:00+00:00,False,178.38,180.83,177.48,179.23,0.0,1.0,1.0
2024-03-22 08:00:00+00:00,False,179.27,180.19,170.91,172.36,0.0,1.0,1.0
2024-03-22 12:00:00+00:00,False,172.31,173.96,167.6,170.95,0.0,1.0,1.0
2024-03-22 16:00:00+00:00,False,170.93,173.79,168.76,172.39,0.0,1.0,1.0
2024-03-22 20:00:00+00:00,False,172.37,175.3,168.21,174.6,0.0,1.0,1.0
2024-03-23 00:00:00+00:00,False,174.6,178.68,170.33,172.29,0.0,1.0,1.0
2024-03-23 04:00:00+00:00,False,172.34,177.62,171.42,176.44,0.0,1.0,1.0
2024-03-23 08:00:00+00:00,False,176.43,177.11,174.0,175.56,0.0,1.0,1.0
2024-03-23 12:00:00+00:00,False,175.56,179.03,174.39,174.65,0.0,1.0,1.0
2024-03-23 16:00:00+00:00,False,174.65,180.0,173.7,174.75,0.0,1.0,1.0
2024-03-23 20:00:00+00:00,False,174.76,175.5,172.5,174.08,0.0,1.0,1.0
2024-03-24 00:00:00+00:00,False,174.11,177.45,171.32,171.6,0.0,1.0,1.0
2024-03-24 04:00:00+00:00,False,171.57,173.83,171.36,173.5,0.0,1.0,1.0
2024-03-24 08:00:00+00:00,False,173.5,176.0,173.35,175.34,0.0,1.0,1.0
2024-03-24 12:00:00+00:00,False,175.29,177.2,174.65,176.39,0.0,1.0,1.0
2024-03-24 16:00:00+00:00,False,176.42,176.94,172.46,175.72,0.0,1.0,1.0
2024-03-24 20:00:00+00:00,False,175.72,186.8,175.24,183.4,0.0,1.0,1.0
2024-03-25 00:00:00+00:00,False,183.4,185.47,180.96,184.13,0.0,1.0,1.0
2024-03-25 04:00:00+00:00,False,184.08,189.68,183.84,186.21,0.0,1.0,1.0
2024-03-25 08:00:00+00:00,False,186.17,192.0,186.05,188.59,0.0,1.0,1.0
2024-03-25 12:00:00+00:00,False,188.55,194.6,186.42,192.12,0.0,1.0,1.0
2024-03-25 16:00:00+00:00,False,192.13,194.6,190.44,191.69,0.0,1.0,1.0
2024-03-25 20:00:00+00:00,False,191.66,193.18,188.32,188.62,0.0,1.0,1.0
2024-03-26 00:00:00+00:00,False,188.63,192.18,184.56,192.18,0.0,1.0,1.0
2024-03-26 04:00:00+00:00,True,192.17,198.03,191.36,193.9,0.0,1.0,1.0
2024-03-26 08:00:00+00:00,True,193.92,196.38,192.8,193.94,0.0,1.0,1.0
2024-03-26 12:00:00+00:00,True,193.91,195.3,189.47,191.36,0.0,1.0,1.0
2024-03-26 16:00:00+00:00,True,191.35,191.38,185.55,188.79,0.0,1.0,1.0
2024-03-26 20:00:00+00:00,True,188.77,192.63,188.3,190.26,0.0,1.0,1.0
2024-03-27 00:00:00+00:00,True,190.25,192.59,188.69,190.12,0.0,1.0,1.0
2024-03-27 04:00:00+00:00,True,190.09,190.51,186.06,187.18,0.0,1.0,1.0
2024-03-27 08:00:00+00:00,True,187.18,188.7,182.41,188.28,0.0,1.0,1.0
2024-03-27 12:00:00+00:00,True,188.29,191.2,180.88,182.19,0.0,1.0,1.0
2024-03-27 16:00:00+00:00,True,182.2,184.1,180.0,182.89,0.0,1.0,1.0
2024-03-27 20:00:00+00:00,False,182.88,186.95,182.86,185.6,0.0,1.0,0.0
2024-03-28 00:00:00+00:00,False,185.61,187.87,180.72,182.48,0.0,1.0,0.0
2024-03-28 04:00:00+00:00,False,182.48,188.0,182.43,187.35,0.0,1.0,0.0
2024-03-28 08:00:00+00:00,False,187.37,188.38,184.62,185.72,0.0,1.0,0.0
2024-03-28 12:00:00+00:00,False,185.67,189.54,182.52,186.81,0.0,1.0,0.0
2024-03-28 16:00:00+00:00,False,186.8,187.24,184.41,187.2,0.0,1.0,0.0
2024-03-28 20:00:00+00:00,False,187.26,191.0,186.29,189.2,0.0,1.0,0.0
2024-03-29 00:00:00+00:00,False,189.18,190.75,187.62,188.38,0.0,1.0,0.0
2024-03-29 04:00:00+00:00,False,188.36,189.17,183.23,184.45,0.0,1.0,0.0
2024-03-29 08:00:00+00:00,False,184.45,186.48,183.51,186.35,0.0,1.0,0.0
2024-03-29 12:00:00+00:00,False,186.36,189.85,184.23,185.94,0.0,1.0,0.0
2024-03-29 16:00:00+00:00,False,186.0,188.21,184.54,188.16,0.0,1.0,0.0
2024-03-29 20:00:00+00:00,False,188.15,193.08,187.42,191.49,0.0,1.0,0.0
2024-03-30 00:00:00+00:00,False,191.5,194.55,190.92,192.82,0.0,1.0,0.0
2024-03-30 04:00:00+00:00,False,192.84,199.98,192.72,196.48,0.0,1.0,0.0
2024-03-30 08:00:00+00:00,False,196.49,198.99,193.4,197.08,0.0,1.0,0.0
2024-03-30 12:00:00+00:00,False,197.08,198.61,194.73,196.62,0.0,1.0,0.0
2024-03-30 16:00:00+00:00,True,196.62,198.0,193.64,195.0,0.0,1.0,0.0
2024-03-30 20:00:00+00:00,True,195.0,196.73,193.43,194.81,0.0,1.0,0.0
2024-03-31 00:00:00+00:00,True,194.8,197.27,193.76,194.2,0.0,1.0,0.0
2024-03-31 04:00:00+00:00,True,194.2,197.34,193.98,196.86,0.0,1.0,0.0
2024-03-31 08:00:00+00:00,True,196.86,197.1,195.43,196.36,0.0,1.0,0.0
2024-03-31 12:00:00+00:00,True,196.36,197.71,195.46,195.8,0.0,1.0,0.0
2024-03-31 16:00:00+00:00,True,195.8,200.96,195.49,200.09,0.0,1.0,0.0
2024-03-31 20:00:00+00:00,True,200.08,203.15,198.5,202.07,0.0,1.0,0.0
2024-04-01 00:00:00+00:00,True,202.09,204.25,200.89,203.0,0.0,1.0,0.0
2024-04-01 04:00:00+00:00,True,203.01,203.76,193.46,197.62,0.0,1.0,0.0
2024-04-01 08:00:00+00:00,True,197.5,198.09,194.89,195.22,0.0,1.0,0.0
2024-04-01 12:00:00+00:00,True,195.21,197.82,186.91,188.75,0.0,1.0,0.0
2024-04-01 16:00:00+00:00,True,188.79,193.74,187.5,192.65,0.0,1.0,0.0
2024-04-01 20:00:00+00:00,True,192.63,194.19,191.66,191.86,0.0,1.0,0.0
2024-04-02 00:00:00+00:00,False,191.86,191.96,182.02,184.42,0.0,1.0,1.0
2024-04-02 04:00:00+00:00,False,184.46,186.47,181.07,183.33,0.0,1.0,1.0
2024-04-02 08:00:00+00:00,False,183.35,183.83,177.5,179.73,0.0,1.0,1.0
2024-04-02 12:00:00+00:00,False,179.72,182.27,175.89,177.58,0.0,1.0,1.0
2024-04-02 16:00:00+00:00,False,177.58,186.98,176.65,184.92,0.0,1.0,1.0
2024-04-02 20:00:00+00:00,False,184.92,186.54,180.72,181.18,0.0,1.0,1.0
2024-04-03 00:00:00+00:00,False,181.19,189.0,177.0,187.68,0.0,1.0,1.0
2024-04-03 04:00:00+00:00,False,187.65,191.96,186.96,189.07,0.0,1.0,1.0
2024-04-03 08:00:00+00:00,False,189.14,191.73,186.51,187.71,0.0,1.0,1.0
2024-04-03 12:00:00+00:00,False,187.7,191.27,186.5,189.74,0.0,1.0,1.0
2024-04-03 16:00:00+00:00,False,189.7,191.31,184.17,185.14,0.0,1.0,1.0
2024-04-03 20:00:00+00:00,False,185.15,186.63,182.19,185.16,0.0,1.0,1.0
2024-04-04 00:00:00+00:00,False,185.17,187.47,181.11,181.5,0.0,1.0,1.0
2024-04-04 04:00:00+00:00,False,181.49,185.78,180.27,184.87,0.0,1.0,1.0
2024-04-04 08:00:00+00:00,False,184.88,186.27,184.66,185.58,0.0,1.0,1.0
2024-04-04 12:00:00+00:00,False,185.57,189.6,185.57,187.14,0.0,1.0,1.0
2024-04-04 16:00:00+00:00,False,187.14,190.22,184.57,184.67,0.0,1.0,1.0
2024-04-04 20:00:00+00:00,False,184.65,188.52,181.0,183.28,0.0,1.0,1.0
2024-04-05 00:00:00+00:00,False,183.29,185.23,177.6,179.53,0.0,1.0,1.0
2024-04-05 04:00:00+00:00,False,179.54,180.42,173.0,174.9,0.0,1.0,1.0
2024-04-05 08:00:00+00:00,False,174.93,177.14,168.64,169.28,0.0,1.0,1.0
2024-04-05 12:00:00+00:00,False,169.31,177.58,168.0,176.61,0.0,1.0,1.0
2024-04-05 16:00:00+00:00,False,176.62,176.95,172.46,175.37,0.0,1.0,1.0
2024-04-05 20:00:00+00:00,False,175.29,177.0,173.91,174.07,0.0,1.0,1.0
2024-04-06 00:00:00+00:00,False,174.07,176.67,173.45,175.54,0.0,1.0,1.0
2024-04-06 04:00:00+00:00,False,175.53,178.27,174.67,177.14,0.0,1.0,1.0
2024-04-06 08:00:00+00:00,False,177.18,178.48,175.36,175.81,0.0,1.0,1.0
2024-04-06 12:00:00+00:00,False,175.8,179.0,173.83,178.09,0.0,1.0,1.0
2024-04-06 16:00:00+00:00,False,178.11,178.96,176.69,177.07,0.0,1.0,1.0
2024-04-06 20:00:00+00:00,False,177.05,179.87,176.77,178.13,0.0,1.0,1.0
2024-04-07 00:00:00+00:00,False,178.17,182.73,177.34,181.21,0.0,1.0,1.0
2024-04-07 04:00:00+00:00,False,181.2,181.57,179.21,180.12,0.0,1.0,1.0
2024-04-07 08:00:00+00:00,False,180.12,181.03,178.7,180.71,0.0,1.0,1.0
2024-04-07 12:00:00+00:00,False,180.7,182.23,179.54,180.01,0.0,1.0,1.0
2024-04-07 16:00:00+00:00,False,180.01,182.62,177.69,178.71,0.0,1.0,1.0
2024-04-07 20:00:00+00:00,False,178.71,180.04,176.84,178.66,0.0,1.0,1.0
2024-04-08 00:00:00+00:00,False,178.64,179.27,175.27,176.43,0.0,1.0,1.0
2024-04-08 04:00:00+00:00,False,176.41,181.14,175.74,180.77,0.0,1.0,1.0
2024-04-08 08:00:00+00:00,False,180.75,184.63,179.48,182.91,0.0,1.0,1.0
2024-04-08 12:00:00+00:00,False,182.92,183.49,179.31,181.62,0.0,1.0,1.0
2024-04-08 16:00:00+00:00,False,181.62,182.3,178.54,179.14,0.0,1.0,1.0
2024-04-08 20:00:00+00:00,False,179.17,181.45,179.17,180.2,0.0,1.0,1.0
2024-04-09 00:00:00+00:00,False,180.2,180.9,176.76,177.02,0.0,1.0,1.0
2024-04-09 04:00:00+00:00,False,177.02,178.63,175.01,175.14,0.0,1.0,1.0
2024-04-09 08:00:00+00:00,False,175.13,176.47,173.51,176.45,0.0,1.0,1.0
2024-04-09 12:00:00+00:00,False,176.39,176.54,168.89,172.34,0.0,1.0,1.0
2024-04-09 16:00:00+00:00,False,172.33,177.6,171.58,174.58,0.0,1.0,1.0
2024-04-09 20:00:00+00:00,False,174.56,175.84,171.52,171.61,0.0,1.0,1.0
2024-04-10 00:00:00+00:00,False,171.61,173.0,169.22,170.99,0.0,1.0,1.0
2024-04-10 04:00:00+00:00,False,170.98,173.6,170.83,171.33,0.0,1.0,1.0
2024-04-10 08:00:00+00:00,False,171.36,172.53,168.33,170.23,0.0,1.0,1.0
2024-04-10 12:00:00+00:00,False,170.2,170.2,162.27,168.1,0.0,1.0,1.0
2024-04-10 16:00:00+00:00,False,168.15,173.17,166.86,170.5,0.0,1.0,1.0
2024-04-10 20:00:00+00:00,False,170.5,175.52,170.16,172.52,0.0,1.0,1.0
2024-04-11 00:00:00+00:00,False,172.55,174.0,171.1,172.05,0.0,1.0,1.0
2024-04-11 04:00:00+00:00,False,172.07,175.96,171.59,174.4,0.0,1.0,1.0
2024-04-11 08:00:00+00:00,False,174.38,175.37,170.13,171.08,0.0,1.0,1.0
2024-04-11 12:00:00+00:00,False,171.11,175.31,170.04,173.72,0.0,1.0,1.0
2024-04-11 16:00:00+00:00,False,173.72,176.34,171.96,174.66,0.0,1.0,1.0
2024-04-11 20:00:00+00:00,False,174.67,175.62,171.92,172.84,0.0,1.0,1.0
2024-04-12 00:00:00+00:00,False,172.87,174.34,172.45,173.86,0.0,1.0,1.0
2024-04-12 04:00:00+00:00,False,173.86,175.99,172.94,172.96,0.0,1.0,1.0
2024-04-12 08:00:00+00:00,False,173.02,173.63,171.28,172.46,0.0,1.0,1.0
2024-04-12 12:00:00+00:00,False,172.46,172.46,166.55,167.57,0.0,1.0,1.0
2024-04-12 16:00:00+00:00,False,167.52,167.7,143.0,151.64,0.0,1.0,1.0
2024-04-12 20:00:00+00:00,False,151.77,154.99,149.92,152.76,0.0,1.0,1.0
2024-04-13 00:00:00+00:00,False,152.77,153.51,145.55,151.71,0.0,1.0,1.0
2024-04-13 04:00:00+00:00,False,151.69,154.99,150.64,150.91,0.0,1.0,1.0
2024-04-13 08:00:00+00:00,False,150.88,153.45,149.54,151.38,0.0,1.0,1.0
2024-04-13 12:00:00+00:00,False,151.37,153.04,148.4,148.82,0.0,1.0,1.0
2024-04-13 16:00:00+00:00,False,148.77,148.78,129.01,132.86,0.0,1.0,1.0
2024-04-13 20:00:00+00:00,False,133.06,143.9,121.88,138.99,0.0,1.0,1.0
2024-04-14 00:00:00+00:00,False,138.98,141.12,130.0,134.11,0.0,1.0,1.0
2024-04-14 04:00:00+00:00,False,134.11,144.64,133.94,143.58,0.0,1.0,1.0
2024-04-14 08:00:00+00:00,False,143.62,145.62,138.34,139.94,0.0,1.0,1.0
2024-04-14 12:00:00+00:00,False,139.96,143.45,135.58,138.84,0.0,1.0,1.0
2024-04-14 16:00:00+00:00,False,138.9,143.21,133.54,142.3,0.0,1.0,1.0
2024-04-14 20:00:00+00:00,False,142.28,152.95,139.84,150.61,0.0,1.0,1.0
2024-04-15 00:00:00+00:00,False,150.59,151.1,146.56,148.18,0.0,1.0,1.0
2024-04-15 04:00:00+00:00,False,148.17,156.27,146.22,154.7,0.0,1.0,1.0
2024-04-15 08:00:00+00:00,False,154.7,155.14,150.95,151.32,0.0,1.0,1.0
2024-04-15 12:00:00+00:00,False,151.27,152.47,141.56,144.29,0.0,1.0,1.0
2024-04-15 16:00:00+00:00,False,144.32,144.38,133.7,138.82,0.0,1.0,1.0
2024-04-15 20:00:00+00:00,False,138.82,140.26,135.5,138.52,0.0,1.0,1.0
2024-04-16 00:00:00+00:00,False,138.54,140.69,133.74,135.04,0.0,1.0,1.0
2024-04-16 04:00:00+00:00,False,135.04,138.97,130.5,137.92,0.0,1.0,1.0
2024-04-16 08:00:00+00:00,False,137.89,138.08,130.0,135.2,0.0,1.0,1.0
2024-04-16 12:00:00+00:00,False,135.17,135.78,127.5,128.74,0.0,1.0,1.0
2024-04-16 16:00:00+00:00,False,128.75,135.4,126.51,132.79,0.0,1.0,1.0
2024-04-16 20:00:00+00:00,False,132.79,138.06,131.65,136.2,0.0,1.0,1.0
2024-04-17 00:00:00+00:00,False,136.18,138.34,134.95,137.61,0.0,1.0,1.0
2024-04-17 04:00:00+00:00,False,137.6,142.77,136.74,139.64,0.0,1.0,1.0
2024-04-17 08:00:00+00:00,False,139.64,139.94,134.11,135.03,0.0,1.0,1.0
2024-04-17 12:00:00+00:00,False,135.03,135.09,127.38,128.2,0.0,1.0,1.0
2024-04-17 16:00:00+00:00,False,128.2,137.89,126.68,135.11,0.0,1.0,1.0
2024-04-17 20:00:00+00:00,False,135.11,137.91,131.25,132.49,0.0,1.0,1.0
2024-04-18 00:00:00+00:00,False,132.5,136.62,129.7,135.83,0.0,1.0,1.0
2024-04-18 04:00:00+00:00,False,135.79,136.79,129.09,130.18,0.0,1.0,1.0
2024-04-18 08:00:00+00:00,False,130.11,137.0,127.7,135.91,0.0,1.0,1.0
2024-04-18 12:00:00+00:00,False,135.91,141.63,132.0,139.49,0.0,1.0,1.0
2024-04-18 16:00:00+00:00,False,139.45,141.68,135.69,140.0,0.0,1.0,1.0
2024-04-18 20:00:00+00:00,False,139.98,143.94,139.64,141.4,0.0,1.0,1.0
2024-04-19 00:00:00+00:00,False,141.39,141.43,128.47,137.66,0.0,1.0,1.0
2024-04-19 04:00:00+00:00,True,137.66,146.89,137.02,144.07,0.0,0.0,1.0
2024-04-19 08:00:00+00:00,True,144.05,146.23,142.59,143.93,0.0,0.0,1.0
2024-04-19 12:00:00+00:00,True,143.89,147.63,141.74,147.5,0.0,0.0,1.0
2024-04-19 16:00:00+00:00,True,147.5,147.57,143.71,145.06,0.0,0.0,1.0
2024-04-19 20:00:00+00:00,True,145.02,145.77,139.85,142.97,0.0,0.0,1.0
2024-04-20 00:00:00+00:00,True,142.97,143.63,139.7,142.5,0.0,0.0,1.0
2024-04-20 04:00:00+00:00,True,142.45,145.07,141.68,143.38,0.0,0.0,1.0
2024-04-20 08:00:00+00:00,True,143.44,143.44,140.14,141.9,0.0,0.0,1.0
2024-04-20 12:00:00+00:00,True,141.95,148.36,141.0,146.95,0.0,0.0,1.0
2024-04-20 16:00:00+00:00,True,146.95,151.87,146.38,151.14,0.0,0.0,1.0
2024-04-20 20:00:00+00:00,True,151.16,152.48,149.16,150.62,0.0,0.0,1.0
2024-04-21 00:00:00+00:00,True,150.64,153.59,148.16,150.78,0.0,0.0,1.0
2024-04-21 04:00:00+00:00,True,150.76,151.83,149.97,151.52,0.0,0.0,1.0
2024-04-21 08:00:00+00:00,True,151.48,152.73,149.64,151.5,0.0,0.0,1.0
2024-04-21 12:00:00+00:00,True,151.51,151.8,148.61,149.22,0.0,0.0,1.0
2024-04-21 16:00:00+00:00,True,149.19,149.99,146.8,148.54,0.0,0.0,1.0
2024-04-21 20:00:00+00:00,True,148.55,150.91,148.0,148.95,0.0,0.0,1.0
2024-04-22 00:00:00+00:00,True,148.95,151.49,146.7,150.9,0.0,0.0,1.0
2024-04-22 04:00:00+00:00,True,150.92,156.71,150.4,153.9,0.0,0.0,1.0
2024-04-22 08:00:00+00:00,True,153.9,154.74,152.39,153.75,0.0,0.0,1.0
2024-04-22 12:00:00+00:00,True,153.74,155.0,151.66,153.79,0.0,0.0,1.0
2024-04-22 16:00:00+00:00,True,153.79,156.2,152.48,154.17,0.0,0.0,1.0
2024-04-22 20:00:00+00:00,True,154.19,158.5,154.18,156.91,0.0,0.0,1.0
2024-04-23 00:00:00+00:00,True,156.91,159.4,155.52,156.1,0.0,0.0,1.0
2024-04-23 04:00:00+00:00,True,156.07,156.93,153.15,154.03,0.0,0.0,1.0
2024-04-23 08:00:00+00:00,True,154.04,155.63,153.21,154.45,0.0,0.0,1.0
2024-04-23 12:00:00+00:00,True,154.41,159.84,153.68,158.2,0.0,0.0,1.0
2024-04-23 16:00:00+00:00,True,158.21,160.0,157.11,157.3,0.0,0.0,1.0
2024-04-23 20:00:00+00:00,True,157.28,157.35,154.53,155.42,0.0,0.0,1.0
2024-04-24 00:00:00+00:00,True,155.42,158.93,154.42,156.86,0.0,0.0,1.0
2024-04-24 04:00:00+00:00,True,156.87,159.78,156.34,158.15,0.0,0.0,1.0
2024-04-24 08:00:00+00:00,True,158.16,159.38,156.5,159.34,0.0,0.0,1.0
2024-04-24 12:00:00+00:00,True,159.34,159.64,151.04,152.4,0.0,0.0,1.0
2024-04-24 16:00:00+00:00,True,152.41,153.8,147.34,150.21,0.0,0.0,1.0
2024-04-24 20:00:00+00:00,True,150.17,150.33,145.25,148.0,0.0,0.0,1.0
2024-04-25 00:00:00+00:00,True,148.01,149.49,144.77,146.06,0.0,0.0,1.0
2024-04-25 04:00:00+00:00,True,146.04,148.52,144.75,146.6,0.0,0.0,1.0
2024-04-25 08:00:00+00:00,True,146.57,147.5,143.13,144.66,0.0,0.0,1.0
2024-04-25 12:00:00+00:00,True,144.63,148.28,142.04,147.54,0.0,0.0,1.0
2024-04-25 16:00:00+00:00,True,147.49,149.3,146.5,147.57,0.0,0.0,1.0
2024-04-25 20:00:00+00:00,True,147.56,148.92,144.68,145.03,0.0,0.0,1.0
2024-04-26 00:00:00+00:00,True,145.01,145.07,141.41,143.22,0.0,0.0,1.0
2024-04-26 04:00:00+00:00,True,143.17,144.85,142.37,143.51,0.0,0.0,1.0
2024-04-26 08:00:00+00:00,False,143.48,144.59,142.23,143.82,0.0,0.0,0.0
2024-04-26 12:00:00+00:00,False,143.87,146.11,141.11,143.13,0.0,0.0,0.0
2024-04-26 16:00:00+00:00,False,143.18,144.23,141.65,143.18,0.0,0.0,0.0
2024-04-26 20:00:00+00:00,False,143.19,143.77,138.73,139.84,0.0,0.0,0.0
2024-04-27 00:00:00+00:00,False,139.86,140.17,133.0,136.67,0.0,0.0,0.0
2024-04-27 04:00:00+00:00,False,136.66,137.19,135.5,136.06,0.0,0.0,0.0
2024-04-27 08:00:00+00:00,False,136.04,136.74,135.19,136.28,0.0,0.0,0.0
2024-04-27 12:00:00+00:00,False,136.26,139.75,136.24,137.61,0.0,0.0,0.0
2024-04-27 16:00:00+00:00,False,137.6,142.97,137.53,142.71,0.0,0.0,0.0
2024-04-27 20:00:00+00:00,False,142.7,142.83,139.9,141.21,0.0,0.0,0.0
2024-04-28 00:00:00+00:00,False,141.21,144.6,140.71,143.83,0.0,0.0,0.0
2024-04-28 04:00:00+00:00,False,143.82,144.35,142.8,143.51,0.0,0.0,0.0
2024-04-28 08:00:00+00:00,False,143.53,143.66,140.85,141.52,0.0,0.0,0.0
2024-04-28 12:00:00+00:00,False,141.48,142.89,141.09,142.11,0.0,0.0,0.0
2024-04-28 16:00:00+00:00,False,142.14,143.91,141.76,141.92,0.0,0.0,0.0
2024-04-28 20:00:00+00:00,False,141.93,141.97,137.02,138.27,0.0,0.0,0.0
2024-04-29 00:00:00+00:00,False,138.3,138.9,134.23,135.61,0.0,0.0,0.0
2024-04-29 04:00:00+00:00,False,135.58,136.75,134.04,135.14,0.0,0.0,0.0
2024-04-29 08:00:00+00:00,False,135.14,136.76,133.63,135.23,0.0,0.0,0.0
2024-04-29 12:00:00+00:00,False,135.23,137.53,133.93,136.14,0.0,0.0,0.0
2024-04-29 16:00:00+00:00,False,136.11,136.46,133.37,134.64,0.0,0.0,0.0
2024-04-29 20:00:00+00:00,False,134.69,138.68,133.95,137.17,0.0,0.0,0.0
2024-04-30 00:00:00+00:00,False,137.17,139.74,134.9,136.39,0.0,0.0,0.0
2024-04-30 04:00:00+00:00,False,136.37,136.69,134.64,135.49,0.0,0.0,0.0
2024-04-30 08:00:00+00:00,False,135.41,135.46,128.24,128.82,0.0,0.0,0.0
2024-04-30 12:00:00+00:00,False,128.82,130.31,125.7,126.95,0.0,0.0,0.0
2024-04-30 16:00:00+00:00,False,126.95,127.05,121.0,124.44,0.0,0.0,0.0
2024-04-30 20:00:00+00:00,False,124.42,128.7,123.9,126.59,0.0,0.0,0.0
2024-05-01 00:00:00+00:00,False,126.61,127.39,123.39,126.55,0.0,0.0,0.0
2024-05-01 04:00:00+00:00,False,126.53,126.65,118.68,119.87,0.0,0.0,0.0
2024-05-01 08:00:00+00:00,False,119.91,123.0,118.8,122.5,0.0,0.0,0.0
2024-05-01 12:00:00+00:00,False,122.51,124.79,121.36,123.08,0.0,0.0,0.0
2024-05-01 16:00:00+00:00,False,123.08,135.86,122.48,130.14,0.0,0.0,0.0
2024-05-01 20:00:00+00:00,False,130.19,135.05,128.69,134.76,0.0,0.0,0.0
2024-05-02 00:00:00+00:00,False,134.77,134.79,128.57,129.88,0.0,0.0,0.0
2024-05-02 04:00:00+00:00,False,129.91,132.89,128.16,131.41,0.0,0.0,0.0
2024-05-02 08:00:00+00:00,False,131.36,140.0,131.31,138.03,0.0,0.0,0.0
2024-05-02 12:00:00+00:00,False,138.03,140.43,135.04,138.41,0.0,0.0,0.0
2024-05-02 16:00:00+00:00,False,138.41,139.87,137.02,138.36,0.0,0.0,0.0
2024-05-02 20:00:00+00:00,True,138.36,141.0,135.61,137.8,0.0,0.0,0.0
2024-05-03 00:00:00+00:00,True,137.78,141.76,136.61,140.94,0.0,0.0,0.0
2024-05-03 04:00:00+00:00,True,140.95,141.59,136.8,136.91,0.0,0.0,0.0
2024-05-03 08:00:00+00:00,True,136.94,139.16,132.1,136.9,0.0,0.0,0.0
2024-05-03 12:00:00+00:00,True,136.91,144.0,136.45,142.37,0.0,0.0,0.0
2024-05-03 16:00:00+00:00,True,142.37,143.22,141.16,142.96,0.0,0.0,0.0
2024-05-03 20:00:00+00:00,True,142.96,145.03,142.63,143.83,0.0,0.0,0.0
2024-05-04 00:00:00+00:00,True,143.83,146.04,142.25,145.94,0.0,0.0,0.0
2024-05-04 04:00:00+00:00,True,145.96,146.4,143.77,144.49,0.0,0.0,0.0
2024-05-04 08:00:00+00:00,True,144.46,149.11,144.3,146.5,0.0,0.0,0.0
2024-05-04 12:00:00+00:00,True,146.48,148.34,145.59,145.92,0.0,0.0,0.0
2024-05-04 16:00:00+00:00,True,145.9,147.83,145.28,147.43,0.0,0.0,0.0
2024-05-04 20:00:00+00:00,True,147.43,148.0,145.81,146.12,0.0,0.0,0.0
2024-05-05 00:00:00+00:00,True,146.15,147.3,143.0,144.51,0.0,0.0,0.0
2024-05-05 04:00:00+00:00,True,144.51,146.05,144.17,145.62,0.0,0.0,0.0
2024-05-05 08:00:00+00:00,True,145.62,146.91,145.13,146.73,0.0,0.0,0.0
2024-05-05 12:00:00+00:00,True,146.72,148.0,145.33,147.04,0.0,0.0,0.0
2024-05-05 16:00:00+00:00,True,147.02,147.88,145.69,145.87,0.0,0.0,0.0
2024-05-05 20:00:00+00:00,True,145.87,146.26,144.68,146.02,0.0,0.0,0.0
2024-05-06 00:00:00+00:00,True,146.04,148.1,145.44,146.24,0.0,0.0,0.0
2024-05-06 04:00:00+00:00,True,146.24,149.92,145.93,149.54,0.0,0.0,0.0
2024-05-06 08:00:00+00:00,True,149.53,157.03,149.42,154.33,0.0,0.0,0.0
2024-05-06 12:00:00+00:00,True,154.31,156.29,149.74,154.02,0.0,0.0,0.0
2024-05-06 16:00:00+00:00,True,154.02,154.1,151.0,153.19,0.0,0.0,0.0
2024-05-06 20:00:00+00:00,True,153.18,155.98,152.54,153.64,0.0,0.0,0.0
2024-05-07 00:00:00+00:00,True,153.66,158.0,151.83,154.48,0.0,0.0,0.0
2024-05-07 04:00:00+00:00,True,154.46,156.27,153.16,155.17,0.0,0.0,0.0
2024-05-07 08:00:00+00:00,True,155.17,159.18,154.82,155.44,0.0,0.0,0.0
2024-05-07 12:00:00+00:00,True,155.43,157.0,152.18,154.89,0.0,0.0,0.0
2024-05-07 16:00:00+00:00,True,154.89,155.5,150.75,151.54,0.0,0.0,0.0
2024-05-07 20:00:00+00:00,True,151.53,152.41,147.96,148.43,0.0,0.0,0.0
2024-05-08 00:00:00+00:00,True,148.42,149.95,147.12,149.5,0.0,0.0,0.0
2024-05-08 04:00:00+00:00,True,149.44,149.84,145.77,146.57,0.0,0.0,0.0
2024-05-08 08:00:00+00:00,True,146.58,146.97,144.8,145.62,0.0,0.0,0.0
2024-05-08 12:00:00+00:00,True,145.6,148.85,144.37,145.09,0.0,0.0,0.0
2024-05-08 16:00:00+00:00,True,145.1,149.06,144.59,145.34,0.0,0.0,0.0
2024-05-08 20:00:00+00:00,True,145.35,145.35,140.0,142.16,0.0,0.0,0.0
2024-05-09 00:00:00+00:00,True,142.18,144.76,141.91,143.85,0.0,0.0,0.0
2024-05-09 04:00:00+00:00,True,143.84,145.74,142.49,143.66,0.0,0.0,0.0
2024-05-09 08:00:00+00:00,False,143.66,143.94,140.53,142.8,0.0,0.0,0.0
2024-05-09 12:00:00+00:00,False,142.82,147.84,141.55,146.84,0.0,0.0,0.0
2024-05-09 16:00:00+00:00,False,146.88,151.29,145.7,150.35,0.0,0.0,0.0
2024-05-09 20:00:00+00:00,False,150.36,153.37,149.19,152.05,0.0,0.0,0.0
2024-05-10 00:00:00+00:00,True,152.05,154.52,151.33,154.1,0.0,1.0,0.0
2024-05-10 04:00:00+00:00,True,154.08,155.74,152.29,154.08,0.0,1.0,0.0
2024-05-10 08:00:00+00:00,True,154.08,155.34,152.96,155.27,0.0,1.0,0.0
2024-05-10 12:00:00+00:00,True,155.27,155.4,145.86,146.13,0.0,1.0,0.0
2024-05-10 16:00:00+00:00,True,146.11,148.58,145.24,147.43,0.0,1.0,0.0
2024-05-10 20:00:00+00:00,True,147.43,147.97,144.41,146.5,0.0,1.0,0.0
2024-05-11 00:00:00+00:00,True,146.5,147.66,143.29,143.98,0.0,1.0,0.0
2024-05-11 04:00:00+00:00,True,143.96,146.42,143.5,145.46,0.0,1.0,0.0
2024-05-11 08:00:00+00:00,False,145.43,145.48,143.05,144.53,0.0,1.0,0.0
2024-05-11 12:00:00+00:00,False,144.53,146.95,143.81,145.44,0.0,1.0,0.0
2024-05-11 16:00:00+00:00,False,145.41,146.69,144.78,146.2,0.0,1.0,0.0
2024-05-11 20:00:00+00:00,False,146.17,146.42,145.02,145.49,0.0,1.0,0.0
2024-05-12 00:00:00+00:00,False,145.53,146.88,145.33,146.26,0.0,1.0,0.0
2024-05-12 04:00:00+00:00,False,146.26,147.69,143.65,144.64,0.0,1.0,0.0
2024-05-12 08:00:00+00:00,False,144.69,146.26,143.8,145.11,0.0,1.0,0.0
2024-05-12 12:00:00+00:00,False,145.11,145.65,144.0,145.07,0.0,1.0,0.0
2024-05-12 16:00:00+00:00,False,145.08,146.33,144.32,144.53,0.0,1.0,0.0
2024-05-12 20:00:00+00:00,False,144.53,145.21,142.57,143.8,0.0,1.0,0.0
2024-05-13 00:00:00+00:00,False,143.8,145.85,138.33,139.56,0.0,1.0,0.0
2024-05-13 04:00:00+00:00,False,139.55,144.5,137.82,143.91,0.0,1.0,0.0
2024-05-13 08:00:00+00:00,False,143.87,147.34,143.82,145.72,0.0,1.0,0.0
2024-05-13 12:00:00+00:00,False,145.72,148.27,144.74,147.67,0.0,1.0,0.0
2024-05-13 16:00:00+00:00,False,147.65,150.8,145.8,148.51,0.0,1.0,0.0
2024-05-13 20:00:00+00:00,False,148.5,149.74,146.71,147.1,0.0,1.0,0.0
2024-05-14 00:00:00+00:00,False,147.13,151.5,145.65,146.73,0.0,1.0,0.0
2024-05-14 04:00:00+00:00,False,146.73,148.99,143.65,145.86,0.0,1.0,0.0
2024-05-14 08:00:00+00:00,False,145.87,147.36,145.28,146.51,0.0,1.0,0.0
2024-05-14 12:00:00+00:00,False,146.53,148.33,141.83,142.17,0.0,1.0,0.0
2024-05-14 16:00:00+00:00,False,142.18,144.57,141.75,143.71,0.0,1.0,0.0
2024-05-14 20:00:00+00:00,False,143.71,143.75,141.86,142.34,0.0,1.0,0.0
2024-05-15 00:00:00+00:00,False,142.34,144.06,141.22,143.82,0.0,1.0,0.0
2024-05-15 04:00:00+00:00,False,143.82,144.63,143.11,144.19,0.0,1.0,0.0
2024-05-15 08:00:00+00:00,False,144.16,146.04,143.1,144.1,0.0,1.0,0.0
2024-05-15 12:00:00+00:00,False,144.1,154.13,143.67,151.21,0.0,1.0,0.0
2024-05-15 16:00:00+00:00,False,151.16,155.5,151.08,154.36,0.0,1.0,0.0
2024-05-15 20:00:00+00:00,True,154.35,158.92,154.35,158.81,0.0,0.0,0.0
2024-05-16 00:00:00+00:00,True,158.77,163.87,158.69,163.07,0.0,0.0,0.0
2024-05-16 04:00:00+00:00,True,163.06,163.59,161.3,162.58,0.0,0.0,0.0
2024-05-16 08:00:00+00:00,True,162.59,164.75,161.75,162.69,0.0,0.0,0.0
2024-05-16 12:00:00+00:00,True,162.7,163.56,157.46,160.55,0.0,0.0,0.0
2024-05-16 16:00:00+00:00,True,160.58,160.58,156.7,159.38,0.0,0.0,0.0
2024-05-16 20:00:00+00:00,True,159.39,159.73,157.5,159.42,0.0,0.0,0.0
2024-05-17 00:00:00+00:00,True,159.42,162.85,159.34,162.36,0.0,0.0,0.0
2024-05-17 04:00:00+00:00,True,162.36,169.9,161.03,169.07,0.0,0.0,0.0
2024-05-17 08:00:00+00:00,True,169.04,170.0,167.23,167.52,0.0,0.0,0.0
2024-05-17 12:00:00+00:00,True,167.53,171.18,165.86,169.22,0.0,0.0,0.0
2024-05-17 16:00:00+00:00,True,169.21,172.08,166.31,168.68,0.0,0.0,0.0
2024-05-17 20:00:00+00:00,True,168.68,169.89,167.41,169.31,0.0,0.0,0.0
2024-05-18 00:00:00+00:00,True,169.29,174.49,168.7,172.85,0.0,0.0,0.0
2024-05-18 04:00:00+00:00,True,172.77,173.95,172.09,172.72,0.0,0.0,0.0
2024-05-18 08:00:00+00:00,True,172.71,175.99,172.68,174.51,0.0,0.0,0.0
2024-05-18 12:00:00+00:00,True,174.5,174.71,169.79,172.29,0.0,0.0,0.0
2024-05-18 16:00:00+00:00,True,172.29,172.66,170.42,172.42,0.0,0.0,0.0
2024-05-18 20:00:00+00:00,True,172.42,173.72,171.71,172.29,0.0,0.0,0.0
2024-05-19 00:00:00+00:00,True,172.29,175.16,172.02,173.85,0.0,0.0,0.0
2024-05-19 04:00:00+00:00,True,173.83,175.51,172.43,173.85,0.0,0.0,0.0
2024-05-19 08:00:00+00:00,True,173.85,174.52,170.88,171.34,0.0,0.0,0.0
2024-05-19 12:00:00+00:00,True,171.35,171.35,166.01,168.59,0.0,0.0,0.0
2024-05-19 16:00:00+00:00,True,168.59,171.72,167.3,169.32,0.0,0.0,0.0
2024-05-19 20:00:00+00:00,True,169.32,171.65,168.32,170.19,0.0,0.0,0.0
2024-05-20 00:00:00+00:00,True,170.15,173.47,167.7,172.52,0.0,0.0,0.0
2024-05-20 04:00:00+00:00,True,172.52,179.3,172.17,178.91,0.0,0.0,0.0
2024-05-20 08:00:00+00:00,True,178.98,179.09,176.12,177.72,0.0,0.0,0.0
2024-05-20 12:00:00+00:00,True,177.74,180.0,175.26,179.95,0.0,0.0,0.0
2024-05-20 16:00:00+00:00,True,179.96,188.41,178.15,186.3,0.0,0.0,0.0
2024-05-20 20:00:00+00:00,True,186.3,187.07,182.27,185.73,0.0,0.0,0.0
2024-05-21 00:00:00+00:00,True,185.73,188.9,182.79,184.7,0.0,0.0,0.0
2024-05-21 04:00:00+00:00,True,184.72,185.0,180.27,181.69,0.0,0.0,0.0
2024-05-21 08:00:00+00:00,True,181.72,183.76,179.15,179.83,0.0,0.0,0.0
2024-05-21 12:00:00+00:00,True,179.84,181.21,176.0,177.37,0.0,0.0,0.0
2024-05-21 16:00:00+00:00,True,177.39,178.8,174.26,175.72,0.0,0.0,0.0
2024-05-21 20:00:00+00:00,True,175.72,178.57,175.64,178.19,0.0,0.0,0.0
2024-05-22 00:00:00+00:00,True,178.18,179.28,176.44,178.14,0.0,0.0,0.0
2024-05-22 04:00:00+00:00,True,178.12,182.83,175.0,178.95,0.0,0.0,0.0
2024-05-22 08:00:00+00:00,True,178.95,181.3,177.88,178.54,0.0,0.0,0.0
2024-05-22 12:00:00+00:00,True,178.61,182.71,176.22,180.5,0.0,0.0,0.0
2024-05-22 16:00:00+00:00,True,180.57,183.46,177.37,177.95,0.0,0.0,0.0
2024-05-22 20:00:00+00:00,True,177.93,180.7,176.16,177.1,0.0,0.0,0.0
2024-05-23 00:00:00+00:00,True,177.09,179.21,175.54,178.45,0.0,0.0,0.0
2024-05-23 04:00:00+00:00,True,178.45,178.65,176.2,177.21,0.0,0.0,0.0
2024-05-23 08:00:00+00:00,False,177.21,177.85,169.01,175.82,0.0,0.0,1.0
2024-05-23 12:00:00+00:00,False,175.82,176.91,168.99,172.76,0.0,0.0,1.0
2024-05-23 16:00:00+00:00,False,172.75,175.1,165.61,168.07,0.0,0.0,1.0
2024-05-23 20:00:00+00:00,False,168.03,180.96,166.93,175.36,0.0,0.0,1.0
2024-05-24 00:00:00+00:00,False,175.37,175.8,171.0,171.29,0.0,0.0,1.0
2024-05-24 04:00:00+00:00,False,171.29,171.8,165.11,165.57,0.0,0.0,1.0
2024-05-24 08:00:00+00:00,False,165.59,166.84,162.45,166.76,0.0,0.0,1.0
2024-05-24 12:00:00+00:00,False,166.75,169.01,164.98,166.95,0.0,0.0,1.0
2024-05-24 16:00:00+00:00,False,166.97,170.29,164.62,168.18,0.0,0.0,1.0
2024-05-24 20:00:00+00:00,False,168.17,168.77,166.65,167.36,0.0,0.0,1.0
2024-05-25 00:00:00+00:00,False,167.36,169.9,165.89,169.64,0.0,0.0,1.0
2024-05-25 04:00:00+00:00,False,169.64,170.11,168.07,168.65,0.0,0.0,1.0
2024-05-25 08:00:00+00:00,False,168.6,170.49,167.75,167.9,0.0,0.0,1.0
2024-05-25 12:00:00+00:00,False,167.91,168.86,166.65,167.9,0.0,0.0,1.0
2024-05-25 16:00:00+00:00,False,167.91,168.05,166.35,167.16,0.0,0.0,1.0
2024-05-25 20:00:00+00:00,False,167.14,168.62,166.54,167.94,0.0,0.0,1.0
2024-05-26 00:00:00+00:00,False,167.93,168.25,164.72,165.79,0.0,0.0,1.0
2024-05-26 04:00:00+00:00,False,165.78,166.89,164.5,164.95,0.0,0.0,1.0
2024-05-26 08:00:00+00:00,False,164.94,165.49,162.18,163.61,0.0,0.0,1.0
2024-05-26 12:00:00+00:00,False,163.62,165.67,161.94,162.86,0.0,0.0,1.0
2024-05-26 16:00:00+00:00,False,162.85,163.35,160.36,162.43,0.0,0.0,1.0
2024-05-26 20:00:00+00:00,False,162.39,164.05,160.78,163.22,0.0,0.0,1.0
2024-05-27 00:00:00+00:00,False,163.22,166.25,163.22,165.43,0.0,0.0,1.0
2024-05-27 04:00:00+00:00,False,165.43,166.32,163.7,165.66,0.0,0.0,1.0
2024-05-27 08:00:00+00:00,False,165.66,167.96,164.9,167.36,0.0,0.0,1.0
2024-05-27 12:00:00+00:00,False,167.46,171.31,166.55,171.11,0.0,0.0,1.0
2024-05-27 16:00:00+00:00,False,171.11,172.12,166.52,169.26,0.0,0.0,1.0
2024-05-27 20:00:00+00:00,False,169.25,171.55,168.83,169.82,0.0,0.0,1.0
2024-05-28 00:00:00+00:00,False,169.82,171.99,165.96,167.43,0.0,0.0,1.0
2024-05-28 04:00:00+00:00,False,167.43,167.43,164.82,166.05,0.0,0.0,1.0
2024-05-28 08:00:00+00:00,False,166.04,170.19,165.99,169.68,0.0,0.0,1.0
2024-05-28 12:00:00+00:00,False,169.68,173.11,166.56,168.3,0.0,0.0,1.0
2024-05-28 16:00:00+00:00,False,168.32,170.6,165.85,170.01,0.0,0.0,1.0
2024-05-28 20:00:00+00:00,False,169.97,170.28,168.16,168.68,0.0,0.0,1.0
2024-05-29 00:00:00+00:00,False,168.68,172.35,167.25,171.83,0.0,0.0,1.0
2024-05-29 04:00:00+00:00,False,171.82,173.8,169.31,169.78,0.0,0.0,1.0
2024-05-29 08:00:00+00:00,False,169.76,170.04,167.5,167.96,0.0,0.0,1.0
2024-05-29 12:00:00+00:00,False,167.96,169.8,167.01,168.34,0.0,0.0,1.0
2024-05-29 16:00:00+00:00,False,168.36,171.66,167.52,169.27,0.0,0.0,1.0
2024-05-29 20:00:00+00:00,False,169.25,169.77,167.72,168.66,0.0,0.0,1.0
2024-05-30 00:00:00+00:00,False,168.65,170.74,167.7,169.48,0.0,0.0,1.0
2024-05-30 04:00:00+00:00,False,169.47,170.77,164.14,164.89,0.0,0.0,1.0
2024-05-30 08:00:00+00:00,False,164.95,167.17,163.48,166.21,0.0,0.0,1.0
2024-05-30 12:00:00+00:00,False,166.21,169.72,165.85,168.62,0.0,0.0,1.0
2024-05-30 16:00:00+00:00,False,168.64,172.54,166.94,167.14,0.0,0.0,1.0
2024-05-30 20:00:00+00:00,False,167.16,167.79,166.2,166.62,0.0,0.0,1.0
2024-05-31 00:00:00+00:00,False,166.66,167.55,165.57,167.53,0.0,0.0,1.0
2024-05-31 04:00:00+00:00,False,167.53,167.6,165.0,166.72,0.0,0.0,1.0
2024-05-31 08:00:00+00:00,False,166.72,169.35,166.01,169.2,0.0,0.0,1.0
2024-05-31 12:00:00+00:00,False,169.2,170.88,164.29,164.61,0.0,0.0,1.0
2024-05-31 16:00:00+00:00,False,164.63,166.74,163.75,166.32,0.0,0.0,1.0
2024-05-31 20:00:00+00:00,False,166.31,166.85,164.89,165.91,0.0,0.0,1.0
2024-06-01 00:00:00+00:00,False,165.91,167.66,165.51,166.94,0.0,0.0,1.0
2024-06-01 04:00:00+00:00,False,166.93,167.35,166.31,166.9,0.0,0.0,1.0
2024-06-01 08:00:00+00:00,False,166.89,167.22,166.43,166.88,0.0,0.0,1.0
2024-06-01 12:00:00+00:00,False,166.86,167.81,166.65,167.13,0.0,0.0,1.0
2024-06-01 16:00:00+00:00,False,167.13,167.43,166.72,167.32,0.0,0.0,1.0
2024-06-01 20:00:00+00:00,False,167.31,167.64,165.55,166.11,0.0,0.0,1.0
2024-06-02 00:00:00+00:00,False,166.1,166.97,165.37,166.0,0.0,0.0,1.0
2024-06-02 04:00:00+00:00,False,165.98,166.35,164.8,164.88,0.0,0.0,1.0
2024-06-02 08:00:00+00:00,False,164.91,166.12,163.89,165.47,0.0,0.0,1.0
2024-06-02 12:00:00+00:00,False,165.47,165.9,164.51,165.11,0.0,0.0,1.0
2024-06-02 16:00:00+00:00,False,165.11,165.15,161.27,162.57,0.0,0.0,1.0
2024-06-02 20:00:00+00:00,False,162.57,163.6,161.62,162.95,0.0,0.0,1.0
2024-06-03 00:00:00+00:00,False,162.96,165.11,161.5,163.36,0.0,0.0,1.0
2024-06-03 04:00:00+00:00,False,163.34,165.73,162.67,165.36,0.0,0.0,1.0
2024-06-03 08:00:00+00:00,False,165.36,166.76,164.49,165.01,0.0,0.0,1.0
2024-06-03 12:00:00+00:00,False,165.01,167.14,163.0,164.3,0.0,0.0,1.0
2024-06-03 16:00:00+00:00,False,164.3,167.12,163.7,166.82,0.0,0.0,1.0
2024-06-03 20:00:00+00:00,False,166.81,167.08,164.4,165.14,0.0,0.0,1.0
2024-06-04 00:00:00+00:00,False,165.14,166.83,164.3,166.16,0.0,0.0,1.0
2024-06-04 04:00:00+00:00,False,166.16,166.94,164.88,164.92,0.0,0.0,1.0
2024-06-04 08:00:00+00:00,False,164.92,165.81,164.4,165.42,0.0,0.0,1.0
2024-06-04 12:00:00+00:00,False,165.42,168.58,165.23,168.35,0.0,0.0,1.0
2024-06-04 16:00:00+00:00,False,168.37,170.38,167.78,168.87,0.0,0.0,1.0
2024-06-04 20:00:00+00:00,False,168.88,172.0,168.31,171.97,0.0,0.0,1.0
2024-06-05 00:00:00+00:00,True,171.97,174.94,171.06,172.87,0.0,1.0,1.0
2024-06-05 04:00:00+00:00,True,172.87,174.15,172.32,173.34,0.0,1.0,1.0
2024-06-05 08:00:00+00:00,True,173.24,174.1,172.03,172.92,0.0,1.0,1.0
2024-06-05 12:00:00+00:00,True,172.92,175.24,171.21,174.75,0.0,1.0,1.0
2024-06-05 16:00:00+00:00,True,174.75,175.62,172.5,172.88,0.0,1.0,1.0
2024-06-05 20:00:00+00:00,True,172.87,173.85,172.83,173.42,0.0,1.0,1.0
2024-06-06 00:00:00+00:00,True,173.39,174.6,173.18,173.66,0.0,1.0,1.0
2024-06-06 04:00:00+00:00,True,173.67,173.88,171.55,172.48,0.0,1.0,1.0
2024-06-06 08:00:00+00:00,True,172.49,173.38,172.13,173.11,0.0,1.0,1.0
2024-06-06 12:00:00+00:00,True,173.11,173.67,172.35,172.88,0.0,1.0,1.0
2024-06-06 16:00:00+00:00,True,172.87,173.0,167.59,168.18,0.0,1.0,1.0
2024-06-06 20:00:00+00:00,True,168.18,170.82,168.16,170.09,0.0,1.0,1.0
2024-06-07 00:00:00+00:00,True,170.09,170.74,168.95,170.52,0.0,1.0,1.0
2024-06-07 04:00:00+00:00,True,170.53,172.51,170.41,172.0,0.0,1.0,1.0
2024-06-07 08:00:00+00:00,True,171.99,172.5,170.86,172.49,0.0,1.0,1.0
2024-06-07 12:00:00+00:00,True,172.5,172.72,169.07,169.6,0.0,1.0,1.0
2024-06-07 16:00:00+00:00,True,169.58,170.25,153.75,161.71,0.0,1.0,1.0
2024-06-07 20:00:00+00:00,False,161.7,163.17,161.0,162.2,0.0,1.0,0.0
2024-06-08 00:00:00+00:00,False,162.18,163.08,161.67,162.5,0.0,1.0,0.0
2024-06-08 04:00:00+00:00,False,162.5,163.72,161.28,163.23,0.0,1.0,0.0
2024-06-08 08:00:00+00:00,False,163.21,163.25,159.42,159.48,0.0,1.0,0.0
2024-06-08 12:00:00+00:00,False,159.47,161.33,158.24,160.45,0.0,1.0,0.0
2024-06-08 16:00:00+00:00,False,160.43,161.01,158.82,159.86,0.0,1.0,0.0
2024-06-08 20:00:00+00:00,False,159.87,159.97,157.3,157.85,0.0,1.0,0.0
2024-06-09 00:00:00+00:00,False,157.84,158.79,156.51,157.97,0.0,1.0,0.0
2024-06-09 04:00:00+00:00,False,157.97,159.75,157.27,158.68,0.0,1.0,0.0
2024-06-09 08:00:00+00:00,False,158.69,159.8,158.69,159.39,0.0,1.0,0.0
2024-06-09 12:00:00+00:00,False,159.38,161.87,159.2,161.53,0.0,1.0,0.0
2024-06-09 16:00:00+00:00,False,161.53,163.0,160.55,161.74,0.0,1.0,0.0
2024-06-09 20:00:00+00:00,False,161.74,162.39,161.27,161.62,0.0,1.0,0.0
2024-06-10 00:00:00+00:00,False,161.63,161.72,159.61,159.76,0.0,1.0,0.0
2024-06-10 04:00:00+00:00,False,159.75,160.52,157.48,158.67,0.0,1.0,0.0
2024-06-10 08:00:00+00:00,False,158.67,160.16,158.54,159.21,0.0,1.0,0.0
2024-06-10 12:00:00+00:00,False,159.18,163.18,157.67,162.49,0.0,1.0,0.0
2024-06-10 16:00:00+00:00,False,162.46,162.88,159.62,159.92,0.0,1.0,0.0
2024-06-10 20:00:00+00:00,False,159.92,160.66,158.24,159.16,0.0,1.0,0.0
2024-06-11 00:00:00+00:00,False,159.17,159.67,155.0,155.82,0.0,1.0,0.0
2024-06-11 04:00:00+00:00,False,155.84,156.1,152.39,153.85,0.0,1.0,0.0
2024-06-11 08:00:00+00:00,False,153.85,155.17,152.69,153.55,0.0,1.0,0.0
2024-06-11 12:00:00+00:00,False,153.5,154.39,146.16,148.6,0.0,1.0,0.0
2024-06-11 16:00:00+00:00,False,148.59,149.77,144.95,148.5,0.0,1.0,0.0
2024-06-11 20:00:00+00:00,False,148.5,150.31,148.05,149.4,0.0,1.0,0.0
2024-06-12 00:00:00+00:00,False,149.37,149.87,145.46,149.78,0.0,1.0,0.0
2024-06-12 04:00:00+00:00,False,149.75,151.94,149.75,151.77,0.0,1.0,0.0
2024-06-12 08:00:00+00:00,False,151.77,153.52,150.98,152.01,0.0,1.0,0.0
2024-06-12 12:00:00+00:00,False,152.01,161.85,151.72,158.75,0.0,1.0,0.0
2024-06-12 16:00:00+00:00,False,158.73,159.84,150.84,153.19,0.0,1.0,0.0
2024-06-12 20:00:00+00:00,False,153.19,155.61,153.15,154.59,0.0,1.0,0.0
2024-06-13 00:00:00+00:00,False,154.57,155.12,149.65,151.95,0.0,1.0,0.0
2024-06-13 04:00:00+00:00,False,151.89,152.83,150.78,151.91,0.0,1.0,0.0
2024-06-13 08:00:00+00:00,False,151.92,152.4,149.08,149.63,0.0,1.0,0.0
2024-06-13 12:00:00+00:00,False,149.63,152.15,146.05,146.61,0.0,1.0,0.0
2024-06-13 16:00:00+00:00,False,146.6,148.9,146.6,147.84,0.0,1.0,0.0
2024-06-13 20:00:00+00:00,False,147.85,148.36,145.97,148.03,0.0,1.0,0.0
2024-06-14 00:00:00+00:00,False,148.0,148.44,145.83,147.77,0.0,1.0,0.0
2024-06-14 04:00:00+00:00,False,147.77,148.75,146.67,147.42,0.0,1.0,0.0
2024-06-14 08:00:00+00:00,False,147.4,148.67,147.05,147.96,0.0,1.0,0.0
2024-06-14 12:00:00+00:00,False,147.99,148.94,142.82,143.19,0.0,1.0,0.0
2024-06-14 16:00:00+00:00,False,143.21,143.25,139.56,141.94,0.0,1.0,0.0
2024-06-14 20:00:00+00:00,False,141.95,145.02,141.4,143.26,0.0,1.0,0.0
2024-06-15 00:00:00+00:00,False,143.26,144.88,142.84,144.63,0.0,1.0,0.0
2024-06-15 04:00:00+00:00,False,144.62,145.45,143.54,143.62,0.0,1.0,0.0
2024-06-15 08:00:00+00:00,False,143.62,144.54,142.87,144.32,0.0,1.0,0.0
2024-06-15 12:00:00+00:00,False,144.27,145.33,143.92,145.11,0.0,1.0,0.0
2024-06-15 16:00:00+00:00,False,145.09,145.68,144.02,144.81,0.0,1.0,0.0
2024-06-15 20:00:00+00:00,False,144.82,145.6,143.77,145.23,0.0,1.0,0.0
2024-06-16 00:00:00+00:00,False,145.22,145.46,143.79,143.88,0.0,1.0,0.0
2024-06-16 04:00:00+00:00,False,143.88,145.16,142.97,144.38,0.0,1.0,0.0
2024-06-16 08:00:00+00:00,False,144.38,145.6,143.72,145.2,0.0,1.0,0.0
2024-06-16 12:00:00+00:00,False,145.2,148.73,144.69,148.12,0.0,1.0,0.0
2024-06-16 16:00:00+00:00,False,148.1,149.25,147.5,148.62,0.0,1.0,0.0
2024-06-16 20:00:00+00:00,False,148.62,151.26,148.27,151.16,0.0,1.0,0.0
2024-06-17 00:00:00+00:00,False,151.16,151.73,146.8,146.81,0.0,1.0,0.0
2024-06-17 04:00:00+00:00,True,146.79,149.1,145.67,146.21,0.0,0.0,0.0
2024-06-17 08:00:00+00:00,True,146.16,147.19,141.57,143.74,0.0,0.0,0.0
2024-06-17 12:00:00+00:00,True,143.73,144.52,140.57,141.79,0.0,0.0,0.0
2024-06-17 16:00:00+00:00,True,141.78,146.72,139.77,143.43,0.0,0.0,0.0
2024-06-17 20:00:00+00:00,True,143.42,144.14,141.35,143.41,0.0,0.0,0.0
2024-06-18 00:00:00+00:00,False,143.43,143.74,128.0,135.22,0.0,0.0,0.0
2024-06-18 04:00:00+00:00,False,135.22,137.86,134.72,136.86,0.0,0.0,0.0
2024-06-18 08:00:00+00:00,False,136.85,138.85,135.62,136.75,0.0,0.0,0.0
2024-06-18 12:00:00+00:00,False,136.74,137.73,132.82,135.21,0.0,0.0,0.0
2024-06-18 16:00:00+00:00,False,135.22,136.11,130.34,133.45,0.0,0.0,0.0
2024-06-18 20:00:00+00:00,False,133.46,138.43,133.15,137.35,0.0,0.0,0.0
2024-06-19 00:00:00+00:00,False,137.34,141.44,136.04,140.16,0.0,0.0,0.0
2024-06-19 04:00:00+00:00,False,140.15,141.88,139.47,139.71,0.0,0.0,0.0
2024-06-19 08:00:00+00:00,False,139.7,139.77,136.93,138.09,0.0,0.0,0.0
2024-06-19 12:00:00+00:00,False,138.13,138.82,135.46,137.17,0.0,0.0,0.0
2024-06-19 16:00:00+00:00,False,137.18,138.98,135.62,136.51,0.0,0.0,0.0
2024-06-19 20:00:00+00:00,False,136.52,136.6,134.41,135.11,0.0,0.0,0.0
2024-06-20 00:00:00+00:00,False,135.11,137.17,132.54,132.97,0.0,0.0,0.0
2024-06-20 04:00:00+00:00,False,132.95,138.1,132.5,136.85,0.0,0.0,0.0
2024-06-20 08:00:00+00:00,False,136.87,141.28,136.36,139.0,0.0,0.0,0.0
2024-06-20 12:00:00+00:00,False,139.0,139.67,132.3,132.46,0.0,0.0,0.0
2024-06-20 16:00:00+00:00,False,132.48,135.72,131.81,133.97,0.0,0.0,0.0
2024-06-20 20:00:00+00:00,False,133.97,134.81,133.34,133.67,0.0,0.0,0.0
2024-06-21 00:00:00+00:00,False,133.69,134.73,131.63,132.32,0.0,0.0,0.0
2024-06-21 04:00:00+00:00,False,132.35,133.19,130.58,131.29,0.0,0.0,0.0
2024-06-21 08:00:00+00:00,False,131.32,132.7,129.59,132.27,0.0,0.0,0.0
2024-06-21 12:00:00+00:00,False,132.23,133.7,129.3,131.04,0.0,0.0,0.0
2024-06-21 16:00:00+00:00,False,131.01,133.82,128.61,133.41,0.0,0.0,0.0
2024-06-21 20:00:00+00:00,False,133.41,135.34,131.89,134.23,0.0,0.0,0.0
2024-06-22 00:00:00+00:00,False,134.18,135.23,132.91,134.74,0.0,0.0,0.0
2024-06-22 04:00:00+00:00,False,134.74,136.64,134.46,134.66,0.0,0.0,0.0
2024-06-22 08:00:00+00:00,False,134.61,134.7,133.65,134.38,0.0,0.0,0.0
2024-06-22 12:00:00+00:00,False,134.38,134.7,133.82,134.29,0.0,0.0,0.0
2024-06-22 16:00:00+00:00,True,134.26,134.94,133.86,134.3,0.0,0.0,0.0
2024-06-22 20:00:00+00:00,True,134.31,134.58,133.08,133.7,0.0,0.0,0.0
2024-06-23 00:00:00+00:00,True,133.7,135.05,133.59,134.81,0.0,0.0,0.0
2024-06-23 04:00:00+00:00,True,134.82,134.96,134.16,134.51,0.0,0.0,0.0
2024-06-23 08:00:00+00:00,True,134.51,134.74,133.41,134.09,0.0,0.0,0.0
2024-06-23 12:00:00+00:00,True,134.07,134.31,131.35,131.71,0.0,0.0,0.0
2024-06-23 16:00:00+00:00,True,131.7,132.45,130.34,131.37,0.0,0.0,0.0
2024-06-23 20:00:00+00:00,True,131.34,131.34,128.0,128.26,0.0,0.0,0.0
2024-06-24 00:00:00+00:00,True,128.24,129.68,125.97,126.07,0.0,0.0,0.0
2024-06-24 04:00:00+00:00,True,126.06,126.59,123.13,125.21,0.0,0.0,0.0
2024-06-24 08:00:00+00:00,False,125.23,127.4,122.18,126.91,0.0,0.0,0.0
2024-06-24 12:00:00+00:00,False,126.92,129.8,125.58,126.43,0.0,0.0,0.0
2024-06-24 16:00:00+00:00,False,126.42,130.3,126.0,128.02,0.0,0.0,0.0
2024-06-24 20:00:00+00:00,False,128.01,132.57,125.7,132.29,0.0,0.0,0.0
2024-06-25 00:00:00+00:00,False,132.29,136.64,131.14,135.97,0.0,0.0,0.0
2024-06-25 04:00:00+00:00,True,135.94,136.79,134.52,134.72,0.0,0.0,0.0
2024-06-25 08:00:00+00:00,True,134.71,139.14,133.43,137.87,0.0,0.0,0.0
2024-06-25 12:00:00+00:00,True,137.87,139.89,136.38,139.24,0.0,0.0,0.0
2024-06-25 16:00:00+00:00,True,139.24,139.44,137.0,138.71,0.0,0.0,0.0
2024-06-25 20:00:00+00:00,True,138.7,138.98,135.86,136.31,0.0,0.0,0.0
2024-06-26 00:00:00+00:00,True,136.32,140.37,136.1,138.57,0.0,0.0,0.0
2024-06-26 04:00:00+00:00,True,138.57,138.58,136.26,137.52,0.0,0.0,0.0
2024-06-26 08:00:00+00:00,True,137.52,137.64,136.0,137.55,0.0,0.0,0.0
2024-06-26 12:00:00+00:00,True,137.55,139.52,136.04,136.7,0.0,0.0,0.0
2024-06-26 16:00:00+00:00,True,136.7,138.11,134.76,138.06,0.0,0.0,0.0
2024-06-26 20:00:00+00:00,True,138.07,138.4,136.19,136.64,0.0,0.0,0.0
2024-06-27 00:00:00+00:00,True,136.63,137.83,135.53,137.29,0.0,0.0,0.0
2024-06-27 04:00:00+00:00,True,137.25,137.64,135.06,135.82,0.0,0.0,0.0
2024-06-27 08:00:00+00:00,True,135.83,139.45,135.4,139.31,0.0,0.0,0.0
2024-06-27 12:00:00+00:00,True,139.29,151.15,138.37,147.7,0.0,0.0,0.0
2024-06-27 16:00:00+00:00,True,147.7,149.3,146.45,148.16,0.0,0.0,0.0
2024-06-27 20:00:00+00:00,True,148.14,150.21,148.07,149.27,0.0,0.0,0.0
2024-06-28 00:00:00+00:00,True,149.25,150.62,146.48,146.93,0.0,0.0,0.0
2024-06-28 04:00:00+00:00,True,146.93,147.33,143.63,144.95,0.0,0.0,0.0
2024-06-28 08:00:00+00:00,True,144.95,146.01,144.6,145.48,0.0,0.0,0.0
2024-06-28 12:00:00+00:00,True,145.48,146.75,140.62,143.26,0.0,0.0,0.0
2024-06-28 16:00:00+00:00,True,143.23,143.45,139.82,140.95,0.0,0.0,0.0
2024-06-28 20:00:00+00:00,True,140.94,141.37,138.72,139.91,0.0,0.0,0.0
2024-06-29 00:00:00+00:00,True,139.91,142.31,139.75,141.43,0.0,0.0,0.0
2024-06-29 04:00:00+00:00,True,141.44,142.28,139.94,141.53,0.0,0.0,0.0
2024-06-29 08:00:00+00:00,True,141.51,142.97,141.25,142.47,0.0,0.0,0.0
2024-06-29 12:00:00+00:00,True,142.49,142.76,141.09,142.28,0.0,0.0,0.0
2024-06-29 16:00:00+00:00,True,142.28,142.34,140.63,141.24,0.0,0.0,0.0
2024-06-29 20:00:00+00:00,True,141.24,141.55,139.45,139.91,0.0,0.0,0.0
2024-06-30 00:00:00+00:00,True,139.91,140.86,137.34,137.58,0.0,0.0,0.0
2024-06-30 04:00:00+00:00,True,137.58,140.85,136.89,140.68,0.0,0.0,0.0
2024-06-30 08:00:00+00:00,True,140.67,141.54,139.99,141.06,0.0,0.0,0.0
2024-06-30 12:00:00+00:00,True,141.06,143.74,140.29,143.43,0.0,0.0,0.0
2024-06-30 16:00:00+00:00,True,143.44,145.62,142.54,144.54,0.0,0.0,0.0
2024-06-30 20:00:00+00:00,True,144.51,147.44,143.67,146.16,0.0,0.0,0.0
2024-07-01 00:00:00+00:00,True,146.18,148.9,145.75,147.43,0.0,0.0,0.0
2024-07-01 04:00:00+00:00,True,147.43,148.58,147.02,148.3,0.0,0.0,0.0
2024-07-01 08:00:00+00:00,True,148.32,148.99,145.67,146.58,0.0,0.0,0.0
2024-07-01 12:00:00+00:00,True,146.58,149.11,145.97,148.11,0.0,0.0,0.0
2024-07-01 16:00:00+00:00,True,148.1,148.69,146.41,147.47,0.0,0.0,0.0
2024-07-01 20:00:00+00:00,True,147.45,148.11,145.8,146.46,0.0,0.0,0.0
2024-07-02 00:00:00+00:00,True,146.47,149.66,145.98,149.11,0.0,0.0,0.0
2024-07-02 04:00:00+00:00,True,149.13,149.76,146.79,147.18,0.0,0.0,0.0
2024-07-02 08:00:00+00:00,True,147.16,149.84,146.69,149.16,0.0,0.0,0.0
2024-07-02 12:00:00+00:00,True,149.17,151.67,147.0,148.0,0.0,0.0,0.0
2024-07-02 16:00:00+00:00,True,148.0,153.44,147.47,152.28,0.0,0.0,0.0
2024-07-02 20:00:00+00:00,True,152.28,154.8,152.08,154.0,0.0,0.0,0.0
2024-07-03 00:00:00+00:00,True,153.98,154.26,149.05,149.22,0.0,0.0,0.0
2024-07-03 04:00:00+00:00,True,149.22,149.84,145.58,145.82,0.0,0.0,0.0
2024-07-03 08:00:00+00:00,True,145.82,147.05,142.56,143.06,0.0,0.0,0.0
2024-07-03 12:00:00+00:00,True,143.07,144.13,140.72,141.35,0.0,0.0,0.0
2024-07-03 16:00:00+00:00,True,141.35,143.03,138.93,140.26,0.0,0.0,0.0
2024-07-03 20:00:00+00:00,True,140.28,141.91,138.91,141.24,0.0,0.0,0.0
2024-07-04 00:00:00+00:00,True,141.24,142.61,132.44,136.71,0.0,0.0,0.0
2024-07-04 04:00:00+00:00,False,136.67,137.27,133.7,134.66,0.0,0.0,1.0
2024-07-04 08:00:00+00:00,False,134.66,135.78,132.17,132.53,0.0,0.0,1.0
2024-07-04 12:00:00+00:00,False,132.52,135.86,129.6,134.95,0.0,0.0,1.0
2024-07-04 16:00:00+00:00,False,134.94,135.9,133.31,133.35,0.0,0.0,1.0
2024-07-04 20:00:00+00:00,False,133.36,135.6,126.54,126.6,0.0,0.0,1.0
2024-07-05 00:00:00+00:00,False,126.57,129.22,121.04,124.0,0.0,0.0,1.0
2024-07-05 04:00:00+00:00,False,124.0,127.67,121.01,125.83,0.0,0.0,1.0
2024-07-05 08:00:00+00:00,False,125.81,131.0,122.08,129.54,0.0,0.0,1.0
2024-07-05 12:00:00+00:00,False,129.52,135.0,128.33,134.68,0.0,0.0,1.0
2024-07-05 16:00:00+00:00,False,134.68,136.45,133.67,134.51,0.0,0.0,1.0
2024-07-05 20:00:00+00:00,False,134.49,135.8,133.5,133.81,0.0,0.0,1.0
2024-07-06 00:00:00+00:00,False,133.84,137.9,132.36,134.64,0.0,0.0,1.0
2024-07-06 04:00:00+00:00,False,134.63,137.4,133.57,136.71,0.0,0.0,1.0
2024-07-06 08:00:00+00:00,False,136.71,140.65,136.45,139.0,0.0,0.0,1.0
2024-07-06 12:00:00+00:00,False,139.03,142.19,137.79,141.13,0.0,0.0,1.0
2024-07-06 16:00:00+00:00,False,141.13,143.57,140.75,143.36,0.0,0.0,1.0
2024-07-06 20:00:00+00:00,False,143.36,144.31,142.15,142.85,0.0,0.0,1.0
2024-07-07 00:00:00+00:00,False,142.88,143.2,140.31,141.53,0.0,0.0,1.0
2024-07-07 04:00:00+00:00,False,141.52,141.85,138.06,139.55,0.0,0.0,1.0
2024-07-07 08:00:00+00:00,True,139.54,140.67,138.74,139.82,0.0,0.0,1.0
2024-07-07 12:00:00+00:00,True,139.8,140.81,135.51,137.15,0.0,0.0,1.0
2024-07-07 16:00:00+00:00,True,137.19,139.62,136.71,136.92,0.0,0.0,1.0
2024-07-07 20:00:00+00:00,True,136.91,137.85,131.17,132.09,0.0,0.0,1.0
2024-07-08 00:00:00+00:00,False,132.13,132.97,127.75,130.14,0.0,0.0,0.0
2024-07-08 04:00:00+00:00,False,130.16,133.97,129.91,133.45,0.0,0.0,0.0
2024-07-08 08:00:00+00:00,False,133.39,141.87,133.34,140.09,0.0,0.0,0.0
2024-07-08 12:00:00+00:00,False,140.1,141.93,133.54,138.02,0.0,0.0,0.0
2024-07-08 16:00:00+00:00,False,137.98,138.56,135.02,138.11,0.0,0.0,0.0
2024-07-08 20:00:00+00:00,False,138.13,141.08,137.28,139.19,0.0,0.0,0.0
2024-07-09 00:00:00+00:00,True,139.16,141.14,136.44,140.75,0.0,1.0,0.0
2024-07-09 04:00:00+00:00,True,140.73,143.41,140.14,142.29,0.0,1.0,0.0
2024-07-09 08:00:00+00:00,True,142.28,144.28,140.28,142.01,0.0,1.0,0.0
2024-07-09 12:00:00+00:00,True,142.02,143.1,138.6,140.21,0.0,1.0,0.0
2024-07-09 16:00:00+00:00,True,140.2,143.09,140.1,142.29,0.0,1.0,0.0
2024-07-09 20:00:00+00:00,True,142.33,143.5,140.85,141.02,0.0,1.0,0.0
2024-07-10 00:00:00+00:00,True,141.02,142.52,138.58,142.11,0.0,1.0,0.0
2024-07-10 04:00:00+00:00,True,142.12,146.31,142.04,143.66,0.0,1.0,0.0
2024-07-10 08:00:00+00:00,True,143.67,144.53,142.28,142.69,0.0,1.0,0.0
2024-07-10 12:00:00+00:00,True,142.7,143.17,139.94,141.37,0.0,1.0,0.0
2024-07-10 16:00:00+00:00,True,141.34,142.61,140.29,141.33,0.0,1.0,0.0
2024-07-10 20:00:00+00:00,True,141.33,142.46,140.09,141.61,0.0,1.0,0.0
2024-07-11 00:00:00+00:00,True,141.59,143.2,139.09,140.14,0.0,1.0,0.0
2024-07-11 04:00:00+00:00,True,140.15,142.6,140.08,142.36,0.0,1.0,0.0
2024-07-11 08:00:00+00:00,True,142.37,143.98,142.11,143.22,0.0,1.0,0.0
2024-07-11 12:00:00+00:00,True,143.21,146.0,137.56,137.62,0.0,1.0,0.0
2024-07-11 16:00:00+00:00,True,137.64,139.02,136.2,136.95,0.0,1.0,0.0
2024-07-11 20:00:00+00:00,True,136.96,137.58,135.67,135.93,0.0,1.0,0.0
2024-07-12 00:00:00+00:00,True,135.92,138.21,134.04,136.68,0.0,1.0,0.0
2024-07-12 04:00:00+00:00,True,136.65,137.06,134.51,135.24,0.0,1.0,0.0
2024-07-12 08:00:00+00:00,False,135.26,135.92,133.91,135.52,0.0,1.0,1.0
2024-07-12 12:00:00+00:00,False,135.52,139.36,135.49,138.74,0.0,1.0,1.0
2024-07-12 16:00:00+00:00,False,138.74,140.63,137.76,138.25,0.0,1.0,1.0
2024-07-12 20:00:00+00:00,False,138.23,139.58,136.66,139.11,0.0,1.0,1.0
2024-07-13 00:00:00+00:00,False,139.13,139.96,138.3,138.67,0.0,1.0,1.0
2024-07-13 04:00:00+00:00,False,138.67,139.66,137.99,139.4,0.0,1.0,1.0
2024-07-13 08:00:00+00:00,False,139.39,140.99,138.48,140.09,0.0,1.0,1.0
2024-07-13 12:00:00+00:00,False,140.08,140.63,139.22,140.2,0.0,1.0,1.0
2024-07-13 16:00:00+00:00,True,140.21,140.89,139.25,139.95,0.0,1.0,1.0
2024-07-13 20:00:00+00:00,True,139.94,143.64,139.14,142.55,0.0,1.0,1.0
2024-07-14 00:00:00+00:00,True,142.56,145.23,142.43,144.05,0.0,1.0,1.0
2024-07-14 04:00:00+00:00,True,144.05,146.04,144.04,145.05,0.0,1.0,1.0
2024-07-14 08:00:00+00:00,True,145.06,147.0,144.71,145.03,0.0,1.0,1.0
2024-07-14 12:00:00+00:00,True,145.02,146.08,143.45,145.63,0.0,1.0,1.0
2024-07-14 16:00:00+00:00,True,145.65,146.01,144.6,145.27,0.0,1.0,1.0
2024-07-14 20:00:00+00:00,True,145.27,148.6,145.14,147.8,0.0,1.0,1.0
2024-07-15 00:00:00+00:00,True,147.76,152.23,147.07,151.49,0.0,1.0,1.0
2024-07-15 04:00:00+00:00,True,151.49,154.17,150.81,153.53,0.0,1.0,1.0
2024-07-15 08:00:00+00:00,True,153.52,154.13,150.95,152.15,0.0,1.0,1.0
2024-07-15 12:00:00+00:00,True,152.15,154.3,151.71,152.96,0.0,1.0,1.0
2024-07-15 16:00:00+00:00,True,152.98,157.26,152.6,155.79,0.0,1.0,1.0
2024-07-15 20:00:00+00:00,True,155.78,160.13,155.52,159.94,0.0,1.0,1.0
2024-07-16 00:00:00+00:00,True,159.98,160.3,156.22,157.48,0.0,1.0,1.0
2024-07-16 04:00:00+00:00,True,157.48,158.86,153.74,155.45,0.0,1.0,1.0
2024-07-16 08:00:00+00:00,True,155.45,157.7,152.61,157.54,0.0,1.0,1.0
2024-07-16 12:00:00+00:00,True,157.53,161.89,154.49,161.83,0.0,1.0,1.0
2024-07-16 16:00:00+00:00,True,161.85,162.62,158.9,161.73,0.0,1.0,1.0
2024-07-16 20:00:00+00:00,True,161.72,161.98,159.0,160.64,0.0,1.0,1.0
2024-07-17 00:00:00+00:00,True,160.65,163.84,160.16,161.25,0.0,1.0,1.0
2024-07-17 04:00:00+00:00,True,161.25,162.66,160.13,161.08,0.0,1.0,1.0
2024-07-17 08:00:00+00:00,True,161.08,163.72,159.62,161.04,0.0,1.0,1.0
2024-07-17 12:00:00+00:00,True,161.03,162.14,157.37,158.15,0.0,1.0,1.0
2024-07-17 16:00:00+00:00,True,158.18,158.34,154.5,156.88,0.0,1.0,1.0
2024-07-17 20:00:00+00:00,True,156.87,157.3,154.88,156.14,0.0,1.0,1.0
2024-07-18 00:00:00+00:00,True,156.13,159.96,155.7,158.73,0.0,1.0,1.0
2024-07-18 04:00:00+00:00,True,158.74,160.0,156.99,158.58,0.0,1.0,1.0
2024-07-18 08:00:00+00:00,True,158.59,159.91,158.14,159.66,0.0,1.0,1.0
2024-07-18 12:00:00+00:00,True,159.65,161.63,155.18,155.59,0.0,1.0,1.0
2024-07-18 16:00:00+00:00,True,155.56,157.69,155.38,156.97,0.0,1.0,1.0
2024-07-18 20:00:00+00:00,True,156.95,160.35,156.29,158.96,0.0,1.0,1.0
2024-07-19 00:00:00+00:00,True,158.95,162.46,156.16,161.93,0.0,1.0,1.0
2024-07-19 04:00:00+00:00,True,161.93,165.57,159.0,161.87,0.0,1.0,1.0
2024-07-19 08:00:00+00:00,True,161.87,163.48,158.84,162.68,0.0,1.0,1.0
2024-07-19 12:00:00+00:00,True,162.68,172.57,162.26,170.71,0.0,1.0,1.0
2024-07-19 16:00:00+00:00,True,170.71,171.58,168.33,169.36,0.0,1.0,1.0
2024-07-19 20:00:00+00:00,True,169.36,170.05,167.95,169.27,0.0,1.0,1.0
2024-07-20 00:00:00+00:00,True,169.28,171.91,168.37,169.77,0.0,1.0,1.0
2024-07-20 04:00:00+00:00,True,169.77,170.49,168.59,169.03,0.0,1.0,1.0
2024-07-20 08:00:00+00:00,True,169.03,169.95,167.74,168.34,0.0,1.0,1.0
2024-07-20 12:00:00+00:00,True,168.33,170.17,167.27,170.0,0.0,1.0,1.0
2024-07-20 16:00:00+00:00,True,170.01,174.67,169.0,172.82,0.0,1.0,1.0
2024-07-20 20:00:00+00:00,True,172.81,175.0,172.72,173.81,0.0,1.0,1.0
2024-07-21 00:00:00+00:00,True,173.81,175.57,172.84,173.17,0.0,1.0,1.0
2024-07-21 04:00:00+00:00,True,173.16,173.84,171.02,171.56,0.0,1.0,1.0
2024-07-21 08:00:00+00:00,True,171.56,173.15,171.34,173.07,0.0,1.0,1.0
2024-07-21 12:00:00+00:00,True,173.05,176.65,171.43,175.77,0.0,1.0,1.0
2024-07-21 16:00:00+00:00,True,175.77,178.15,170.38,177.82,0.0,1.0,1.0
2024-07-21 20:00:00+00:00,True,177.84,185.0,177.45,184.58,0.0,1.0,1.0
2024-07-22 00:00:00+00:00,True,184.62,184.99,180.61,181.06,0.0,1.0,1.0
2024-07-22 04:00:00+00:00,True,181.02,181.84,177.68,178.33,0.0,1.0,1.0
2024-07-22 08:00:00+00:00,True,178.32,180.98,176.75,180.1,0.0,1.0,1.0
2024-07-22 12:00:00+00:00,True,180.12,181.9,176.94,179.63,0.0,1.0,1.0
2024-07-22 16:00:00+00:00,True,179.64,183.21,178.65,182.45,0.0,1.0,1.0
2024-07-22 20:00:00+00:00,True,182.46,183.45,177.13,178.87,0.0,1.0,1.0
2024-07-23 00:00:00+00:00,True,178.91,180.67,177.16,178.71,0.0,1.0,1.0
2024-07-23 04:00:00+00:00,True,178.73,178.97,173.82,176.31,0.0,1.0,1.0
2024-07-23 08:00:00+00:00,True,176.35,178.77,174.16,175.82,0.0,1.0,1.0
2024-07-23 12:00:00+00:00,True,175.83,179.5,172.17,176.86,0.0,1.0,1.0
2024-07-23 16:00:00+00:00,True,176.85,177.08,170.2,172.91,0.0,1.0,1.0
2024-07-23 20:00:00+00:00,True,172.87,174.8,171.19,173.62,0.0,1.0,1.0
2024-07-24 00:00:00+00:00,True,173.63,174.51,170.94,173.43,0.0,1.0,1.0
2024-07-24 04:00:00+00:00,True,173.4,174.6,172.22,173.69,0.0,1.0,1.0
2024-07-24 08:00:00+00:00,False,173.68,178.53,173.68,177.8,0.0,1.0,1.0
2024-07-24 12:00:00+00:00,False,177.81,182.0,176.23,177.42,0.0,1.0,1.0
2024-07-24 16:00:00+00:00,False,177.42,182.5,176.41,179.07,0.0,1.0,1.0
2024-07-24 20:00:00+00:00,False,179.06,180.29,175.55,178.18,0.0,1.0,1.0
2024-07-25 00:00:00+00:00,False,178.22,179.81,168.25,170.01,0.0,1.0,1.0
2024-07-25 04:00:00+00:00,False,170.03,172.92,168.6,168.96,0.0,1.0,1.0
2024-07-25 08:00:00+00:00,False,168.97,171.21,166.79,168.61,0.0,1.0,1.0
2024-07-25 12:00:00+00:00,False,168.58,172.08,165.65,170.7,0.0,1.0,1.0
2024-07-25 16:00:00+00:00,False,170.71,172.64,166.61,167.07,0.0,1.0,1.0
2024-07-25 20:00:00+00:00,False,167.08,172.87,165.36,171.99,0.0,1.0,1.0
2024-07-26 00:00:00+00:00,False,171.98,177.02,171.86,175.76,0.0,1.0,1.0
2024-07-26 04:00:00+00:00,False,175.73,177.73,175.59,177.16,0.0,1.0,1.0
2024-07-26 08:00:00+00:00,False,177.13,180.0,177.13,178.81,0.0,1.0,1.0
2024-07-26 12:00:00+00:00,False,178.81,183.57,177.46,181.22,0.0,1.0,1.0
2024-07-26 16:00:00+00:00,False,181.22,183.0,180.7,181.87,0.0,1.0,1.0
2024-07-26 20:00:00+00:00,False,181.93,183.68,181.12,182.6,0.0,1.0,1.0
2024-07-27 00:00:00+00:00,False,182.59,184.3,181.32,182.67,0.0,1.0,1.0
2024-07-27 04:00:00+00:00,False,182.67,186.91,182.66,186.89,0.0,1.0,1.0
2024-07-27 08:00:00+00:00,False,186.91,187.36,184.29,185.87,0.0,1.0,1.0
2024-07-27 12:00:00+00:00,True,185.9,188.31,181.6,182.99,0.0,1.0,1.0
2024-07-27 16:00:00+00:00,True,183.0,183.59,179.51,181.04,0.0,1.0,1.0
2024-07-27 20:00:00+00:00,True,181.05,186.8,178.06,182.78,0.0,1.0,1.0
2024-07-28 00:00:00+00:00,True,182.77,186.67,182.38,184.53,0.0,1.0,1.0
2024-07-28 04:00:00+00:00,True,184.53,184.88,180.99,183.17,0.0,1.0,1.0
2024-07-28 08:00:00+00:00,True,183.18,185.85,183.0,185.15,0.0,1.0,1.0
2024-07-28 12:00:00+00:00,True,185.15,186.59,183.74,184.13,0.0,1.0,1.0
2024-07-28 16:00:00+00:00,True,184.12,185.54,183.11,184.94,0.0,1.0,1.0
2024-07-28 20:00:00+00:00,True,184.95,185.43,182.55,184.69,0.0,1.0,1.0
2024-07-29 00:00:00+00:00,True,184.69,193.33,184.39,192.89,0.0,1.0,1.0
2024-07-29 04:00:00+00:00,True,192.86,193.89,190.91,191.83,0.0,1.0,1.0
2024-07-29 08:00:00+00:00,True,191.82,192.39,190.3,191.09,0.0,1.0,1.0
2024-07-29 12:00:00+00:00,True,191.1,193.23,185.56,187.14,0.0,1.0,1.0
2024-07-29 16:00:00+00:00,True,187.11,187.38,184.09,186.62,0.0,1.0,1.0
2024-07-29 20:00:00+00:00,True,186.62,186.75,181.57,182.28,0.0,1.0,1.0
2024-07-30 00:00:00+00:00,True,182.28,183.8,179.27,182.59,0.0,1.0,1.0
2024-07-30 04:00:00+00:00,True,182.55,184.72,181.17,182.15,0.0,1.0,1.0
2024-07-30 08:00:00+00:00,False,182.14,182.82,180.04,180.66,0.0,1.0,1.0
2024-07-30 12:00:00+00:00,False,180.66,182.66,178.66,180.59,0.0,1.0,1.0
2024-07-30 16:00:00+00:00,False,180.6,181.5,176.21,176.83,0.0,1.0,1.0
2024-07-30 20:00:00+00:00,False,176.82,180.0,175.35,178.9,0.0,1.0,1.0
2024-07-31 00:00:00+00:00,False,178.91,181.5,178.0,180.65,0.0,1.0,1.0
2024-07-31 04:00:00+00:00,False,180.64,183.78,178.02,183.04,0.0,1.0,1.0
2024-07-31 08:00:00+00:00,False,182.98,184.43,181.16,181.83,0.0,1.0,1.0
2024-07-31 12:00:00+00:00,False,181.84,184.25,179.35,180.09,0.0,1.0,1.0
2024-07-31 16:00:00+00:00,False,180.08,182.61,174.81,176.82,0.0,1.0,1.0
2024-07-31 20:00:00+00:00,False,176.81,176.95,171.49,172.53,0.0,1.0,1.0
2024-08-01 00:00:00+00:00,False,172.53,172.93,168.33,168.76,0.0,1.0,1.0
2024-08-01 04:00:00+00:00,False,168.75,169.68,165.9,168.59,0.0,1.0,1.0
2024-08-01 08:00:00+00:00,False,168.58,169.87,167.94,169.87,0.0,1.0,1.0
2024-08-01 12:00:00+00:00,False,169.88,171.37,160.63,161.55,0.0,1.0,1.0
2024-08-01 16:00:00+00:00,False,161.56,162.88,157.67,161.83,0.0,1.0,1.0
2024-08-01 20:00:00+00:00,False,161.85,168.35,161.04,167.81,0.0,1.0,1.0
2024-08-02 00:00:00+00:00,False,167.77,169.34,161.36,164.56,0.0,1.0,1.0
2024-08-02 04:00:00+00:00,False,164.55,165.16,158.95,161.31,0.0,1.0,1.0
2024-08-02 08:00:00+00:00,False,161.28,165.26,160.27,164.55,0.0,1.0,1.0
2024-08-02 12:00:00+00:00,False,164.56,167.51,152.62,156.72,0.0,1.0,1.0
2024-08-02 16:00:00+00:00,False,156.72,157.31,149.78,152.76,0.0,1.0,1.0
2024-08-02 20:00:00+00:00,False,152.75,154.88,149.79,153.51,0.0,1.0,1.0
2024-08-03 00:00:00+00:00,False,153.49,153.82,148.4,153.16,0.0,1.0,1.0
2024-08-03 04:00:00+00:00,False,153.16,153.35,151.01,151.14,0.0,1.0,1.0
2024-08-03 08:00:00+00:00,False,151.18,152.48,148.21,152.19,0.0,1.0,1.0
2024-08-03 12:00:00+00:00,False,152.23,153.46,145.6,145.77,0.0,1.0,1.0
2024-08-03 16:00:00+00:00,False,145.78,147.49,139.73,140.82,0.0,1.0,1.0
2024-08-03 20:00:00+00:00,False,140.82,143.88,140.0,142.42,0.0,1.0,1.0
2024-08-04 00:00:00+00:00,False,142.41,145.99,141.81,144.01,0.0,1.0,1.0
2024-08-04 04:00:00+00:00,False,144.0,144.36,140.19,140.36,0.0,1.0,1.0
2024-08-04 08:00:00+00:00,False,140.36,144.45,139.49,143.79,0.0,1.0,1.0
2024-08-04 12:00:00+00:00,False,143.79,145.05,134.21,134.63,0.0,1.0,1.0
2024-08-04 16:00:00+00:00,False,134.63,142.89,131.11,142.64,0.0,1.0,1.0
2024-08-04 20:00:00+00:00,False,142.61,143.98,137.25,139.07,0.0,1.0,1.0
2024-08-05 00:00:00+00:00,False,139.12,139.27,121.96,125.37,0.0,1.0,1.0
2024-08-05 04:00:00+00:00,False,125.35,130.09,110.0,123.42,0.0,1.0,1.0
2024-08-05 08:00:00+00:00,False,123.47,123.71,110.55,118.4,0.0,1.0,1.0
2024-08-05 12:00:00+00:00,False,118.44,133.0,110.03,131.91,0.0,1.0,1.0
2024-08-05 16:00:00+00:00,False,131.92,135.74,126.79,129.74,0.0,1.0,1.0
2024-08-05 20:00:00+00:00,False,129.76,135.36,129.37,130.91,0.0,1.0,1.0
2024-08-06 00:00:00+00:00,False,130.92,141.21,130.91,137.82,0.0,1.0,1.0
2024-08-06 04:00:00+00:00,False,137.79,144.11,137.71,141.44,0.0,1.0,1.0
2024-08-06 08:00:00+00:00,False,141.43,142.15,136.44,139.41,0.0,1.0,1.0
2024-08-06 12:00:00+00:00,False,139.41,146.84,136.13,145.77,0.0,1.0,1.0
2024-08-06 16:00:00+00:00,False,145.79,148.44,145.0,145.17,0.0,1.0,1.0
2024-08-06 20:00:00+00:00,False,145.18,149.61,143.31,143.65,0.0,1.0,1.0
2024-08-07 00:00:00+00:00,False,143.66,152.21,142.41,151.51,0.0,1.0,1.0
2024-08-07 04:00:00+00:00,False,151.53,155.06,150.62,152.56,0.0,1.0,1.0
2024-08-07 08:00:00+00:00,False,152.53,154.99,150.84,151.87,0.0,1.0,1.0
2024-08-07 12:00:00+00:00,True,151.85,154.61,146.28,147.57,0.0,0.0,1.0
2024-08-07 16:00:00+00:00,True,147.56,149.45,142.36,143.47,0.0,0.0,1.0
2024-08-07 20:00:00+00:00,True,143.47,147.56,142.32,145.21,0.0,0.0,1.0
2024-08-08 00:00:00+00:00,True,145.18,156.34,141.43,153.2,0.0,0.0,1.0
2024-08-08 04:00:00+00:00,True,153.19,155.58,151.38,154.36,0.0,0.0,1.0
2024-08-08 08:00:00+00:00,True,154.33,155.72,152.98,154.39,0.0,0.0,1.0
2024-08-08 12:00:00+00:00,True,154.39,162.9,152.59,161.73,0.0,0.0,1.0
2024-08-08 16:00:00+00:00,True,161.72,162.53,155.27,156.25,0.0,0.0,1.0
2024-08-08 20:00:00+00:00,True,156.26,163.7,155.46,162.33,0.0,0.0,1.0
2024-08-09 00:00:00+00:00,True,162.32,163.58,158.26,158.49,0.0,0.0,1.0
2024-08-09 04:00:00+00:00,True,158.51,159.75,154.65,158.23,0.0,0.0,1.0
2024-08-09 08:00:00+00:00,True,158.22,159.7,155.3,156.15,0.0,0.0,1.0
2024-08-09 12:00:00+00:00,True,156.15,157.39,150.79,151.25,0.0,0.0,1.0
2024-08-09 16:00:00+00:00,True,151.25,154.37,150.97,153.39,0.0,0.0,1.0
2024-08-09 20:00:00+00:00,True,153.4,157.4,151.48,155.41,0.0,0.0,1.0
2024-08-10 00:00:00+00:00,True,155.41,158.83,153.32,153.67,0.0,0.0,1.0
2024-08-10 04:00:00+00:00,True,153.68,155.91,152.54,155.57,0.0,0.0,1.0
2024-08-10 08:00:00+00:00,True,155.53,155.65,153.61,154.81,0.0,0.0,1.0
2024-08-10 12:00:00+00:00,True,154.83,155.27,152.8,153.89,0.0,0.0,1.0
2024-08-10 16:00:00+00:00,True,153.88,155.36,153.05,154.35,0.0,0.0,1.0
2024-08-10 20:00:00+00:00,True,154.35,155.2,153.68,154.09,0.0,0.0,1.0
2024-08-11 00:00:00+00:00,True,154.07,157.01,153.93,155.65,0.0,0.0,1.0
2024-08-11 04:00:00+00:00,True,155.65,156.96,154.83,156.77,0.0,0.0,1.0
2024-08-11 08:00:00+00:00,True,156.76,158.0,153.08,153.59,0.0,0.0,1.0
2024-08-11 12:00:00+00:00,True,153.58,153.67,147.99,148.95,0.0,0.0,1.0
2024-08-11 16:00:00+00:00,True,148.93,149.82,145.21,145.32,0.0,0.0,1.0
2024-08-11 20:00:00+00:00,True,145.3,145.71,141.2,141.87,0.0,0.0,1.0
2024-08-12 00:00:00+00:00,True,141.86,144.85,141.41,144.43,0.0,0.0,1.0
2024-08-12 04:00:00+00:00,True,144.44,147.16,142.21,147.06,0.0,0.0,1.0
2024-08-12 08:00:00+00:00,True,147.06,151.19,143.64,149.65,0.0,0.0,1.0
2024-08-12 12:00:00+00:00,True,149.68,150.53,143.02,147.49,0.0,0.0,1.0
2024-08-12 16:00:00+00:00,True,147.54,147.81,142.88,144.06,0.0,0.0,1.0
2024-08-12 20:00:00+00:00,False,144.07,147.5,141.79,146.38,0.0,0.0,0.0
2024-08-13 00:00:00+00:00,False,146.42,147.37,142.89,143.23,0.0,0.0,0.0
2024-08-13 04:00:00+00:00,False,143.24,147.08,143.21,145.94,0.0,0.0,0.0
2024-08-13 08:00:00+00:00,False,145.94,146.41,143.28,146.02,0.0,0.0,0.0
2024-08-13 12:00:00+00:00,False,146.0,147.71,144.71,146.25,0.0,0.0,0.0
2024-08-13 16:00:00+00:00,False,146.23,149.98,144.88,146.84,0.0,0.0,0.0
2024-08-13 20:00:00+00:00,False,146.86,147.93,145.74,146.2,0.0,0.0,0.0
2024-08-14 00:00:00+00:00,False,146.2,147.33,143.65,145.24,0.0,0.0,0.0
2024-08-14 04:00:00+00:00,False,145.25,145.81,144.21,145.36,0.0,0.0,0.0
2024-08-14 08:00:00+00:00,False,145.36,150.07,144.89,148.13,0.0,0.0,0.0
2024-08-14 12:00:00+00:00,False,148.14,152.21,144.67,146.19,0.0,0.0,0.0
2024-08-14 16:00:00+00:00,False,146.19,147.3,143.76,144.19,0.0,0.0,0.0
2024-08-14 20:00:00+00:00,False,144.19,144.74,142.34,143.81,0.0,0.0,0.0
2024-08-15 00:00:00+00:00,False,143.81,145.43,143.21,144.7,0.0,0.0,0.0
2024-08-15 04:00:00+00:00,False,144.69,144.88,140.95,141.89,0.0,0.0,0.0
2024-08-15 08:00:00+00:00,False,141.89,143.53,141.29,142.89,0.0,0.0,0.0
2024-08-15 12:00:00+00:00,False,142.89,146.99,142.01,146.94,0.0,0.0,0.0
2024-08-15 16:00:00+00:00,False,146.95,147.61,137.8,139.62,0.0,0.0,0.0
2024-08-15 20:00:00+00:00,False,139.62,144.92,138.75,142.48,0.0,0.0,0.0
2024-08-16 00:00:00+00:00,False,142.44,144.39,140.72,142.22,0.0,0.0,0.0
2024-08-16 04:00:00+00:00,False,142.22,144.9,141.61,144.58,0.0,0.0,0.0
2024-08-16 08:00:00+00:00,False,144.56,144.89,141.83,142.4,0.0,0.0,0.0
2024-08-16 12:00:00+00:00,False,142.44,142.66,136.33,137.82,0.0,0.0,0.0
2024-08-16 16:00:00+00:00,False,137.8,141.53,136.02,140.81,0.0,0.0,0.0
2024-08-16 20:00:00+00:00,False,140.82,141.95,138.54,138.85,0.0,0.0,0.0
2024-08-17 00:00:00+00:00,False,138.84,140.35,137.66,138.95,0.0,0.0,0.0
2024-08-17 04:00:00+00:00,False,138.93,139.77,138.63,139.29,0.0,0.0,0.0
2024-08-17 08:00:00+00:00,False,139.3,140.19,138.14,139.3,0.0,0.0,0.0
2024-08-17 12:00:00+00:00,False,139.31,141.79,138.96,140.35,0.0,0.0,0.0
2024-08-17 16:00:00+00:00,False,140.35,141.66,140.12,141.1,0.0,0.0,0.0
2024-08-17 20:00:00+00:00,False,141.1,142.0,140.71,141.72,0.0,0.0,0.0
2024-08-18 00:00:00+00:00,False,141.71,143.3,140.92,141.46,0.0,0.0,0.0
2024-08-18 04:00:00+00:00,False,141.45,142.0,140.55,141.5,0.0,0.0,0.0
2024-08-18 08:00:00+00:00,False,141.5,147.15,141.32,144.66,0.0,0.0,0.0
2024-08-18 12:00:00+00:00,True,144.67,146.74,144.01,146.1,0.0,1.0,0.0
2024-08-18 16:00:00+00:00,True,146.1,146.69,144.36,146.61,0.0,1.0,0.0
2024-08-18 20:00:00+00:00,True,146.6,147.09,141.87,142.28,0.0,1.0,0.0
2024-08-19 00:00:00+00:00,True,142.26,143.47,141.57,143.21,0.0,1.0,0.0
2024-08-19 04:00:00+00:00,True,143.22,143.53,141.93,142.42,0.0,1.0,0.0
2024-08-19 08:00:00+00:00,True,142.43,143.34,140.38,142.49,0.0,1.0,0.0
2024-08-19 12:00:00+00:00,True,142.51,144.7,141.71,144.2,0.0,1.0,0.0
2024-08-19 16:00:00+00:00,True,144.21,146.25,142.56,143.15,0.0,1.0,0.0
2024-08-19 20:00:00+00:00,True,143.14,144.59,142.73,144.1,0.0,1.0,0.0
2024-08-20 00:00:00+00:00,True,144.09,147.91,143.5,145.74,0.0,1.0,0.0
2024-08-20 04:00:00+00:00,True,145.74,148.9,145.45,147.63,0.0,1.0,0.0
2024-08-20 08:00:00+00:00,True,147.62,147.63,145.23,145.89,0.0,1.0,0.0
2024-08-20 12:00:00+00:00,True,145.91,146.48,141.01,142.54,0.0,1.0,0.0
2024-08-20 16:00:00+00:00,True,142.54,144.41,141.65,144.08,0.0,1.0,0.0
2024-08-20 20:00:00+00:00,True,144.08,144.5,142.21,142.63,0.0,1.0,0.0
2024-08-21 00:00:00+00:00,True,142.62,143.1,141.57,142.42,0.0,1.0,0.0
2024-08-21 04:00:00+00:00,True,142.43,143.89,142.25,143.36,0.0,1.0,0.0
2024-08-21 08:00:00+00:00,True,143.35,143.39,141.0,141.42,0.0,1.0,0.0
2024-08-21 12:00:00+00:00,True,141.44,142.49,138.81,139.85,0.0,1.0,0.0
2024-08-21 16:00:00+00:00,True,139.86,144.23,139.66,144.19,0.0,1.0,0.0
2024-08-21 20:00:00+00:00,True,144.18,144.41,142.08,142.97,0.0,1.0,0.0
2024-08-22 00:00:00+00:00,True,142.98,143.29,140.64,141.59,0.0,1.0,0.0
2024-08-22 04:00:00+00:00,True,141.57,143.7,141.45,143.31,0.0,1.0,0.0
2024-08-22 08:00:00+00:00,True,143.26,144.9,142.66,144.63,0.0,1.0,0.0
2024-08-22 12:00:00+00:00,True,144.58,144.68,142.05,142.85,0.0,1.0,0.0
2024-08-22 16:00:00+00:00,True,142.82,143.6,142.41,143.32,0.0,1.0,0.0
2024-08-22 20:00:00+00:00,True,143.29,143.77,142.7,143.29,0.0,1.0,0.0
2024-08-23 00:00:00+00:00,True,143.32,145.75,143.32,144.7,0.0,1.0,0.0
2024-08-23 04:00:00+00:00,True,144.7,145.94,144.38,145.37,0.0,1.0,0.0
2024-08-23 08:00:00+00:00,True,145.36,145.49,143.41,143.75,0.0,1.0,0.0
2024-08-23 12:00:00+00:00,True,143.75,147.26,142.75,144.4,0.0,1.0,0.0
2024-08-23 16:00:00+00:00,True,144.39,151.33,144.11,151.31,0.0,1.0,0.0
2024-08-23 20:00:00+00:00,True,151.33,154.16,150.5,153.55,0.0,1.0,0.0
2024-08-24 00:00:00+00:00,True,153.54,154.69,152.03,153.36,0.0,1.0,0.0
2024-08-24 04:00:00+00:00,True,153.36,155.45,153.23,154.52,0.0,1.0,0.0
2024-08-24 08:00:00+00:00,True,154.51,158.79,154.46,157.89,0.0,1.0,0.0
2024-08-24 12:00:00+00:00,True,157.9,159.89,156.99,159.56,0.0,1.0,0.0
2024-08-24 16:00:00+00:00,True,159.56,162.36,159.5,160.76,0.0,1.0,0.0
2024-08-24 20:00:00+00:00,True,160.76,161.19,157.33,160.38,0.0,1.0,0.0
2024-08-25 00:00:00+00:00,True,160.33,160.79,157.36,157.92,0.0,1.0,0.0
2024-08-25 04:00:00+00:00,True,157.92,159.16,155.27,156.09,0.0,1.0,0.0
2024-08-25 08:00:00+00:00,True,156.08,157.95,156.06,157.42,0.0,1.0,0.0
2024-08-25 12:00:00+00:00,True,157.42,159.95,157.0,159.94,0.0,1.0,0.0
2024-08-25 16:00:00+00:00,True,159.94,160.42,158.52,159.07,0.0,1.0,0.0
2024-08-25 20:00:00+00:00,True,159.07,162.01,158.49,159.71,0.0,1.0,0.0
2024-08-26 00:00:00+00:00,True,159.72,160.49,157.48,160.45,0.0,1.0,0.0
2024-08-26 04:00:00+00:00,True,160.42,161.17,158.38,159.59,0.0,1.0,0.0
2024-08-26 08:00:00+00:00,True,159.59,162.0,158.53,160.32,0.0,1.0,0.0
2024-08-26 12:00:00+00:00,True,160.32,161.69,155.91,157.25,0.0,1.0,0.0
2024-08-26 16:00:00+00:00,True,157.24,159.39,155.63,158.38,0.0,1.0,0.0
2024-08-26 20:00:00+00:00,True,158.39,159.34,156.46,157.54,0.0,1.0,0.0
2024-08-27 00:00:00+00:00,True,157.53,159.06,157.03,158.51,0.0,1.0,0.0
2024-08-27 04:00:00+00:00,True,158.46,159.73,157.34,158.01,0.0,1.0,0.0
2024-08-27 08:00:00+00:00,True,157.99,157.99,153.35,153.71,0.0,1.0,0.0
2024-08-27 12:00:00+00:00,True,153.71,155.8,152.8,153.5,0.0,1.0,0.0
2024-08-27 16:00:00+00:00,True,153.53,155.57,153.22,155.04,0.0,1.0,0.0
2024-08-27 20:00:00+00:00,True,154.98,154.98,145.0,146.4,0.0,1.0,0.0
2024-08-28 00:00:00+00:00,True,146.38,148.34,145.36,147.88,0.0,1.0,0.0
2024-08-28 04:00:00+00:00,False,147.88,148.89,142.73,143.22,0.0,1.0,0.0
2024-08-28 08:00:00+00:00,False,143.26,148.12,143.25,147.07,0.0,1.0,0.0
2024-08-28 12:00:00+00:00,False,147.06,148.7,143.18,143.73,0.0,1.0,0.0
2024-08-28 16:00:00+00:00,False,143.72,145.61,140.55,144.79,0.0,1.0,0.0
2024-08-28 20:00:00+00:00,False,144.78,146.61,141.51,144.16,0.0,1.0,0.0
2024-08-29 00:00:00+00:00,False,144.16,145.05,143.0,143.57,0.0,1.0,0.0
2024-08-29 04:00:00+00:00,False,143.58,145.39,143.2,144.75,0.0,1.0,0.0
2024-08-29 08:00:00+00:00,False,144.77,146.98,144.41,145.65,0.0,1.0,0.0
2024-08-29 12:00:00+00:00,False,145.61,147.38,144.72,146.36,0.0,1.0,0.0
2024-08-29 16:00:00+00:00,False,146.35,146.86,138.6,141.01,0.0,1.0,0.0
2024-08-29 20:00:00+00:00,False,141.01,141.43,138.1,139.94,0.0,1.0,0.0
2024-08-30 00:00:00+00:00,False,139.94,141.1,138.4,139.25,0.0,1.0,0.0
2024-08-30 04:00:00+00:00,False,139.25,139.89,137.03,139.0,0.0,1.0,0.0
2024-08-30 08:00:00+00:00,False,139.0,140.03,138.32,138.62,0.0,1.0,0.0
2024-08-30 12:00:00+00:00,False,138.61,140.71,132.5,133.29,0.0,1.0,0.0
2024-08-30 16:00:00+00:00,False,133.31,137.84,132.03,136.36,0.0,1.0,0.0
2024-08-30 20:00:00+00:00,False,136.35,138.49,135.62,138.04,0.0,1.0,0.0
2024-08-31 00:00:00+00:00,False,138.03,139.22,137.5,138.25,0.0,1.0,0.0
2024-08-31 04:00:00+00:00,False,138.24,138.76,137.38,137.77,0.0,1.0,0.0
2024-08-31 08:00:00+00:00,False,137.77,137.86,135.79,136.72,0.0,1.0,0.0
2024-08-31 12:00:00+00:00,False,136.71,137.35,135.43,136.38,0.0,1.0,0.0
2024-08-31 16:00:00+00:00,False,136.39,136.6,134.6,134.64,0.0,1.0,0.0
2024-08-31 20:00:00+00:00,False,134.65,136.31,134.49,135.29,0.0,1.0,0.0
2024-09-01 00:00:00+00:00,False,135.29,135.6,132.86,133.67,0.0,1.0,0.0
2024-09-01 04:00:00+00:00,False,133.67,134.07,131.06,132.51,0.0,1.0,0.0
2024-09-01 08:00:00+00:00,False,132.5,132.54,130.21,131.66,0.0,1.0,0.0
2024-09-01 12:00:00+00:00,False,131.66,134.84,130.0,134.62,0.0,1.0,0.0
2024-09-01 16:00:00+00:00,False,134.62,135.89,131.77,135.35,0.0,1.0,0.0
2024-09-01 20:00:00+00:00,False,135.35,136.15,127.79,128.85,0.0,1.0,0.0
2024-09-02 00:00:00+00:00,False,128.85,130.68,128.27,130.09,0.0,1.0,0.0
2024-09-02 04:00:00+00:00,False,130.09,130.34,127.0,127.69,0.0,1.0,0.0
2024-09-02 08:00:00+00:00,False,127.68,132.91,127.25,132.2,0.0,1.0,0.0
2024-09-02 12:00:00+00:00,False,132.19,133.44,130.0,132.87,0.0,1.0,0.0
2024-09-02 16:00:00+00:00,False,132.88,133.87,131.75,132.85,0.0,1.0,0.0
2024-09-02 20:00:00+00:00,False,132.84,135.44,132.84,135.07,0.0,1.0,0.0
2024-09-03 00:00:00+00:00,False,135.07,137.47,134.12,135.8,0.0,1.0,0.0
2024-09-03 04:00:00+00:00,False,135.82,135.89,133.3,134.43,0.0,1.0,0.0
2024-09-03 08:00:00+00:00,False,134.44,134.74,132.75,134.57,0.0,1.0,0.0
2024-09-03 12:00:00+00:00,False,134.57,135.48,129.29,129.88,0.0,1.0,0.0
2024-09-03 16:00:00+00:00,False,129.85,132.22,129.28,131.2,0.0,1.0,0.0
2024-09-03 20:00:00+00:00,False,131.2,131.57,126.97,127.81,0.0,1.0,0.0
2024-09-04 00:00:00+00:00,False,127.82,128.85,122.3,127.88,0.0,1.0,0.0
2024-09-04 04:00:00+00:00,False,127.88,131.38,126.49,130.45,0.0,1.0,0.0
2024-09-04 08:00:00+00:00,False,130.43,130.65,128.05,128.75,0.0,1.0,0.0
2024-09-04 12:00:00+00:00,False,128.75,134.5,127.89,133.76,0.0,1.0,0.0
2024-09-04 16:00:00+00:00,False,133.77,135.0,132.59,133.31,0.0,1.0,0.0
2024-09-04 20:00:00+00:00,False,133.31,134.63,132.86,133.47,0.0,1.0,0.0
2024-09-05 00:00:00+00:00,False,133.49,134.42,131.22,131.55,0.0,1.0,0.0
2024-09-05 04:00:00+00:00,False,131.55,134.24,130.82,133.39,0.0,1.0,0.0
2024-09-05 08:00:00+00:00,False,133.33,133.79,131.68,132.69,0.0,1.0,0.0
2024-09-05 12:00:00+00:00,True,132.69,135.51,130.14,130.75,0.0,0.0,0.0
2024-09-05 16:00:00+00:00,True,130.74,131.1,127.89,128.77,0.0,0.0,0.0
2024-09-05 20:00:00+00:00,True,128.77,129.88,128.11,129.56,0.0,0.0,0.0
2024-09-06 00:00:00+00:00,True,129.54,131.53,128.61,130.97,0.0,0.0,0.0
2024-09-06 04:00:00+00:00,True,131.0,131.15,126.98,128.2,0.0,0.0,0.0
2024-09-06 08:00:00+00:00,True,128.2,131.03,128.11,130.61,0.0,0.0,0.0
2024-09-06 12:00:00+00:00,False,130.62,134.45,126.82,127.79,0.0,0.0,0.0
2024-09-06 16:00:00+00:00,False,127.8,128.25,123.79,125.02,0.0,0.0,0.0
2024-09-06 20:00:00+00:00,False,125.02,125.9,120.51,125.15,0.0,0.0,0.0
2024-09-07 00:00:00+00:00,False,125.16,125.8,124.1,125.22,0.0,0.0,0.0
2024-09-07 04:00:00+00:00,False,125.23,128.44,125.06,127.46,0.0,0.0,0.0
2024-09-07 08:00:00+00:00,False,127.45,127.79,126.72,127.14,0.0,0.0,0.0
2024-09-07 12:00:00+00:00,False,127.15,129.49,126.91,128.99,0.0,0.0,0.0
2024-09-07 16:00:00+00:00,False,128.98,129.18,126.25,128.08,0.0,0.0,0.0
2024-09-07 20:00:00+00:00,False,128.08,128.08,126.42,127.57,0.0,0.0,0.0
2024-09-08 00:00:00+00:00,False,127.57,128.49,126.87,128.13,0.0,0.0,0.0
2024-09-08 04:00:00+00:00,False,128.12,130.08,127.84,129.4,0.0,0.0,0.0
2024-09-08 08:00:00+00:00,True,129.42,131.02,129.17,129.98,0.0,0.0,0.0
2024-09-08 12:00:00+00:00,True,130.0,130.26,126.6,127.24,0.0,0.0,0.0
2024-09-08 16:00:00+00:00,True,127.22,129.32,126.73,128.57,0.0,0.0,0.0
2024-09-08 20:00:00+00:00,True,128.59,131.67,128.33,130.01,0.0,0.0,0.0
2024-09-09 00:00:00+00:00,True,130.01,131.02,127.95,128.77,0.0,0.0,0.0
2024-09-09 04:00:00+00:00,True,128.79,129.54,127.52,129.49,0.0,0.0,0.0
2024-09-09 08:00:00+00:00,True,129.5,130.98,129.23,129.44,0.0,0.0,0.0
2024-09-09 12:00:00+00:00,True,129.43,130.18,127.0,128.77,0.0,0.0,0.0
2024-09-09 16:00:00+00:00,True,128.77,135.5,128.72,134.42,0.0,0.0,0.0
2024-09-09 20:00:00+00:00,True,134.42,137.1,133.72,134.75,0.0,0.0,0.0
2024-09-10 00:00:00+00:00,True,134.75,134.75,132.76,133.18,0.0,0.0,0.0
2024-09-10 04:00:00+00:00,True,133.17,135.3,132.56,134.98,0.0,0.0,0.0
2024-09-10 08:00:00+00:00,True,134.94,135.5,134.02,135.26,0.0,0.0,0.0
2024-09-10 12:00:00+00:00,True,135.27,136.36,133.33,134.23,0.0,0.0,0.0
2024-09-10 16:00:00+00:00,True,134.22,138.0,133.73,136.4,0.0,0.0,0.0
2024-09-10 20:00:00+00:00,True,136.41,136.55,135.16,135.46,0.0,0.0,0.0
2024-09-11 00:00:00+00:00,True,135.46,135.91,133.2,133.21,0.0,0.0,0.0
2024-09-11 04:00:00+00:00,True,133.24,133.44,131.06,132.08,0.0,0.0,0.0
2024-09-11 08:00:00+00:00,True,132.03,132.18,130.35,131.75,0.0,0.0,0.0
2024-09-11 12:00:00+00:00,True,131.75,133.33,128.14,131.88,0.0,0.0,0.0
2024-09-11 16:00:00+00:00,True,131.88,133.59,131.5,132.59,0.0,0.0,0.0
2024-09-11 20:00:00+00:00,True,132.59,133.23,132.04,132.48,0.0,0.0,0.0
2024-09-12 00:00:00+00:00,True,132.48,136.03,132.46,135.75,0.0,0.0,0.0
2024-09-12 04:00:00+00:00,True,135.74,136.26,134.33,135.18,0.0,0.0,0.0
2024-09-12 08:00:00+00:00,True,135.17,135.39,134.16,134.76,0.0,0.0,0.0
2024-09-12 12:00:00+00:00,True,134.77,136.76,133.41,133.82,0.0,0.0,0.0
2024-09-12 16:00:00+00:00,True,133.81,135.78,133.56,135.61,0.0,0.0,0.0
2024-09-12 20:00:00+00:00,True,135.59,136.77,135.06,135.94,0.0,0.0,0.0
2024-09-13 00:00:00+00:00,True,135.94,136.2,134.33,134.59,0.0,0.0,0.0
2024-09-13 04:00:00+00:00,True,134.59,134.86,133.69,134.39,0.0,0.0,0.0
2024-09-13 08:00:00+00:00,True,134.4,134.58,132.5,132.52,0.0,0.0,0.0
2024-09-13 12:00:00+00:00,True,132.52,137.21,131.71,136.74,0.0,0.0,0.0
2024-09-13 16:00:00+00:00,True,136.75,138.29,136.0,138.11,0.0,0.0,0.0
2024-09-13 20:00:00+00:00,True,138.11,139.96,138.03,139.21,0.0,0.0,0.0
2024-09-14 00:00:00+00:00,True,139.2,139.9,138.57,139.46,0.0,0.0,0.0
2024-09-14 04:00:00+00:00,True,139.48,139.62,137.5,137.51,0.0,0.0,0.0
2024-09-14 08:00:00+00:00,True,137.5,137.61,136.57,136.67,0.0,0.0,0.0
2024-09-14 12:00:00+00:00,True,136.67,138.23,136.57,137.51,0.0,0.0,0.0
2024-09-14 16:00:00+00:00,True,137.52,137.91,135.67,136.79,0.0,0.0,0.0
2024-09-14 20:00:00+00:00,True,136.78,137.39,136.71,137.26,0.0,0.0,0.0
2024-09-15 00:00:00+00:00,True,137.26,137.99,137.08,137.53,0.0,0.0,0.0
2024-09-15 04:00:00+00:00,True,137.53,137.53,136.86,137.04,0.0,0.0,0.0
2024-09-15 08:00:00+00:00,True,137.04,137.1,135.17,135.4,0.0,0.0,0.0
2024-09-15 12:00:00+00:00,True,135.41,136.37,134.7,135.55,0.0,0.0,0.0
2024-09-15 16:00:00+00:00,True,135.57,135.71,132.97,133.45,0.0,0.0,0.0
2024-09-15 20:00:00+00:00,True,133.45,133.53,130.42,131.73,0.0,0.0,0.0
2024-09-16 00:00:00+00:00,True,131.7,131.86,129.25,130.77,0.0,0.0,0.0
2024-09-16 04:00:00+00:00,True,130.76,131.41,130.4,131.19,0.0,0.0,0.0
2024-09-16 08:00:00+00:00,True,131.15,132.37,130.66,132.06,0.0,0.0,0.0
2024-09-16 12:00:00+00:00,False,132.03,132.36,129.95,131.27,0.0,0.0,1.0
2024-09-16 16:00:00+00:00,False,131.27,131.75,128.84,131.06,0.0,0.0,1.0
2024-09-16 20:00:00+00:00,False,131.07,131.91,129.91,131.58,0.0,0.0,1.0
2024-09-17 00:00:00+00:00,False,131.6,132.0,130.32,131.01,0.0,0.0,1.0
2024-09-17 04:00:00+00:00,False,131.0,132.82,130.74,132.73,0.0,0.0,1.0
2024-09-17 08:00:00+00:00,False,132.73,133.4,131.76,132.0,0.0,0.0,1.0
2024-09-17 12:00:00+00:00,False,132.0,135.55,130.93,134.72,0.0,0.0,1.0
2024-09-17 16:00:00+00:00,False,134.71,134.95,131.06,132.17,0.0,0.0,1.0
2024-09-17 20:00:00+00:00,False,132.16,132.73,131.13,131.5,0.0,0.0,1.0
2024-09-18 00:00:00+00:00,False,131.51,132.15,130.24,131.61,0.0,0.0,1.0
2024-09-18 04:00:00+00:00,False,131.62,131.71,130.6,131.33,0.0,0.0,1.0
2024-09-18 08:00:00+00:00,False,131.32,131.33,128.11,129.44,0.0,0.0,1.0
2024-09-18 12:00:00+00:00,False,129.42,130.34,127.08,127.38,0.0,0.0,1.0
2024-09-18 16:00:00+00:00,False,127.38,133.08,127.38,129.29,0.0,0.0,1.0
2024-09-18 20:00:00+00:00,False,129.31,135.33,128.39,134.93,0.0,0.0,1.0
2024-09-19 00:00:00+00:00,False,134.94,138.68,134.3,138.28,0.0,0.0,1.0
2024-09-19 04:00:00+00:00,False,138.28,139.17,137.66,138.53,0.0,0.0,1.0
2024-09-19 08:00:00+00:00,True,138.53,139.94,138.28,139.79,0.0,1.0,1.0
2024-09-19 12:00:00+00:00,True,139.79,143.39,139.79,143.3,0.0,1.0,1.0
2024-09-19 16:00:00+00:00,True,143.3,144.03,142.51,143.14,0.0,1.0,1.0
2024-09-19 20:00:00+00:00,True,143.14,143.82,141.1,143.22,0.0,1.0,1.0
2024-09-20 00:00:00+00:00,True,143.22,145.33,141.21,145.17,0.0,1.0,1.0
2024-09-20 04:00:00+00:00,True,145.17,152.41,144.86,151.01,0.0,1.0,1.0
2024-09-20 08:00:00+00:00,True,151.0,151.79,150.0,150.69,0.0,1.0,1.0
2024-09-20 12:00:00+00:00,True,150.68,151.15,145.91,147.92,0.0,1.0,1.0
2024-09-20 16:00:00+00:00,True,147.91,148.41,144.7,146.94,0.0,1.0,1.0
2024-09-20 20:00:00+00:00,True,146.91,147.99,146.26,146.41,0.0,1.0,1.0
2024-09-21 00:00:00+00:00,True,146.41,148.0,145.01,145.97,0.0,1.0,1.0
2024-09-21 04:00:00+00:00,True,145.96,147.74,144.59,147.47,0.0,1.0,1.0
2024-09-21 08:00:00+00:00,True,147.47,147.93,146.45,147.02,0.0,1.0,1.0
2024-09-21 12:00:00+00:00,True,147.09,149.46,146.72,147.86,0.0,1.0,1.0
2024-09-21 16:00:00+00:00,True,147.88,148.8,147.2,147.33,0.0,1.0,1.0
2024-09-21 20:00:00+00:00,True,147.32,149.87,147.25,149.5,0.0,1.0,1.0
2024-09-22 00:00:00+00:00,True,149.49,149.94,147.13,148.2,0.0,1.0,1.0
2024-09-22 04:00:00+00:00,True,148.22,149.01,146.39,147.34,0.0,1.0,1.0
2024-09-22 08:00:00+00:00,True,147.35,147.59,144.12,145.03,0.0,1.0,1.0
2024-09-22 12:00:00+00:00,True,145.02,145.18,142.63,142.91,0.0,1.0,1.0
2024-09-22 16:00:00+00:00,True,142.9,145.44,142.43,144.72,0.0,1.0,1.0
2024-09-22 20:00:00+00:00,True,144.69,145.8,141.04,144.14,0.0,1.0,1.0
2024-09-23 00:00:00+00:00,True,144.13,149.1,142.13,147.96,0.0,1.0,1.0
2024-09-23 04:00:00+00:00,True,147.94,148.22,144.96,144.97,0.0,1.0,1.0
2024-09-23 08:00:00+00:00,True,145.0,145.04,143.1,143.45,0.0,1.0,1.0
2024-09-23 12:00:00+00:00,True,143.46,145.45,142.57,144.55,0.0,1.0,1.0
2024-09-23 16:00:00+00:00,True,144.54,145.0,142.76,143.32,0.0,1.0,1.0
2024-09-23 20:00:00+00:00,True,143.28,145.33,142.42,144.64,0.0,1.0,1.0
2024-09-24 00:00:00+00:00,True,144.64,146.92,143.11,146.38,0.0,1.0,1.0
2024-09-24 04:00:00+00:00,True,146.38,147.45,145.36,147.43,0.0,1.0,1.0
2024-09-24 08:00:00+00:00,True,147.42,149.05,145.94,146.81,0.0,1.0,1.0
2024-09-24 12:00:00+00:00,True,146.81,148.54,144.16,145.83,0.0,1.0,1.0
2024-09-24 16:00:00+00:00,True,145.83,148.7,145.32,148.68,0.0,1.0,1.0
2024-09-24 20:00:00+00:00,True,148.66,153.95,148.04,152.31,0.0,1.0,1.0
2024-09-25 00:00:00+00:00,True,152.31,153.96,151.06,151.79,0.0,1.0,1.0
2024-09-25 04:00:00+00:00,True,151.79,152.25,148.97,150.07,0.0,1.0,1.0
2024-09-25 08:00:00+00:00,True,150.07,151.0,149.4,150.66,0.0,1.0,1.0
2024-09-25 12:00:00+00:00,True,150.66,152.96,149.71,150.44,0.0,1.0,1.0
2024-09-25 16:00:00+00:00,True,150.44,152.05,148.86,150.46,0.0,1.0,1.0
2024-09-25 20:00:00+00:00,True,150.48,150.88,147.25,148.26,0.0,1.0,1.0
2024-09-26 00:00:00+00:00,True,148.27,149.55,146.52,148.99,0.0,1.0,1.0
2024-09-26 04:00:00+00:00,True,148.99,152.0,148.62,151.79,0.0,1.0,1.0
2024-09-26 08:00:00+00:00,True,151.8,153.15,150.47,152.82,0.0,1.0,1.0
2024-09-26 12:00:00+00:00,True,152.81,158.0,151.33,156.97,0.0,1.0,1.0
2024-09-26 16:00:00+00:00,True,156.96,158.03,155.34,155.8,0.0,1.0,1.0
2024-09-26 20:00:00+00:00,True,155.8,156.41,153.95,155.4,0.0,1.0,1.0
2024-09-27 00:00:00+00:00,True,155.41,156.49,154.0,156.09,0.0,1.0,1.0
2024-09-27 04:00:00+00:00,True,156.09,158.89,155.9,157.81,0.0,1.0,1.0
2024-09-27 08:00:00+00:00,True,157.81,159.24,155.77,156.44,0.0,1.0,1.0
2024-09-27 12:00:00+00:00,True,156.44,161.36,155.5,159.44,0.0,1.0,1.0
2024-09-27 16:00:00+00:00,True,159.43,159.66,157.08,157.7,0.0,1.0,1.0
2024-09-27 20:00:00+00:00,True,157.69,158.6,157.34,157.92,0.0,1.0,1.0
2024-09-28 00:00:00+00:00,True,157.92,159.44,157.73,158.67,0.0,1.0,1.0
2024-09-28 04:00:00+00:00,True,158.66,158.91,156.06,156.11,0.0,1.0,1.0
2024-09-28 08:00:00+00:00,True,156.11,157.6,155.02,156.86,0.0,1.0,1.0
2024-09-28 12:00:00+00:00,True,156.88,158.04,156.23,156.92,0.0,1.0,1.0
2024-09-28 16:00:00+00:00,True,156.92,157.44,156.38,156.93,0.0,1.0,1.0
2024-09-28 20:00:00+00:00,True,156.92,157.06,155.62,156.95,0.0,1.0,1.0
2024-09-29 00:00:00+00:00,True,156.94,158.55,156.23,157.81,0.0,1.0,1.0
2024-09-29 04:00:00+00:00,True,157.82,158.18,155.02,155.57,0.0,1.0,1.0
2024-09-29 08:00:00+00:00,True,155.5,157.05,155.09,157.05,0.0,1.0,1.0
2024-09-29 12:00:00+00:00,True,157.06,157.61,155.68,157.39,0.0,1.0,1.0
2024-09-29 16:00:00+00:00,True,157.38,160.65,156.61,160.5,0.0,1.0,1.0
2024-09-29 20:00:00+00:00,True,160.46,161.8,157.9,158.48,0.0,1.0,1.0
2024-09-30 00:00:00+00:00,True,158.48,159.77,155.32,155.85,0.0,1.0,1.0
2024-09-30 04:00:00+00:00,True,155.83,157.74,155.12,156.7,0.0,1.0,1.0
2024-09-30 08:00:00+00:00,True,156.71,156.82,153.67,155.38,0.0,1.0,1.0
2024-09-30 12:00:00+00:00,False,155.39,157.33,154.04,154.57,0.0,1.0,1.0
2024-09-30 16:00:00+00:00,False,154.54,155.68,153.91,155.15,0.0,1.0,1.0
2024-09-30 20:00:00+00:00,False,155.15,156.92,151.65,152.55,0.0,1.0,1.0
2024-10-01 00:00:00+00:00,False,152.57,155.16,151.39,155.09,0.0,1.0,1.0
2024-10-01 04:00:00+00:00,False,155.09,157.1,154.7,156.83,0.0,1.0,1.0
2024-10-01 08:00:00+00:00,False,156.83,157.32,155.95,156.6,0.0,1.0,1.0
2024-10-01 12:00:00+00:00,False,156.6,156.65,146.05,149.78,0.0,1.0,1.0
2024-10-01 16:00:00+00:00,False,149.78,149.9,142.5,144.77,0.0,1.0,1.0
2024-10-01 20:00:00+00:00,False,144.77,146.41,142.22,144.83,0.0,1.0,1.0
2024-10-02 00:00:00+00:00,False,144.82,148.0,143.39,147.04,0.0,1.0,1.0
2024-10-02 04:00:00+00:00,False,147.04,149.03,146.13,147.75,0.0,1.0,1.0
2024-10-02 08:00:00+00:00,False,147.75,148.44,145.05,145.83,0.0,1.0,1.0
2024-10-02 12:00:00+00:00,False,145.79,148.08,142.68,148.05,0.0,1.0,1.0
2024-10-02 16:00:00+00:00,False,148.06,148.52,138.55,140.13,0.0,1.0,1.0
2024-10-02 20:00:00+00:00,False,140.12,141.68,138.59,139.47,0.0,1.0,1.0
2024-10-03 00:00:00+00:00,False,139.49,142.97,138.6,142.75,0.0,1.0,1.0
2024-10-03 04:00:00+00:00,False,142.74,142.77,139.15,139.45,0.0,1.0,1.0
2024-10-03 08:00:00+00:00,False,139.45,139.45,135.25,135.96,0.0,1.0,1.0
2024-10-03 12:00:00+00:00,False,135.95,138.55,133.1,135.74,0.0,1.0,1.0
2024-10-03 16:00:00+00:00,False,135.73,137.75,133.62,137.75,0.0,1.0,1.0
2024-10-03 20:00:00+00:00,False,137.75,137.93,135.25,137.02,0.0,1.0,1.0
2024-10-04 00:00:00+00:00,False,137.02,138.79,135.91,137.53,0.0,1.0,1.0
2024-10-04 04:00:00+00:00,False,137.52,139.74,137.42,139.42,0.0,1.0,1.0
2024-10-04 08:00:00+00:00,False,139.42,141.01,139.15,140.09,0.0,1.0,1.0
2024-10-04 12:00:00+00:00,False,140.08,142.64,138.08,142.16,0.0,1.0,1.0
2024-10-04 16:00:00+00:00,False,142.15,144.6,141.75,143.82,0.0,1.0,1.0
2024-10-04 20:00:00+00:00,False,143.82,144.66,142.6,143.53,0.0,1.0,1.0
2024-10-05 00:00:00+00:00,False,143.53,144.04,141.69,141.7,0.0,1.0,1.0
2024-10-05 04:00:00+00:00,False,141.71,144.55,141.55,143.95,0.0,1.0,1.0
2024-10-05 08:00:00+00:00,False,143.93,144.9,143.31,143.63,0.0,1.0,1.0
2024-10-05 12:00:00+00:00,False,143.63,144.17,142.51,142.77,0.0,1.0,1.0
2024-10-05 16:00:00+00:00,False,142.78,143.05,141.99,142.02,0.0,1.0,1.0
2024-10-05 20:00:00+00:00,False,142.02,142.98,140.99,142.18,0.0,1.0,1.0
2024-10-06 00:00:00+00:00,False,142.2,143.65,142.0,142.9,0.0,1.0,1.0
2024-10-06 04:00:00+00:00,False,142.91,143.42,142.07,142.88,0.0,1.0,1.0
2024-10-06 08:00:00+00:00,False,142.88,144.31,142.6,144.04,0.0,1.0,1.0
2024-10-06 12:00:00+00:00,False,144.08,146.64,144.06,146.27,0.0,1.0,1.0
2024-10-06 16:00:00+00:00,False,146.26,146.51,144.87,145.38,0.0,1.0,1.0
2024-10-06 20:00:00+00:00,False,145.37,146.76,144.3,146.54,0.0,1.0,1.0
2024-10-07 00:00:00+00:00,False,146.51,150.99,145.87,150.15,0.0,1.0,1.0
2024-10-07 04:00:00+00:00,True,150.17,150.51,147.91,148.41,0.0,1.0,1.0
2024-10-07 08:00:00+00:00,True,148.42,149.18,145.64,146.86,0.0,1.0,1.0
2024-10-07 12:00:00+00:00,True,146.84,152.27,146.33,148.86,0.0,1.0,1.0
2024-10-07 16:00:00+00:00,True,148.88,149.39,145.51,147.15,0.0,1.0,1.0
2024-10-07 20:00:00+00:00,True,147.16,147.19,143.41,144.26,0.0,1.0,1.0
2024-10-08 00:00:00+00:00,True,144.26,145.54,143.41,144.85,0.0,1.0,1.0
2024-10-08 04:00:00+00:00,True,144.87,145.01,142.03,143.06,0.0,1.0,1.0
2024-10-08 08:00:00+00:00,True,143.07,144.56,142.66,144.22,0.0,1.0,1.0
2024-10-08 12:00:00+00:00,True,144.23,145.46,141.11,141.82,0.0,1.0,1.0
2024-10-08 16:00:00+00:00,True,141.81,144.06,141.77,143.57,0.0,1.0,1.0
2024-10-08 20:00:00+00:00,True,143.56,144.61,142.53,143.63,0.0,1.0,1.0
2024-10-09 00:00:00+00:00,True,143.65,145.28,143.02,143.81,0.0,1.0,1.0
2024-10-09 04:00:00+00:00,False,143.82,144.26,142.63,143.19,0.0,1.0,0.0
2024-10-09 08:00:00+00:00,False,143.17,143.4,141.94,142.81,0.0,1.0,0.0
2024-10-09 12:00:00+00:00,False,142.81,143.0,140.09,142.43,0.0,1.0,0.0
2024-10-09 16:00:00+00:00,False,142.43,142.47,139.69,140.7,0.0,1.0,0.0
2024-10-09 20:00:00+00:00,False,140.7,140.9,138.54,138.97,0.0,1.0,0.0
2024-10-10 00:00:00+00:00,False,138.97,140.24,137.55,139.8,0.0,1.0,0.0
2024-10-10 04:00:00+00:00,False,139.79,140.75,139.36,139.83,0.0,1.0,0.0
2024-10-10 08:00:00+00:00,False,139.84,140.42,137.31,140.16,0.0,1.0,0.0
2024-10-10 12:00:00+00:00,False,140.16,140.58,136.05,138.66,0.0,1.0,0.0
2024-10-10 16:00:00+00:00,False,138.64,138.87,135.36,137.97,0.0,1.0,0.0
2024-10-10 20:00:00+00:00,False,137.97,138.97,137.03,138.8,0.0,1.0,0.0
2024-10-11 00:00:00+00:00,False,138.8,141.41,138.58,140.98,0.0,1.0,0.0
2024-10-11 04:00:00+00:00,False,140.98,141.98,140.54,141.18,0.0,1.0,0.0
2024-10-11 08:00:00+00:00,False,141.18,142.61,140.87,141.92,0.0,1.0,0.0
2024-10-11 12:00:00+00:00,False,141.92,145.51,141.86,144.52,0.0,1.0,0.0
2024-10-11 16:00:00+00:00,False,144.51,146.5,143.89,145.38,0.0,1.0,0.0
2024-10-11 20:00:00+00:00,False,145.37,146.39,145.1,145.9,0.0,1.0,0.0
2024-10-12 00:00:00+00:00,True,145.91,146.64,144.55,145.21,0.0,1.0,0.0
2024-10-12 04:00:00+00:00,True,145.23,145.94,145.15,145.59,0.0,1.0,0.0
2024-10-12 08:00:00+00:00,True,145.59,147.19,145.42,145.83,0.0,1.0,0.0
2024-10-12 12:00:00+00:00,True,145.83,147.32,145.69,146.32,0.0,1.0,0.0
2024-10-12 16:00:00+00:00,True,146.33,147.29,146.16,146.74,0.0,1.0,0.0
2024-10-12 20:00:00+00:00,True,146.75,147.19,146.28,146.49,0.0,1.0,0.0
2024-10-13 00:00:00+00:00,True,146.51,147.0,145.1,145.36,0.0,1.0,0.0
2024-10-13 04:00:00+00:00,True,145.37,146.94,145.36,146.45,0.0,1.0,0.0
2024-10-13 08:00:00+00:00,True,146.46,148.3,146.37,146.73,0.0,1.0,0.0
2024-10-13 12:00:00+00:00,True,146.75,148.0,144.41,145.12,0.0,1.0,0.0
2024-10-13 16:00:00+00:00,True,145.12,146.49,144.66,145.67,0.0,1.0,0.0
2024-10-13 20:00:00+00:00,True,145.68,148.81,145.64,147.6,0.0,1.0,0.0
2024-10-14 00:00:00+00:00,True,147.59,153.28,146.73,152.53,0.0,1.0,0.0
2024-10-14 04:00:00+00:00,True,152.54,153.25,150.76,152.56,0.0,1.0,0.0
2024-10-14 08:00:00+00:00,True,152.52,153.85,151.91,153.06,0.0,1.0,0.0
2024-10-14 12:00:00+00:00,True,153.07,157.99,152.49,156.67,0.0,1.0,0.0
2024-10-14 16:00:00+00:00,True,156.67,156.73,154.54,155.41,0.0,1.0,0.0
2024-10-14 20:00:00+00:00,True,155.41,158.0,155.4,157.24,0.0,1.0,0.0
2024-10-15 00:00:00+00:00,True,157.24,158.21,155.02,155.23,0.0,1.0,0.0
2024-10-15 04:00:00+00:00,True,155.23,156.24,153.66,155.21,0.0,1.0,0.0
2024-10-15 08:00:00+00:00,True,155.2,155.38,151.63,152.61,0.0,1.0,0.0
2024-10-15 12:00:00+00:00,True,152.61,159.5,150.33,153.48,0.0,1.0,0.0
2024-10-15 16:00:00+00:00,True,153.46,156.31,153.18,154.96,0.0,1.0,0.0
2024-10-15 20:00:00+00:00,True,154.95,155.24,152.3,154.83,0.0,1.0,0.0
2024-10-16 00:00:00+00:00,True,154.82,156.05,152.84,154.19,0.0,1.0,0.0
2024-10-16 04:00:00+00:00,True,154.17,154.9,153.0,153.64,0.0,1.0,0.0
2024-10-16 08:00:00+00:00,True,153.67,158.39,153.38,156.1,0.0,1.0,0.0
2024-10-16 12:00:00+00:00,True,156.1,156.92,153.8,155.57,0.0,1.0,0.0
2024-10-16 16:00:00+00:00,True,155.58,155.83,154.1,154.45,0.0,1.0,0.0
2024-10-16 20:00:00+00:00,True,154.46,155.1,153.54,154.89,0.0,1.0,0.0
2024-10-17 00:00:00+00:00,True,154.9,155.69,153.7,154.7,0.0,1.0,0.0
2024-10-17 04:00:00+00:00,True,154.68,154.75,151.55,152.63,0.0,1.0,0.0
2024-10-17 08:00:00+00:00,True,152.61,153.41,151.0,151.56,0.0,1.0,0.0
2024-10-17 12:00:00+00:00,True,151.54,153.21,150.79,152.33,0.0,1.0,0.0
2024-10-17 16:00:00+00:00,True,152.33,152.53,147.63,149.65,0.0,1.0,0.0
2024-10-17 20:00:00+00:00,True,149.65,150.91,149.36,150.48,0.0,1.0,0.0
2024-10-18 00:00:00+00:00,True,150.5,153.24,149.55,152.06,0.0,1.0,0.0
2024-10-18 04:00:00+00:00,True,152.07,154.27,152.07,154.24,0.0,1.0,0.0
2024-10-18 08:00:00+00:00,True,154.19,154.21,152.74,153.04,0.0,1.0,0.0
2024-10-18 12:00:00+00:00,True,153.04,155.21,152.09,154.62,0.0,1.0,0.0
2024-10-18 16:00:00+00:00,True,154.62,156.69,153.62,154.61,0.0,1.0,0.0
2024-10-18 20:00:00+00:00,True,154.6,155.19,153.78,154.94,0.0,1.0,0.0
2024-10-19 00:00:00+00:00,True,154.93,155.99,154.0,154.8,0.0,1.0,0.0
2024-10-19 04:00:00+00:00,True,154.78,155.1,154.13,154.78,0.0,1.0,0.0
2024-10-19 08:00:00+00:00,True,154.77,155.02,153.6,154.1,0.0,1.0,0.0
2024-10-19 12:00:00+00:00,True,154.1,157.47,154.02,156.42,0.0,1.0,0.0
2024-10-19 16:00:00+00:00,True,156.42,156.97,155.32,156.31,0.0,1.0,0.0
2024-10-19 20:00:00+00:00,True,156.31,159.81,156.13,159.79,0.0,1.0,0.0
2024-10-20 00:00:00+00:00,True,159.77,160.53,158.15,158.82,0.0,1.0,0.0
2024-10-20 04:00:00+00:00,True,158.81,160.68,158.55,158.89,0.0,1.0,0.0
2024-10-20 08:00:00+00:00,True,158.9,159.41,158.37,159.13,0.0,1.0,0.0
2024-10-20 12:00:00+00:00,True,159.15,161.43,157.58,159.9,0.0,1.0,0.0
2024-10-20 16:00:00+00:00,True,159.89,161.19,159.29,160.28,0.0,1.0,0.0
2024-10-20 20:00:00+00:00,True,160.28,167.9,160.11,167.56,0.0,1.0,0.0
2024-10-21 00:00:00+00:00,True,167.55,170.0,167.54,169.02,0.0,1.0,0.0
2024-10-21 04:00:00+00:00,True,169.02,171.62,168.48,169.39,0.0,1.0,0.0
2024-10-21 08:00:00+00:00,True,169.39,169.52,165.58,166.35,0.0,1.0,0.0
2024-10-21 12:00:00+00:00,True,166.35,166.95,161.31,165.02,0.0,1.0,0.0
2024-10-21 16:00:00+00:00,True,165.0,168.0,163.0,167.19,0.0,1.0,0.0
2024-10-21 20:00:00+00:00,True,167.19,168.05,165.98,166.33,0.0,1.0,0.0
2024-10-22 00:00:00+00:00,True,166.34,167.8,162.95,166.42,0.0,1.0,0.0
2024-10-22 04:00:00+00:00,True,166.36,168.84,166.07,166.39,0.0,1.0,0.0
2024-10-22 08:00:00+00:00,True,166.42,169.0,163.43,167.89,0.0,1.0,0.0
2024-10-22 12:00:00+00:00,True,167.88,170.98,164.73,167.57,0.0,1.0,0.0
2024-10-22 16:00:00+00:00,True,167.58,169.07,165.88,168.7,0.0,1.0,0.0
2024-10-22 20:00:00+00:00,True,168.69,169.11,166.72,167.54,0.0,1.0,0.0
2024-10-23 00:00:00+00:00,True,167.51,167.52,164.4,165.46,0.0,1.0,0.0
2024-10-23 04:00:00+00:00,True,165.49,166.3,164.15,165.2,0.0,1.0,0.0
2024-10-23 08:00:00+00:00,True,165.09,166.81,164.04,165.97,0.0,1.0,0.0
2024-10-23 12:00:00+00:00,True,165.98,169.42,164.82,167.4,0.0,1.0,0.0
2024-10-23 16:00:00+00:00,True,167.39,173.51,164.48,172.3,0.0,1.0,0.0
2024-10-23 20:00:00+00:00,True,172.28,174.0,169.74,170.81,0.0,1.0,0.0
2024-10-24 00:00:00+00:00,True,170.82,174.8,170.27,174.19,0.0,1.0,0.0
2024-10-24 04:00:00+00:00,True,174.19,175.0,172.58,173.54,0.0,1.0,0.0
2024-10-24 08:00:00+00:00,True,173.55,174.17,170.85,174.02,0.0,1.0,0.0
2024-10-24 12:00:00+00:00,True,174.02,176.96,173.6,175.57,0.0,1.0,0.0
2024-10-24 16:00:00+00:00,True,175.55,177.4,174.53,176.66,0.0,1.0,0.0
2024-10-24 20:00:00+00:00,True,176.66,179.12,176.37,177.04,0.0,1.0,0.0
2024-10-25 00:00:00+00:00,True,177.03,177.33,174.21,174.69,0.0,1.0,0.0
2024-10-25 04:00:00+00:00,True,174.69,174.73,171.35,171.37,0.0,1.0,0.0
2024-10-25 08:00:00+00:00,True,171.36,174.5,170.67,174.27,0.0,1.0,0.0
2024-10-25 12:00:00+00:00,True,174.27,177.5,171.21,171.83,0.0,1.0,0.0
2024-10-25 16:00:00+00:00,True,171.77,172.9,164.64,167.92,0.0,1.0,0.0
2024-10-25 20:00:00+00:00,True,167.91,168.5,159.05,163.84,0.0,1.0,0.0
2024-10-26 00:00:00+00:00,True,163.85,165.64,162.2,165.41,0.0,1.0,0.0
2024-10-26 04:00:00+00:00,False,165.39,168.95,165.1,167.58,0.0,1.0,1.0
2024-10-26 08:00:00+00:00,False,167.56,170.0,167.28,168.74,0.0,1.0,1.0
2024-10-26 12:00:00+00:00,False,168.72,169.3,167.01,168.67,0.0,1.0,1.0
2024-10-26 16:00:00+00:00,False,168.68,172.01,168.68,171.5,0.0,1.0,1.0
2024-10-26 20:00:00+00:00,False,171.5,173.0,170.28,170.42,0.0,1.0,1.0
2024-10-27 00:00:00+00:00,False,170.34,172.98,170.01,172.01,0.0,1.0,1.0
2024-10-27 04:00:00+00:00,False,172.0,173.27,171.42,173.16,0.0,1.0,1.0
2024-10-27 08:00:00+00:00,False,173.16,175.4,173.03,174.3,0.0,1.0,1.0
2024-10-27 12:00:00+00:00,False,174.32,176.86,174.06,175.66,0.0,1.0,1.0
2024-10-27 16:00:00+00:00,False,175.66,177.54,174.35,176.7,0.0,1.0,1.0
2024-10-27 20:00:00+00:00,False,176.71,178.0,176.34,176.52,0.0,1.0,1.0
2024-10-28 00:00:00+00:00,False,176.52,176.95,174.59,174.95,0.0,1.0,1.0
2024-10-28 04:00:00+00:00,True,174.95,176.45,172.87,176.0,0.0,1.0,1.0
2024-10-28 08:00:00+00:00,True,175.98,178.35,175.69,176.63,0.0,1.0,1.0
2024-10-28 12:00:00+00:00,True,176.62,177.74,173.0,173.65,0.0,1.0,1.0
2024-10-28 16:00:00+00:00,True,173.66,177.95,172.27,176.05,0.0,1.0,1.0
2024-10-28 20:00:00+00:00,True,176.06,179.6,175.65,177.8,0.0,1.0,1.0
2024-10-29 00:00:00+00:00,True,177.78,182.38,176.97,181.95,0.0,1.0,1.0
2024-10-29 04:00:00+00:00,True,181.96,182.58,179.17,180.06,0.0,1.0,1.0
2024-10-29 08:00:00+00:00,True,180.07,181.8,179.85,180.61,0.0,1.0,1.0
2024-10-29 12:00:00+00:00,True,180.64,181.38,178.09,181.17,0.0,1.0,1.0
2024-10-29 16:00:00+00:00,True,181.16,183.3,178.08,178.13,0.0,1.0,1.0
2024-10-29 20:00:00+00:00,True,178.16,180.2,176.25,179.07,0.0,1.0,1.0
2024-10-30 00:00:00+00:00,True,179.08,180.8,176.93,179.96,0.0,1.0,1.0
2024-10-30 04:00:00+00:00,True,179.96,181.2,178.17,179.1,0.0,1.0,1.0
2024-10-30 08:00:00+00:00,True,179.11,179.27,174.74,174.86,0.0,1.0,1.0
2024-10-30 12:00:00+00:00,True,174.82,177.27,173.11,174.0,0.0,1.0,1.0
2024-10-30 16:00:00+00:00,False,174.0,175.75,173.32,175.02,0.0,1.0,1.0
2024-10-30 20:00:00+00:00,False,175.0,177.02,173.12,175.04,0.0,1.0,1.0
2024-10-31 00:00:00+00:00,False,175.04,176.46,174.1,174.46,0.0,1.0,1.0
2024-10-31 04:00:00+00:00,False,174.45,175.89,173.15,174.25,0.0,1.0,1.0
2024-10-31 08:00:00+00:00,False,174.22,176.32,173.29,174.91,0.0,1.0,1.0
2024-10-31 12:00:00+00:00,False,174.91,175.14,169.22,169.7,0.0,1.0,1.0
2024-10-31 16:00:00+00:00,False,169.71,170.61,168.01,169.14,0.0,1.0,1.0
2024-10-31 20:00:00+00:00,False,169.17,170.09,167.31,168.76,0.0,1.0,1.0
2024-11-01 00:00:00+00:00,False,168.76,169.16,165.2,167.02,0.0,1.0,1.0
2024-11-01 04:00:00+00:00,False,167.01,167.43,164.88,165.8,0.0,1.0,1.0
2024-11-01 08:00:00+00:00,False,165.83,168.73,165.4,168.24,0.0,1.0,1.0
2024-11-01 12:00:00+00:00,False,168.25,173.94,163.6,165.38,0.0,1.0,1.0
2024-11-01 16:00:00+00:00,False,165.38,167.75,164.61,166.22,0.0,1.0,1.0
2024-11-01 20:00:00+00:00,False,166.21,167.0,163.83,166.49,0.0,1.0,1.0
2024-11-02 00:00:00+00:00,False,166.47,168.55,166.35,166.96,0.0,1.0,1.0
2024-11-02 04:00:00+00:00,False,166.96,167.79,165.58,167.56,0.0,1.0,1.0
2024-11-02 08:00:00+00:00,False,167.56,167.65,165.72,166.33,0.0,1.0,1.0
2024-11-02 12:00:00+00:00,False,166.33,166.33,162.01,164.12,0.0,1.0,1.0
2024-11-02 16:00:00+00:00,False,164.09,165.35,162.98,165.22,0.0,1.0,1.0
2024-11-02 20:00:00+00:00,False,165.22,166.91,164.88,165.98,0.0,1.0,1.0
2024-11-03 00:00:00+00:00,False,165.98,166.55,160.83,162.45,0.0,1.0,1.0
2024-11-03 04:00:00+00:00,False,162.43,164.0,161.77,163.74,0.0,1.0,1.0
2024-11-03 08:00:00+00:00,False,163.74,164.72,162.61,163.36,0.0,1.0,1.0
2024-11-03 12:00:00+00:00,False,163.35,163.38,157.8,160.33,0.0,1.0,1.0
2024-11-03 16:00:00+00:00,False,160.33,163.36,157.97,163.36,0.0,1.0,1.0
2024-11-03 20:00:00+00:00,False,163.36,163.8,160.39,161.6,0.0,1.0,1.0
2024-11-04 00:00:00+00:00,False,161.6,164.92,161.13,162.54,0.0,1.0,1.0
2024-11-04 04:00:00+00:00,False,162.5,162.66,159.97,160.84,0.0,1.0,1.0
2024-11-04 08:00:00+00:00,False,160.83,164.82,160.52,164.47,0.0,1.0,1.0
2024-11-04 12:00:00+00:00,False,164.46,164.9,159.67,160.01,0.0,1.0,1.0
2024-11-04 16:00:00+00:00,False,160.03,161.58,157.89,158.55,0.0,1.0,1.0
2024-11-04 20:00:00+00:00,False,158.56,159.02,155.01,158.69,0.0,1.0,1.0
2024-11-05 00:00:00+00:00,False,158.69,160.26,156.69,159.62,0.0,1.0,1.0
2024-11-05 04:00:00+00:00,False,159.63,162.98,159.63,162.98,0.0,1.0,1.0
2024-11-05 08:00:00+00:00,False,162.94,164.1,160.96,163.18,0.0,1.0,1.0
2024-11-05 12:00:00+00:00,False,163.18,169.15,162.73,169.04,0.0,1.0,1.0
2024-11-05 16:00:00+00:00,False,169.01,169.39,163.28,166.15,0.0,1.0,1.0
2024-11-05 20:00:00+00:00,False,166.15,173.47,164.5,173.27,0.0,1.0,1.0
2024-11-06 00:00:00+00:00,False,173.27,188.38,171.53,184.29,0.0,1.0,1.0
2024-11-06 04:00:00+00:00,True,184.3,188.2,180.01,184.16,0.0,0.0,1.0
2024-11-06 08:00:00+00:00,True,184.12,188.71,183.32,186.93,0.0,0.0,1.0
2024-11-06 12:00:00+00:00,True,186.93,188.74,184.33,186.03,0.0,0.0,1.0
2024-11-06 16:00:00+00:00,True,186.02,188.87,185.13,186.91,0.0,0.0,1.0
2024-11-06 20:00:00+00:00,True,186.89,190.07,186.02,187.27,0.0,0.0,1.0
2024-11-07 00:00:00+00:00,True,187.27,192.0,187.23,188.83,0.0,0.0,1.0
2024-11-07 04:00:00+00:00,True,188.8,189.35,186.07,188.36,0.0,0.0,1.0
2024-11-07 08:00:00+00:00,True,188.38,188.67,186.01,187.98,0.0,0.0,1.0
2024-11-07 12:00:00+00:00,True,187.97,194.64,186.05,193.82,0.0,0.0,1.0
2024-11-07 16:00:00+00:00,True,193.84,198.0,193.12,197.79,0.0,0.0,1.0
2024-11-07 20:00:00+00:00,True,197.74,201.19,194.29,199.41,0.0,0.0,1.0
2024-11-08 00:00:00+00:00,True,199.38,200.52,195.79,198.46,0.0,0.0,1.0
2024-11-08 04:00:00+00:00,True,198.46,200.99,197.53,199.28,0.0,0.0,1.0
2024-11-08 08:00:00+00:00,True,199.28,205.0,199.11,203.17,0.0,0.0,1.0
2024-11-08 12:00:00+00:00,True,203.17,205.2,197.14,197.91,0.0,0.0,1.0
2024-11-08 16:00:00+00:00,True,197.99,202.32,196.32,198.89,0.0,0.0,1.0
2024-11-08 20:00:00+00:00,True,198.86,200.24,197.31,199.45,0.0,0.0,1.0
2024-11-09 00:00:00+00:00,True,199.45,200.36,197.34,199.89,0.0,0.0,1.0
2024-11-09 04:00:00+00:00,True,199.9,202.67,199.75,202.11,0.0,0.0,1.0
2024-11-09 08:00:00+00:00,True,202.1,203.49,198.0,200.28,0.0,0.0,1.0
2024-11-09 12:00:00+00:00,True,200.28,201.11,196.59,196.68,0.0,0.0,1.0
2024-11-09 16:00:00+00:00,True,196.67,199.64,195.05,198.56,0.0,0.0,1.0
2024-11-09 20:00:00+00:00,True,198.56,202.09,198.07,199.99,0.0,0.0,1.0
2024-11-10 00:00:00+00:00,True,199.97,205.75,198.85,205.68,0.0,0.0,1.0
2024-11-10 04:00:00+00:00,True,205.63,209.0,204.05,204.95,0.0,0.0,1.0
2024-11-10 08:00:00+00:00,True,204.96,207.79,203.2,205.43,0.0,0.0,1.0
2024-11-10 12:00:00+00:00,True,205.44,213.26,204.51,211.54,0.0,0.0,1.0
2024-11-10 16:00:00+00:00,True,211.52,215.62,201.44,201.52,0.0,0.0,1.0
2024-11-10 20:00:00+00:00,True,201.52,214.0,199.25,210.29,0.0,0.0,1.0
2024-11-11 00:00:00+00:00,True,210.28,212.55,206.56,208.01,0.0,0.0,1.0
2024-11-11 04:00:00+00:00,True,208.01,209.58,204.32,208.85,0.0,0.0,1.0
2024-11-11 08:00:00+00:00,True,208.8,219.55,208.73,215.57,0.0,0.0,1.0
2024-11-11 12:00:00+00:00,True,215.53,222.22,214.65,218.75,0.0,0.0,1.0
2024-11-11 16:00:00+00:00,True,218.8,223.39,216.65,219.54,0.0,0.0,1.0
2024-11-11 20:00:00+00:00,True,219.53,225.0,215.53,220.31,0.0,0.0,1.0
2024-11-12 00:00:00+00:00,True,220.31,221.81,215.67,218.81,0.0,0.0,1.0
2024-11-12 04:00:00+00:00,True,218.83,225.37,216.4,224.29,0.0,0.0,1.0
2024-11-12 08:00:00+00:00,True,224.29,224.35,205.8,206.7,0.0,0.0,1.0
2024-11-12 12:00:00+00:00,True,206.78,213.82,205.0,211.68,0.0,0.0,1.0
2024-11-12 16:00:00+00:00,True,211.67,215.73,209.58,212.51,0.0,0.0,1.0
2024-11-12 20:00:00+00:00,True,212.53,215.65,209.76,210.88,0.0,0.0,1.0
2024-11-13 00:00:00+00:00,True,210.88,212.2,201.0,204.32,0.0,0.0,1.0
2024-11-13 04:00:00+00:00,True,204.38,207.69,201.81,205.65,0.0,0.0,1.0
2024-11-13 08:00:00+00:00,True,205.78,209.55,205.45,207.95,0.0,0.0,1.0
2024-11-13 12:00:00+00:00,True,207.83,219.78,206.76,219.11,0.0,0.0,1.0
2024-11-13 16:00:00+00:00,True,219.1,220.84,208.32,209.57,0.0,0.0,1.0
2024-11-13 20:00:00+00:00,True,209.57,216.02,206.2,214.09,0.0,0.0,1.0
2024-11-14 00:00:00+00:00,True,214.09,220.42,212.36,219.85,0.0,0.0,1.0
2024-11-14 04:00:00+00:00,True,219.85,221.0,215.25,220.25,0.0,0.0,1.0
2024-11-14 08:00:00+00:00,True,220.2,222.83,213.66,217.87,0.0,0.0,1.0
2024-11-14 12:00:00+00:00,True,217.87,218.0,209.24,216.18,0.0,0.0,1.0
2024-11-14 16:00:00+00:00,True,216.18,216.9,212.16,213.58,0.0,0.0,1.0
2024-11-14 20:00:00+00:00,False,213.59,215.26,206.75,210.58,0.0,0.0,1.0
2024-11-15 00:00:00+00:00,False,210.58,211.14,204.57,206.49,0.0,0.0,1.0
2024-11-15 04:00:00+00:00,False,206.48,211.88,205.0,211.64,0.0,0.0,1.0
2024-11-15 08:00:00+00:00,False,211.65,215.11,211.3,213.93,0.0,0.0,1.0
2024-11-15 12:00:00+00:00,False,213.94,215.35,206.72,210.32,0.0,0.0,1.0
2024-11-15 16:00:00+00:00,False,210.32,216.31,208.96,215.67,0.0,0.0,1.0
2024-11-15 20:00:00+00:00,False,215.71,220.46,215.65,217.93,0.0,0.0,1.0
2024-11-16 00:00:00+00:00,False,217.91,221.87,217.64,219.97,0.0,0.0,1.0
2024-11-16 04:00:00+00:00,False,219.97,221.95,218.07,219.47,0.0,0.0,1.0
2024-11-16 08:00:00+00:00,False,219.46,221.78,216.25,220.16,0.0,0.0,1.0
2024-11-16 12:00:00+00:00,False,220.15,221.25,213.4,214.08,0.0,0.0,1.0
2024-11-16 16:00:00+00:00,False,214.08,217.1,213.82,215.82,0.0,0.0,1.0
2024-11-16 20:00:00+00:00,False,215.82,218.83,214.13,217.55,0.0,0.0,1.0
2024-11-17 00:00:00+00:00,False,217.54,237.21,212.21,236.16,0.0,0.0,1.0
2024-11-17 04:00:00+00:00,False,236.17,241.99,234.24,238.12,0.0,0.0,1.0
2024-11-17 08:00:00+00:00,True,238.12,241.68,231.49,234.01,0.0,1.0,1.0
2024-11-17 12:00:00+00:00,True,234.01,235.19,229.7,233.15,0.0,1.0,1.0
2024-11-17 16:00:00+00:00,True,233.19,237.4,231.25,235.87,0.0,1.0,1.0
2024-11-17 20:00:00+00:00,True,235.91,238.55,231.47,234.9,0.0,1.0,1.0
2024-11-18 00:00:00+00:00,True,234.9,245.0,234.9,243.07,0.0,1.0,1.0
2024-11-18 04:00:00+00:00,True,243.05,244.3,239.46,242.27,0.0,1.0,1.0
2024-11-18 08:00:00+00:00,True,242.26,248.52,241.19,241.66,0.0,1.0,1.0
2024-11-18 12:00:00+00:00,True,241.67,245.15,238.0,240.7,0.0,1.0,1.0
2024-11-18 16:00:00+00:00,True,240.7,242.45,234.39,239.37,0.0,1.0,1.0
2024-11-18 20:00:00+00:00,True,239.34,241.17,237.67,239.99,0.0,1.0,1.0
2024-11-19 00:00:00+00:00,True,240.04,243.48,238.5,240.13,0.0,1.0,1.0
2024-11-19 04:00:00+00:00,True,240.13,245.73,239.98,245.71,0.0,1.0,1.0
2024-11-19 08:00:00+00:00,True,245.71,247.75,242.07,244.87,0.0,1.0,1.0
2024-11-19 12:00:00+00:00,True,244.87,245.53,238.51,241.71,0.0,1.0,1.0
2024-11-19 16:00:00+00:00,True,241.74,244.84,238.88,240.45,0.0,1.0,1.0
2024-11-19 20:00:00+00:00,True,240.45,240.66,233.74,238.1,0.0,1.0,1.0
2024-11-20 00:00:00+00:00,True,238.1,238.12,230.66,233.09,0.0,1.0,1.0
2024-11-20 04:00:00+00:00,True,233.11,239.05,232.9,237.49,0.0,1.0,1.0
2024-11-20 08:00:00+00:00,True,237.51,238.86,235.02,235.88,0.0,1.0,1.0
2024-11-20 12:00:00+00:00,True,235.9,242.72,232.74,235.8,0.0,1.0,1.0
2024-11-20 16:00:00+00:00,True,235.8,235.93,231.17,235.38,0.0,1.0,1.0
2024-11-20 20:00:00+00:00,False,235.38,238.71,234.71,237.47,0.0,1.0,1.0
2024-11-21 00:00:00+00:00,False,237.48,241.92,230.02,240.63,0.0,1.0,1.0
2024-11-21 04:00:00+00:00,False,240.63,242.84,236.97,242.26,0.0,1.0,1.0
2024-11-21 08:00:00+00:00,False,242.26,245.99,239.98,243.23,0.0,1.0,1.0
2024-11-21 12:00:00+00:00,False,243.22,255.3,242.66,253.75,0.0,1.0,1.0
2024-11-21 16:00:00+00:00,False,253.79,259.89,253.1,254.14,0.0,1.0,1.0
2024-11-21 20:00:00+00:00,True,254.11,258.99,253.16,253.51,0.0,1.0,1.0
2024-11-22 00:00:00+00:00,True,253.51,264.63,252.69,260.73,0.0,1.0,1.0
2024-11-22 04:00:00+00:00,True,260.7,262.87,258.15,259.51,0.0,1.0,1.0
2024-11-22 08:00:00+00:00,True,259.5,260.64,256.38,259.19,0.0,1.0,1.0
2024-11-22 12:00:00+00:00,True,259.17,259.21,252.59,255.03,0.0,1.0,1.0
2024-11-22 16:00:00+00:00,True,255.05,256.35,251.75,255.17,0.0,1.0,1.0
2024-11-22 20:00:00+00:00,True,255.17,258.3,253.85,256.24,0.0,1.0,1.0
2024-11-23 00:00:00+00:00,True,256.25,264.32,253.65,263.55,0.0,1.0,1.0
2024-11-23 04:00:00+00:00,True,263.5,263.57,257.81,258.27,0.0,1.0,1.0
2024-11-23 08:00:00+00:00,True,258.24,259.34,256.12,258.47,0.0,1.0,1.0
2024-11-23 12:00:00+00:00,True,258.48,263.98,255.4,255.66,0.0,1.0,1.0
2024-11-23 16:00:00+00:00,True,255.66,258.95,253.01,255.53,0.0,1.0,1.0
2024-11-23 20:00:00+00:00,True,255.54,259.64,253.21,259.2,0.0,1.0,1.0
2024-11-24 00:00:00+00:00,True,259.21,260.0,255.78,257.07,0.0,1.0,1.0
2024-11-24 04:00:00+00:00,True,257.08,257.57,254.18,255.05,0.0,1.0,1.0
2024-11-24 08:00:00+00:00,True,255.02,255.49,241.2,245.47,0.0,1.0,1.0
2024-11-24 12:00:00+00:00,False,245.46,248.82,244.0,246.54,0.0,1.0,1.0
2024-11-24 16:00:00+00:00,False,246.53,251.74,245.41,250.79,0.0,1.0,1.0
2024-11-24 20:00:00+00:00,False,250.79,254.99,249.63,250.31,0.0,1.0,1.0
2024-11-25 00:00:00+00:00,False,250.31,254.07,246.0,253.41,0.0,1.0,1.0
2024-11-25 04:00:00+00:00,False,253.4,255.4,251.96,255.25,0.0,1.0,1.0
2024-11-25 08:00:00+00:00,False,255.25,256.82,250.46,251.2,0.0,1.0,1.0
2024-11-25 12:00:00+00:00,False,251.17,251.17,233.65,241.64,0.0,1.0,1.0
2024-11-25 16:00:00+00:00,False,241.64,242.07,237.3,240.01,0.0,1.0,1.0
2024-11-25 20:00:00+00:00,False,240.02,240.04,231.16,236.27,0.0,1.0,1.0
2024-11-26 00:00:00+00:00,False,236.28,239.56,235.92,237.51,0.0,1.0,1.0
2024-11-26 04:00:00+00:00,False,237.51,239.91,230.74,233.47,0.0,1.0,1.0
2024-11-26 08:00:00+00:00,False,233.47,236.63,221.57,226.97,0.0,1.0,1.0
2024-11-26 12:00:00+00:00,False,226.93,232.81,225.72,231.46,0.0,1.0,1.0
2024-11-26 16:00:00+00:00,False,231.47,231.73,223.5,231.07,0.0,1.0,1.0
2024-11-26 20:00:00+00:00,False,231.07,232.62,228.54,229.02,0.0,1.0,1.0
2024-11-27 00:00:00+00:00,False,229.06,233.83,228.04,229.75,0.0,1.0,1.0
2024-11-27 04:00:00+00:00,False,229.73,234.92,227.5,232.54,0.0,1.0,1.0
2024-11-27 08:00:00+00:00,False,232.54,237.12,232.08,235.76,0.0,1.0,1.0
2024-11-27 12:00:00+00:00,False,235.74,241.3,234.62,238.7,0.0,1.0,1.0
2024-11-27 16:00:00+00:00,False,238.71,243.36,237.89,242.47,0.0,1.0,1.0
2024-11-27 20:00:00+00:00,False,242.48,245.49,239.63,244.25,0.0,1.0,1.0
2024-11-28 00:00:00+00:00,False,244.27,245.22,238.21,240.68,0.0,1.0,1.0
2024-11-28 04:00:00+00:00,False,240.68,241.05,236.75,238.12,0.0,1.0,1.0
2024-11-28 08:00:00+00:00,False,238.09,238.5,234.48,235.29,0.0,1.0,1.0
2024-11-28 12:00:00+00:00,False,235.29,237.84,232.89,235.82,0.0,1.0,1.0
2024-11-28 16:00:00+00:00,False,235.82,237.07,234.65,236.53,0.0,1.0,1.0
2024-11-28 20:00:00+00:00,False,236.52,238.81,235.56,237.53,0.0,1.0,1.0
2024-11-29 00:00:00+00:00,False,237.53,243.12,236.6,240.74,0.0,1.0,1.0
2024-11-29 04:00:00+00:00,False,240.74,242.6,237.56,238.94,0.0,1.0,1.0
2024-11-29 08:00:00+00:00,False,238.94,246.87,238.81,242.84,0.0,1.0,1.0
2024-11-29 12:00:00+00:00,False,242.82,246.79,242.16,242.49,0.0,1.0,1.0
2024-11-29 16:00:00+00:00,False,242.5,243.51,240.13,243.51,0.0,1.0,1.0
2024-11-29 20:00:00+00:00,False,243.5,245.5,239.94,239.97,0.0,1.0,1.0
2024-11-30 00:00:00+00:00,False,239.95,243.34,239.06,242.53,0.0,1.0,1.0
2024-11-30 04:00:00+00:00,False,242.53,245.43,241.65,244.48,0.0,1.0,1.0
2024-11-30 08:00:00+00:00,False,244.49,245.0,240.16,242.68,0.0,1.0,1.0
2024-11-30 12:00:00+00:00,False,242.64,242.65,238.64,240.01,0.0,1.0,1.0
2024-11-30 16:00:00+00:00,False,240.02,241.17,238.91,240.66,0.0,1.0,1.0
2024-11-30 20:00:00+00:00,False,240.66,241.27,237.18,237.67,0.0,1.0,1.0
2024-12-01 00:00:00+00:00,False,237.68,239.78,234.24,236.31,0.0,1.0,1.0
2024-12-01 04:00:00+00:00,False,236.3,238.81,235.19,237.8,0.0,1.0,1.0
2024-12-01 08:00:00+00:00,False,237.79,238.18,235.67,236.63,0.0,1.0,1.0
2024-12-01 12:00:00+00:00,False,236.62,239.59,236.61,237.49,0.0,1.0,1.0
2024-12-01 16:00:00+00:00,False,237.5,237.76,234.46,235.7,0.0,1.0,1.0
2024-12-01 20:00:00+00:00,False,235.7,239.29,234.63,235.6,0.0,1.0,1.0
2024-12-02 00:00:00+00:00,False,235.62,238.5,226.37,229.09,0.0,1.0,1.0
2024-12-02 04:00:00+00:00,False,229.17,230.43,223.22,225.9,0.0,1.0,1.0
2024-12-02 08:00:00+00:00,False,225.98,227.94,221.49,222.29,0.0,1.0,1.0
2024-12-02 12:00:00+00:00,False,222.28,230.08,221.69,226.6,0.0,1.0,1.0
2024-12-02 16:00:00+00:00,False,226.59,226.78,220.03,222.44,0.0,1.0,1.0
2024-12-02 20:00:00+00:00,False,222.44,226.59,221.2,225.07,0.0,1.0,1.0
2024-12-03 00:00:00+00:00,False,225.06,229.33,223.19,228.43,0.0,1.0,1.0
2024-12-03 04:00:00+00:00,False,228.43,231.01,225.24,226.69,0.0,1.0,1.0
2024-12-03 08:00:00+00:00,False,226.7,226.72,222.95,224.06,0.0,1.0,1.0
2024-12-03 12:00:00+00:00,False,224.07,226.46,215.0,222.7,0.0,1.0,1.0
2024-12-03 16:00:00+00:00,False,222.59,230.24,220.37,228.43,0.0,1.0,1.0
2024-12-03 20:00:00+00:00,False,228.41,240.09,228.01,236.57,0.0,1.0,1.0
2024-12-04 00:00:00+00:00,False,236.5,240.74,235.32,238.93,0.0,1.0,1.0
2024-12-04 04:00:00+00:00,False,238.92,240.99,235.2,235.63,0.0,1.0,1.0
2024-12-04 08:00:00+00:00,False,235.64,237.98,231.78,232.32,0.0,1.0,1.0
2024-12-04 12:00:00+00:00,False,232.31,235.39,224.83,227.29,0.0,1.0,1.0
2024-12-04 16:00:00+00:00,False,227.28,236.79,224.69,233.19,0.0,1.0,1.0
2024-12-04 20:00:00+00:00,False,233.19,234.99,225.88,226.01,0.0,1.0,1.0
2024-12-05 00:00:00+00:00,False,226.01,238.8,223.19,236.78,0.0,1.0,1.0
2024-12-05 04:00:00+00:00,False,236.71,237.07,231.5,234.94,0.0,1.0,1.0
2024-12-05 08:00:00+00:00,False,234.94,244.99,234.84,241.21,0.0,1.0,1.0
2024-12-05 12:00:00+00:00,False,241.24,243.11,236.47,240.02,0.0,1.0,1.0
2024-12-05 16:00:00+00:00,False,240.02,240.89,229.53,233.05,0.0,1.0,1.0
2024-12-05 20:00:00+00:00,True,233.04,243.17,226.0,241.25,0.0,0.0,1.0
2024-12-06 00:00:00+00:00,True,241.25,247.1,238.57,240.29,0.0,0.0,1.0
2024-12-06 04:00:00+00:00,True,240.27,242.0,237.16,237.45,0.0,0.0,1.0
2024-12-06 08:00:00+00:00,True,237.45,237.48,231.11,232.06,0.0,0.0,1.0
2024-12-06 12:00:00+00:00,True,232.06,240.09,231.22,239.05,0.0,0.0,1.0
2024-12-06 16:00:00+00:00,True,239.05,241.2,237.96,238.73,0.0,0.0,1.0
2024-12-06 20:00:00+00:00,True,238.74,239.67,235.72,237.04,0.0,0.0,1.0
2024-12-07 00:00:00+00:00,True,237.04,237.18,234.32,235.57,0.0,0.0,1.0
2024-12-07 04:00:00+00:00,True,235.54,236.86,234.98,236.65,0.0,0.0,1.0
2024-12-07 08:00:00+00:00,True,236.65,239.55,236.38,238.75,0.0,0.0,1.0
2024-12-07 12:00:00+00:00,True,238.75,243.4,237.74,241.44,0.0,0.0,1.0
2024-12-07 16:00:00+00:00,True,241.43,243.24,240.0,242.66,0.0,0.0,1.0
2024-12-07 20:00:00+00:00,True,242.65,243.8,237.79,239.83,0.0,0.0,1.0
2024-12-08 00:00:00+00:00,True,239.83,241.72,238.42,239.19,0.0,0.0,1.0
2024-12-08 04:00:00+00:00,True,239.16,239.16,235.01,235.53,0.0,0.0,1.0
2024-12-08 08:00:00+00:00,True,235.52,236.8,233.32,235.86,0.0,0.0,1.0
2024-12-08 12:00:00+00:00,True,235.88,237.82,234.65,236.2,0.0,0.0,1.0
2024-12-08 16:00:00+00:00,True,236.21,236.93,234.19,235.43,0.0,0.0,1.0
2024-12-08 20:00:00+00:00,True,235.43,237.99,233.11,234.47,0.0,0.0,1.0
2024-12-09 00:00:00+00:00,True,234.48,234.97,230.3,232.66,0.0,0.0,1.0
2024-12-09 04:00:00+00:00,False,232.66,232.88,226.34,227.4,0.0,0.0,0.0
2024-12-09 08:00:00+00:00,False,227.44,228.09,225.0,226.65,0.0,0.0,0.0
2024-12-09 12:00:00+00:00,False,226.67,231.81,223.0,224.99,0.0,0.0,0.0
2024-12-09 16:00:00+00:00,False,225.06,225.61,209.11,209.12,0.0,0.0,0.0
2024-12-09 20:00:00+00:00,False,209.12,221.53,205.0,218.26,0.0,0.0,0.0
2024-12-10 00:00:00+00:00,False,218.22,219.5,207.1,216.65,0.0,0.0,0.0
2024-12-10 04:00:00+00:00,False,216.73,218.79,214.56,216.9,0.0,0.0,0.0
2024-12-10 08:00:00+00:00,False,216.9,218.71,210.35,213.41,0.0,0.0,0.0
2024-12-10 12:00:00+00:00,False,213.41,218.7,205.0,209.66,0.0,0.0,0.0
2024-12-10 16:00:00+00:00,False,209.66,214.14,203.27,214.08,0.0,0.0,0.0
2024-12-10 20:00:00+00:00,False,214.07,216.47,211.62,214.93,0.0,0.0,0.0
2024-12-11 00:00:00+00:00,False,214.92,220.0,211.78,218.74,0.0,0.0,0.0
2024-12-11 04:00:00+00:00,False,218.73,223.0,217.0,221.44,0.0,0.0,0.0
2024-12-11 08:00:00+00:00,False,221.39,226.79,220.61,225.25,0.0,0.0,0.0
2024-12-11 12:00:00+00:00,False,225.25,230.76,224.17,230.19,0.0,0.0,0.0
2024-12-11 16:00:00+00:00,False,230.21,230.84,227.38,229.11,0.0,0.0,0.0
2024-12-11 20:00:00+00:00,False,229.1,229.7,226.57,227.73,0.0,0.0,0.0
2024-12-12 00:00:00+00:00,False,227.73,232.09,225.78,229.71,0.0,0.0,0.0
2024-12-12 04:00:00+00:00,False,229.69,233.11,229.27,233.06,0.0,0.0,0.0
2024-12-12 08:00:00+00:00,False,233.06,233.57,228.39,231.08,0.0,0.0,0.0
2024-12-12 12:00:00+00:00,False,231.11,233.55,228.78,231.53,0.0,0.0,0.0
2024-12-12 16:00:00+00:00,True,231.53,234.79,226.5,228.02,0.0,0.0,0.0
2024-12-12 20:00:00+00:00,True,228.04,228.91,225.61,225.97,0.0,0.0,0.0
2024-12-13 00:00:00+00:00,True,225.98,228.47,224.33,225.95,0.0,0.0,0.0
2024-12-13 04:00:00+00:00,True,225.95,226.9,223.21,226.28,0.0,0.0,0.0
2024-12-13 08:00:00+00:00,True,226.28,227.25,224.15,225.06,0.0,0.0,0.0
2024-12-13 12:00:00+00:00,True,225.06,226.17,220.6,221.31,0.0,0.0,0.0
2024-12-13 16:00:00+00:00,True,221.32,224.66,221.03,223.67,0.0,0.0,0.0
2024-12-13 20:00:00+00:00,True,223.67,225.75,223.16,225.61,0.0,0.0,0.0
2024-12-14 00:00:00+00:00,True,225.6,227.16,224.97,225.47,0.0,0.0,0.0
2024-12-14 04:00:00+00:00,True,225.49,227.48,225.13,226.33,0.0,0.0,0.0
2024-12-14 08:00:00+00:00,True,226.35,226.4,222.04,222.57,0.0,0.0,0.0
2024-12-14 12:00:00+00:00,True,222.56,223.4,220.4,220.95,0.0,0.0,0.0
2024-12-14 16:00:00+00:00,False,220.95,222.06,215.15,216.06,0.0,0.0,0.0
2024-12-14 20:00:00+00:00,False,216.06,220.86,215.97,220.16,0.0,0.0,0.0
2024-12-15 00:00:00+00:00,False,220.18,221.8,219.3,220.76,0.0,0.0,0.0
2024-12-15 04:00:00+00:00,False,220.76,221.27,215.67,218.19,0.0,0.0,0.0
2024-12-15 08:00:00+00:00,False,218.18,220.09,217.29,218.69,0.0,0.0,0.0
2024-12-15 12:00:00+00:00,False,218.66,222.34,218.03,221.61,0.0,0.0,0.0
2024-12-15 16:00:00+00:00,False,221.62,221.97,219.85,219.98,0.0,0.0,0.0
2024-12-15 20:00:00+00:00,False,219.99,226.46,216.18,225.33,0.0,0.0,0.0
2024-12-16 00:00:00+00:00,False,225.31,227.0,220.26,220.86,0.0,0.0,0.0
2024-12-16 04:00:00+00:00,False,220.86,223.81,219.7,219.7,0.0,0.0,0.0
2024-12-16 08:00:00+00:00,False,219.7,220.12,213.5,213.69,0.0,0.0,0.0
2024-12-16 12:00:00+00:00,False,213.71,219.59,213.11,219.03,0.0,0.0,0.0
2024-12-16 16:00:00+00:00,False,219.02,221.9,216.09,217.17,0.0,0.0,0.0
2024-12-16 20:00:00+00:00,False,217.15,219.02,211.5,212.68,0.0,0.0,0.0
2024-12-17 00:00:00+00:00,False,212.66,215.74,212.65,214.66,0.0,0.0,0.0
2024-12-17 04:00:00+00:00,False,214.64,217.73,213.14,217.32,0.0,0.0,0.0
2024-12-17 08:00:00+00:00,False,217.33,227.55,217.33,226.26,0.0,0.0,0.0
2024-12-17 12:00:00+00:00,False,226.26,227.42,217.0,227.29,0.0,0.0,0.0
2024-12-17 16:00:00+00:00,False,227.3,229.03,225.18,225.32,0.0,0.0,0.0
2024-12-17 20:00:00+00:00,True,225.32,226.76,221.65,224.75,0.0,1.0,0.0
2024-12-18 00:00:00+00:00,True,224.78,225.08,215.42,217.22,0.0,1.0,0.0
2024-12-18 04:00:00+00:00,True,217.18,218.25,213.58,216.28,0.0,1.0,0.0
2024-12-18 08:00:00+00:00,True,216.27,218.89,215.35,215.56,0.0,1.0,0.0
2024-12-18 12:00:00+00:00,True,215.55,218.74,214.54,215.69,0.0,1.0,0.0
2024-12-18 16:00:00+00:00,False,215.69,218.27,205.85,206.4,0.0,1.0,0.0
2024-12-18 20:00:00+00:00,False,206.39,210.24,204.77,206.6,0.0,1.0,0.0
2024-12-19 00:00:00+00:00,False,206.61,209.23,199.21,208.02,0.0,1.0,0.0
2024-12-19 04:00:00+00:00,False,208.02,212.03,207.13,208.89,0.0,1.0,0.0
2024-12-19 08:00:00+00:00,False,208.88,211.22,207.21,207.88,0.0,1.0,0.0
2024-12-19 12:00:00+00:00,False,207.87,210.4,202.23,205.29,0.0,1.0,0.0
2024-12-19 16:00:00+00:00,False,205.3,205.48,186.77,193.71,0.0,1.0,0.0
2024-12-19 20:00:00+00:00,False,193.66,198.43,191.5,195.95,0.0,1.0,0.0
2024-12-20 00:00:00+00:00,False,195.93,199.53,193.03,194.92,0.0,1.0,0.0
2024-12-20 04:00:00+00:00,False,194.93,195.37,178.51,180.85,0.0,1.0,0.0
2024-12-20 08:00:00+00:00,False,180.85,185.65,175.01,184.38,0.0,1.0,0.0
2024-12-20 12:00:00+00:00,False,184.38,192.83,182.03,190.35,0.0,1.0,0.0
2024-12-20 16:00:00+00:00,False,190.35,193.16,188.76,190.46,0.0,1.0,0.0
2024-12-20 20:00:00+00:00,False,190.45,194.96,187.69,194.75,0.0,1.0,0.0
2024-12-21 00:00:00+00:00,False,194.75,197.0,193.45,196.8,0.0,1.0,0.0
2024-12-21 04:00:00+00:00,False,196.8,202.14,195.31,196.31,0.0,1.0,0.0
2024-12-21 08:00:00+00:00,False,196.32,196.34,186.65,188.14,0.0,1.0,0.0
2024-12-21 12:00:00+00:00,False,188.17,188.63,183.12,184.53,0.0,1.0,0.0
2024-12-21 16:00:00+00:00,False,184.53,185.22,178.36,181.73,0.0,1.0,0.0
2024-12-21 20:00:00+00:00,False,181.73,183.32,178.51,181.95,0.0,1.0,0.0
2024-12-22 00:00:00+00:00,False,181.95,183.86,179.56,179.6,0.0,1.0,0.0
2024-12-22 04:00:00+00:00,False,179.64,185.63,177.77,183.81,0.0,1.0,0.0
2024-12-22 08:00:00+00:00,False,183.81,187.73,183.57,185.66,0.0,1.0,0.0
2024-12-22 12:00:00+00:00,False,185.66,186.75,178.87,182.58,0.0,1.0,0.0
2024-12-22 16:00:00+00:00,False,182.58,183.9,176.71,180.19,0.0,1.0,0.0
2024-12-22 20:00:00+00:00,False,180.18,182.19,177.5,179.26,0.0,1.0,0.0
2024-12-23 00:00:00+00:00,False,179.3,187.51,176.33,184.57,0.0,1.0,0.0
2024-12-23 04:00:00+00:00,False,184.58,186.08,179.73,185.98,0.0,1.0,0.0
2024-12-23 08:00:00+00:00,False,185.92,186.43,182.62,183.61,0.0,1.0,0.0
2024-12-23 12:00:00+00:00,False,183.64,185.75,180.5,185.18,0.0,1.0,0.0
2024-12-23 16:00:00+00:00,False,185.19,192.45,183.91,192.2,0.0,1.0,0.0
2024-12-23 20:00:00+00:00,False,192.22,193.22,188.21,189.88,0.0,1.0,0.0
2024-12-24 00:00:00+00:00,False,189.88,190.91,185.86,190.54,0.0,1.0,0.0
2024-12-24 04:00:00+00:00,False,190.55,193.16,189.23,192.94,0.0,1.0,0.0
2024-12-24 08:00:00+00:00,False,192.96,193.69,190.25,191.14,0.0,1.0,0.0
2024-12-24 12:00:00+00:00,True,191.13,198.93,190.99,196.04,0.0,0.0,0.0
2024-12-24 16:00:00+00:00,True,196.03,198.5,193.09,195.02,0.0,0.0,0.0
2024-12-24 20:00:00+00:00,True,195.02,198.07,194.86,198.03,0.0,0.0,0.0
2024-12-25 00:00:00+00:00,True,198.02,201.74,197.83,198.89,0.0,0.0,0.0
2024-12-25 04:00:00+00:00,True,198.87,200.41,197.26,197.54,0.0,0.0,0.0
2024-12-25 08:00:00+00:00,True,197.52,200.35,194.9,196.23,0.0,0.0,0.0
2024-12-25 12:00:00+00:00,True,196.22,199.29,195.85,196.98,0.0,0.0,0.0
2024-12-25 16:00:00+00:00,True,196.94,199.93,196.37,197.94,0.0,0.0,0.0
2024-12-25 20:00:00+00:00,True,197.87,199.59,195.27,197.44,0.0,0.0,0.0
2024-12-26 00:00:00+00:00,True,197.44,198.8,194.57,195.14,0.0,0.0,0.0
2024-12-26 04:00:00+00:00,True,195.17,195.45,188.32,189.41,0.0,0.0,0.0
2024-12-26 08:00:00+00:00,True,189.44,190.72,188.01,188.46,0.0,0.0,0.0
2024-12-26 12:00:00+00:00,True,188.49,190.91,187.37,189.96,0.0,0.0,0.0
2024-12-26 16:00:00+00:00,True,189.96,190.52,187.01,187.57,0.0,0.0,0.0
2024-12-26 20:00:00+00:00,True,187.56,189.84,186.42,189.0,0.0,0.0,0.0
2024-12-27 00:00:00+00:00,True,189.0,190.6,187.83,189.6,0.0,0.0,0.0
2024-12-27 04:00:00+00:00,True,189.61,190.94,185.53,190.73,0.0,0.0,0.0
2024-12-27 08:00:00+00:00,True,190.69,194.12,188.69,190.63,0.0,0.0,0.0
2024-12-27 12:00:00+00:00,True,190.6,190.71,182.51,184.61,0.0,0.0,0.0
2024-12-27 16:00:00+00:00,True,184.6,187.07,183.32,185.38,0.0,0.0,0.0
2024-12-27 20:00:00+00:00,True,185.37,185.93,182.91,184.75,0.0,0.0,0.0
2024-12-28 00:00:00+00:00,True,184.76,185.71,183.55,184.7,0.0,0.0,0.0
2024-12-28 04:00:00+00:00,True,184.67,186.34,184.57,186.25,0.0,0.0,0.0
2024-12-28 08:00:00+00:00,True,186.25,187.3,185.25,186.59,0.0,0.0,0.0
2024-12-28 12:00:00+00:00,True,186.6,193.4,186.59,192.65,0.0,0.0,0.0
2024-12-28 16:00:00+00:00,True,192.63,194.98,192.29,192.84,0.0,0.0,0.0
2024-12-28 20:00:00+00:00,True,192.82,195.71,192.56,193.94,0.0,0.0,0.0
2024-12-29 00:00:00+00:00,True,193.94,194.61,192.08,194.05,0.0,0.0,0.0
2024-12-29 04:00:00+00:00,True,194.05,196.99,193.73,194.67,0.0,0.0,0.0
2024-12-29 08:00:00+00:00,True,194.67,196.97,194.59,195.97,0.0,0.0,0.0
2024-12-29 12:00:00+00:00,True,195.95,197.37,192.22,192.37,0.0,0.0,0.0
2024-12-29 16:00:00+00:00,True,192.37,193.31,190.28,192.16,0.0,0.0,0.0
2024-12-29 20:00:00+00:00,True,192.15,192.61,188.19,191.61,0.0,0.0,0.0
2024-12-30 00:00:00+00:00,True,191.63,194.02,189.18,189.67,0.0,0.0,0.0
2024-12-30 04:00:00+00:00,True,189.67,193.74,189.39,193.25,0.0,0.0,0.0
2024-12-30 08:00:00+00:00,True,193.21,194.52,191.15,193.21,0.0,0.0,0.0
2024-12-30 12:00:00+00:00,True,193.18,193.19,185.54,187.0,0.0,0.0,0.0
2024-12-30 16:00:00+00:00,True,186.99,196.22,186.65,194.39,0.0,0.0,0.0
2024-12-30 20:00:00+00:00,True,194.39,194.39,188.82,189.78,0.0,0.0,0.0
2024-12-31 00:00:00+00:00,True,189.75,190.42,188.0,189.0,0.0,0.0,0.0
2024-12-31 04:00:00+00:00,True,188.99,193.39,187.72,191.46,0.0,0.0,0.0
2024-12-31 08:00:00+00:00,True,191.45,194.63,191.32,193.1,0.0,0.0,0.0
2024-12-31 12:00:00+00:00,True,193.11,198.87,193.11,198.12,0.0,0.0,0.0
2024-12-31 16:00:00+00:00,True,198.13,198.89,192.9,193.73,0.0,0.0,0.0
2024-12-31 20:00:00+00:00,True,193.73,193.82,188.03,191.69,0.0,0.0,0.0
2025-01-01 00:00:00+00:00,True,191.67,191.67,188.9,189.2,0.0,0.0,0.0
2025-01-01 04:00:00+00:00,True,189.19,190.42,188.92,189.38,0.0,0.0,0.0
2025-01-01 08:00:00+00:00,True,189.37,191.46,187.6,190.84,0.0,0.0,0.0
2025-01-01 12:00:00+00:00,True,190.83,191.83,188.76,189.57,0.0,0.0,0.0
2025-01-01 16:00:00+00:00,True,189.58,194.23,188.8,194.15,0.0,0.0,0.0
2025-01-01 20:00:00+00:00,True,194.14,197.14,193.04,197.0,0.0,0.0,0.0
2025-01-02 00:00:00+00:00,True,197.02,204.44,195.67,203.49,0.0,0.0,0.0
2025-01-02 04:00:00+00:00,True,203.47,206.77,202.97,206.33,0.0,0.0,0.0
2025-01-02 08:00:00+00:00,True,206.33,209.27,206.01,208.0,0.0,0.0,0.0
2025-01-02 12:00:00+00:00,True,208.0,210.23,205.25,207.62,0.0,0.0,0.0
2025-01-02 16:00:00+00:00,True,207.62,208.01,204.54,206.52,0.0,0.0,0.0
2025-01-02 20:00:00+00:00,True,206.52,208.39,205.02,206.41,0.0,0.0,0.0
2025-01-03 00:00:00+00:00,True,206.41,208.11,205.43,207.06,0.0,0.0,0.0
2025-01-03 04:00:00+00:00,True,207.06,209.78,206.93,209.37,0.0,0.0,0.0
2025-01-03 08:00:00+00:00,True,209.37,214.94,209.22,213.3,0.0,0.0,0.0
2025-01-03 12:00:00+00:00,True,213.29,219.69,211.92,217.63,0.0,0.0,0.0
2025-01-03 16:00:00+00:00,True,217.63,218.53,215.67,216.28,0.0,0.0,0.0
2025-01-03 20:00:00+00:00,True,216.29,217.93,215.96,216.74,0.0,0.0,0.0
2025-01-04 00:00:00+00:00,True,216.73,218.0,215.51,216.57,0.0,0.0,0.0
2025-01-04 04:00:00+00:00,True,216.56,217.92,215.2,216.09,0.0,0.0,0.0
2025-01-04 08:00:00+00:00,True,216.1,217.11,214.34,216.83,0.0,0.0,0.0
2025-01-04 12:00:00+00:00,True,216.83,217.59,213.52,214.21,0.0,0.0,0.0
2025-01-04 16:00:00+00:00,True,214.23,216.75,214.13,216.23,0.0,0.0,0.0
2025-01-04 20:00:00+00:00,True,216.2,217.88,215.65,216.9,0.0,0.0,0.0
2025-01-05 00:00:00+00:00,True,216.9,219.0,215.23,217.52,0.0,0.0,0.0
2025-01-05 04:00:00+00:00,True,217.55,217.64,214.72,214.74,0.0,0.0,0.0
2025-01-05 08:00:00+00:00,True,214.75,214.97,212.73,213.55,0.0,0.0,0.0
2025-01-05 12:00:00+00:00,True,213.55,214.56,211.55,212.44,0.0,0.0,0.0
2025-01-05 16:00:00+00:00,True,212.45,213.9,211.47,212.96,0.0,0.0,0.0
2025-01-05 20:00:00+00:00,True,212.95,214.53,212.0,212.12,0.0,0.0,0.0
2025-01-06 00:00:00+00:00,True,212.15,216.92,211.5,215.48,0.0,0.0,0.0
2025-01-06 04:00:00+00:00,True,215.48,216.81,213.38,214.05,0.0,0.0,0.0
2025-01-06 08:00:00+00:00,True,214.04,217.74,213.18,216.94,0.0,0.0,0.0
2025-01-06 12:00:00+00:00,True,216.93,223.18,215.74,220.14,0.0,0.0,0.0
2025-01-06 16:00:00+00:00,True,220.14,220.6,217.38,218.69,0.0,0.0,0.0
2025-01-06 20:00:00+00:00,True,218.68,219.23,216.91,217.15,0.0,0.0,0.0
2025-01-07 00:00:00+00:00,True,217.12,218.79,215.67,216.2,0.0,0.0,0.0
2025-01-07 04:00:00+00:00,True,216.19,216.8,215.38,216.51,0.0,0.0,0.0
2025-01-07 08:00:00+00:00,True,216.51,216.52,212.75,213.61,0.0,0.0,0.0
2025-01-07 12:00:00+00:00,True,213.55,214.35,205.31,207.63,0.0,0.0,0.0
2025-01-07 16:00:00+00:00,True,207.64,207.94,202.54,204.51,0.0,0.0,0.0
2025-01-07 20:00:00+00:00,True,204.51,204.7,201.21,201.34,0.0,0.0,0.0
2025-01-08 00:00:00+00:00,False,201.34,201.82,196.39,196.93,0.0,0.0,0.0
2025-01-08 04:00:00+00:00,False,196.93,197.85,193.12,197.46,0.0,0.0,0.0
2025-01-08 08:00:00+00:00,False,197.45,197.94,194.36,197.16,0.0,0.0,0.0
2025-01-08 12:00:00+00:00,False,197.15,199.53,193.88,194.09,0.0,0.0,0.0
2025-01-08 16:00:00+00:00,False,194.12,196.82,188.25,195.79,0.0,0.0,0.0
2025-01-08 20:00:00+00:00,False,195.79,198.26,193.85,197.91,0.0,0.0,0.0
2025-01-09 00:00:00+00:00,False,197.9,199.0,193.57,194.91,0.0,0.0,0.0
2025-01-09 04:00:00+00:00,False,194.91,195.45,189.02,191.14,0.0,0.0,0.0
2025-01-09 08:00:00+00:00,False,191.14,192.7,189.23,189.53,0.0,0.0,0.0
2025-01-09 12:00:00+00:00,False,189.54,193.04,185.0,191.62,0.0,0.0,0.0
2025-01-09 16:00:00+00:00,False,191.64,192.0,182.01,185.88,0.0,0.0,0.0
2025-01-09 20:00:00+00:00,False,185.88,187.56,183.2,186.95,0.0,0.0,0.0
2025-01-10 00:00:00+00:00,False,186.94,189.98,185.75,189.06,0.0,0.0,0.0
2025-01-10 04:00:00+00:00,False,189.04,193.01,188.37,191.5,0.0,0.0,0.0
2025-01-10 08:00:00+00:00,False,191.47,192.88,190.53,191.61,0.0,0.0,0.0
2025-01-10 12:00:00+00:00,False,191.61,192.02,183.49,184.63,0.0,0.0,0.0
2025-01-10 16:00:00+00:00,False,184.63,192.08,183.76,187.77,0.0,0.0,0.0
2025-01-10 20:00:00+00:00,False,187.77,188.79,186.53,188.13,0.0,0.0,0.0
2025-01-11 00:00:00+00:00,False,188.13,188.23,185.05,185.76,0.0,0.0,0.0
2025-01-11 04:00:00+00:00,False,185.75,187.1,185.02,185.67,0.0,0.0,0.0
2025-01-11 08:00:00+00:00,False,185.67,187.46,184.0,187.22,0.0,0.0,0.0
2025-01-11 12:00:00+00:00,False,187.21,188.14,185.8,186.67,0.0,0.0,0.0
2025-01-11 16:00:00+00:00,False,186.65,190.68,185.57,190.55,0.0,0.0,0.0
2025-01-11 20:00:00+00:00,False,190.57,191.79,186.92,187.03,0.0,0.0,0.0
2025-01-12 00:00:00+00:00,False,187.04,188.5,186.45,186.92,0.0,0.0,0.0
2025-01-12 04:00:00+00:00,False,186.92,187.15,185.5,186.13,0.0,0.0,0.0
2025-01-12 08:00:00+00:00,False,186.13,187.45,185.07,186.65,0.0,0.0,0.0
2025-01-12 12:00:00+00:00,False,186.65,190.91,186.64,189.72,0.0,0.0,0.0
2025-01-12 16:00:00+00:00,False,189.7,190.44,188.56,188.71,0.0,0.0,0.0
2025-01-12 20:00:00+00:00,False,188.72,191.85,186.48,190.14,0.0,0.0,0.0
2025-01-13 00:00:00+00:00,False,190.14,190.31,184.02,184.91,0.0,0.0,0.0
2025-01-13 04:00:00+00:00,False,184.86,185.11,180.0,180.12,0.0,0.0,0.0
2025-01-13 08:00:00+00:00,False,180.18,180.7,174.03,174.81,0.0,0.0,0.0
2025-01-13 12:00:00+00:00,False,174.83,180.31,169.22,176.29,0.0,0.0,0.0
2025-01-13 16:00:00+00:00,False,176.29,182.37,174.34,181.24,0.0,0.0,0.0
2025-01-13 20:00:00+00:00,False,181.23,183.71,180.24,183.13,0.0,0.0,0.0
2025-01-14 00:00:00+00:00,False,183.14,186.05,181.94,185.99,0.0,0.0,0.0
2025-01-14 04:00:00+00:00,False,185.98,187.43,184.69,186.5,0.0,0.0,0.0
2025-01-14 08:00:00+00:00,False,186.47,190.0,185.65,186.39,0.0,0.0,0.0
2025-01-14 12:00:00+00:00,False,186.38,190.05,185.51,186.02,0.0,0.0,0.0
2025-01-14 16:00:00+00:00,False,186.04,187.81,185.67,187.22,0.0,0.0,0.0
2025-01-14 20:00:00+00:00,False,187.21,188.76,186.61,187.48,0.0,0.0,0.0
2025-01-15 00:00:00+00:00,False,187.52,189.95,186.85,189.32,0.0,0.0,0.0
2025-01-15 04:00:00+00:00,False,189.31,190.74,188.28,188.87,0.0,0.0,0.0
2025-01-15 08:00:00+00:00,True,188.84,189.47,185.76,186.97,0.0,0.0,0.0
2025-01-15 12:00:00+00:00,True,186.97,198.79,186.63,198.1,0.0,0.0,0.0
2025-01-15 16:00:00+00:00,True,198.1,204.84,197.65,202.65,0.0,0.0,0.0
2025-01-15 20:00:00+00:00,True,202.66,206.31,202.42,204.93,0.0,0.0,0.0
2025-01-16 00:00:00+00:00,True,204.95,205.17,201.21,201.81,0.0,0.0,0.0
2025-01-16 04:00:00+00:00,True,201.82,203.44,198.83,198.95,0.0,0.0,0.0
2025-01-16 08:00:00+00:00,True,198.96,217.07,198.43,214.29,0.0,0.0,0.0
2025-01-16 12:00:00+00:00,True,214.29,214.8,205.2,213.73,0.0,0.0,0.0
2025-01-16 16:00:00+00:00,True,213.71,215.42,211.24,212.46,0.0,0.0,0.0
2025-01-16 20:00:00+00:00,True,212.44,213.25,208.5,211.01,0.0,0.0,0.0
2025-01-17 00:00:00+00:00,True,211.0,215.25,210.76,212.46,0.0,0.0,0.0
2025-01-17 04:00:00+00:00,True,212.46,216.49,211.71,215.75,0.0,0.0,0.0
2025-01-17 08:00:00+00:00,True,215.74,221.36,214.61,220.92,0.0,0.0,0.0
2025-01-17 12:00:00+00:00,True,220.89,222.0,216.46,221.17,0.0,0.0,0.0
2025-01-17 16:00:00+00:00,True,221.17,221.28,215.72,219.61,0.0,0.0,0.0
2025-01-17 20:00:00+00:00,True,219.6,221.23,216.89,219.39,0.0,0.0,0.0
2025-01-18 00:00:00+00:00,True,219.39,230.77,217.33,230.18,0.0,0.0,0.0
2025-01-18 04:00:00+00:00,True,230.18,241.16,224.6,239.84,0.0,0.0,0.0
2025-01-18 08:00:00+00:00,True,239.83,244.86,236.02,242.92,0.0,0.0,0.0
2025-01-18 12:00:00+00:00,True,242.92,270.0,239.04,246.41,0.0,0.0,0.0
2025-01-18 16:00:00+00:00,True,246.41,260.91,244.63,248.18,0.0,0.0,0.0
2025-01-18 20:00:00+00:00,True,248.17,264.97,247.5,256.75,0.0,0.0,0.0
2025-01-19 00:00:00+00:00,True,256.7,274.63,251.94,273.75,0.0,0.0,0.0
2025-01-19 04:00:00+00:00,True,273.72,277.71,265.06,274.46,0.0,0.0,0.0
2025-01-19 08:00:00+00:00,True,274.46,295.0,266.16,278.65,0.0,0.0,0.0
2025-01-19 12:00:00+00:00,True,278.65,287.46,263.24,268.5,0.0,0.0,0.0
2025-01-19 16:00:00+00:00,True,268.44,280.43,264.14,271.74,0.0,0.0,0.0
2025-01-19 20:00:00+00:00,True,271.74,280.21,235.07,239.17,0.0,0.0,0.0
2025-01-20 00:00:00+00:00,True,239.19,247.77,229.19,245.42,0.0,0.0,0.0
2025-01-20 04:00:00+00:00,True,245.34,270.12,242.33,269.96,0.0,0.0,0.0
2025-01-20 08:00:00+00:00,True,269.95,273.29,248.98,253.88,0.0,0.0,0.0
2025-01-20 12:00:00+00:00,True,253.83,258.83,246.55,250.3,0.0,0.0,0.0
2025-01-20 16:00:00+00:00,True,250.39,252.77,234.26,246.07,0.0,0.0,0.0
2025-01-20 20:00:00+00:00,True,246.12,250.46,232.32,237.18,0.0,0.0,0.0
2025-01-21 00:00:00+00:00,True,237.19,240.89,231.15,236.52,0.0,0.0,0.0
2025-01-21 04:00:00+00:00,True,236.47,239.57,230.0,238.66,0.0,0.0,0.0
2025-01-21 08:00:00+00:00,True,238.7,242.4,235.53,240.4,0.0,0.0,0.0
2025-01-21 12:00:00+00:00,True,240.39,248.32,235.49,243.89,0.0,0.0,0.0
2025-01-21 16:00:00+00:00,True,243.88,260.24,243.5,254.04,0.0,0.0,0.0
2025-01-21 20:00:00+00:00,True,254.07,255.96,246.47,252.64,0.0,0.0,0.0
2025-01-22 00:00:00+00:00,True,252.65,258.19,250.27,257.6,0.0,0.0,0.0
2025-01-22 04:00:00+00:00,True,257.61,259.71,252.73,254.89,0.0,0.0,0.0
2025-01-22 08:00:00+00:00,True,254.85,260.44,252.21,257.8,0.0,0.0,0.0
2025-01-22 12:00:00+00:00,True,257.8,264.89,254.15,257.38,0.0,0.0,0.0
2025-01-22 16:00:00+00:00,True,257.42,271.96,253.25,267.67,0.0,0.0,0.0
2025-01-22 20:00:00+00:00,True,267.71,268.62,253.91,255.6,0.0,0.0,0.0
2025-01-23 00:00:00+00:00,True,255.61,256.76,244.91,247.25,0.0,0.0,0.0
2025-01-23 04:00:00+00:00,True,247.23,250.54,245.58,247.1,0.0,0.0,0.0
2025-01-23 08:00:00+00:00,True,247.08,248.43,242.28,243.36,0.0,0.0,0.0
2025-01-23 12:00:00+00:00,False,243.34,256.39,241.98,248.86,0.0,0.0,1.0
2025-01-23 16:00:00+00:00,False,248.85,258.42,245.32,249.82,0.0,0.0,1.0
2025-01-23 20:00:00+00:00,False,249.82,256.43,243.7,252.18,0.0,0.0,1.0
2025-01-24 00:00:00+00:00,False,252.23,255.7,247.23,254.88,0.0,0.0,1.0
2025-01-24 04:00:00+00:00,False,254.87,265.0,254.7,263.73,0.0,0.0,1.0
2025-01-24 08:00:00+00:00,False,263.77,267.68,262.55,265.7,0.0,0.0,1.0
2025-01-24 12:00:00+00:00,False,265.68,270.0,260.84,261.98,0.0,0.0,1.0
2025-01-24 16:00:00+00:00,False,261.98,265.58,257.0,258.49,0.0,0.0,1.0
2025-01-24 20:00:00+00:00,False,258.48,261.18,248.01,249.72,0.0,0.0,1.0
2025-01-25 00:00:00+00:00,False,249.7,252.94,249.06,250.45,0.0,0.0,1.0
2025-01-25 04:00:00+00:00,False,250.46,250.58,246.46,248.58,0.0,0.0,1.0
2025-01-25 08:00:00+00:00,False,248.59,250.68,246.25,250.09,0.0,0.0,1.0
2025-01-25 12:00:00+00:00,False,250.1,256.6,249.09,254.91,0.0,0.0,1.0
2025-01-25 16:00:00+00:00,False,254.95,260.76,253.07,258.88,0.0,0.0,1.0
2025-01-25 20:00:00+00:00,False,258.88,259.73,254.91,256.17,0.0,0.0,1.0
2025-01-26 00:00:00+00:00,False,256.14,259.96,253.51,258.86,0.0,0.0,1.0
2025-01-26 04:00:00+00:00,False,258.85,259.91,255.76,256.1,0.0,0.0,1.0
2025-01-26 08:00:00+00:00,False,256.1,257.35,252.81,257.28,0.0,0.0,1.0
2025-01-26 12:00:00+00:00,False,257.27,257.5,253.03,255.35,0.0,0.0,1.0
2025-01-26 16:00:00+00:00,False,255.35,257.5,251.57,251.74,0.0,0.0,1.0
2025-01-26 20:00:00+00:00,False,251.74,252.38,236.25,238.11,0.0,0.0,1.0
2025-01-27 00:00:00+00:00,False,238.04,238.47,230.01,230.59,0.0,0.0,1.0
2025-01-27 04:00:00+00:00,False,230.6,232.71,221.81,225.81,0.0,0.0,1.0
2025-01-27 08:00:00+00:00,False,225.81,231.99,220.82,231.6,0.0,0.0,1.0
2025-01-27 12:00:00+00:00,False,231.56,237.75,227.37,230.16,0.0,0.0,1.0
2025-01-27 16:00:00+00:00,False,230.15,236.24,223.84,235.38,0.0,0.0,1.0
2025-01-27 20:00:00+00:00,False,235.38,237.83,232.6,235.31,0.0,0.0,1.0
2025-01-28 00:00:00+00:00,False,235.32,242.18,232.8,240.49,0.0,0.0,1.0
2025-01-28 04:00:00+00:00,False,240.48,243.95,236.84,238.09,0.0,0.0,1.0
2025-01-28 08:00:00+00:00,False,238.09,239.88,235.45,237.07,0.0,0.0,1.0
2025-01-28 12:00:00+00:00,False,237.06,240.1,232.1,235.22,0.0,0.0,1.0
2025-01-28 16:00:00+00:00,False,235.26,237.18,227.2,228.32,0.0,0.0,1.0
2025-01-28 20:00:00+00:00,False,228.32,229.71,224.93,229.21,0.0,0.0,1.0
2025-01-29 00:00:00+00:00,False,229.2,231.92,228.15,230.68,0.0,0.0,1.0
2025-01-29 04:00:00+00:00,False,230.68,235.78,229.73,233.11,0.0,0.0,1.0
2025-01-29 08:00:00+00:00,False,233.12,233.44,227.79,227.9,0.0,0.0,1.0
2025-01-29 12:00:00+00:00,False,227.89,229.73,226.01,227.43,0.0,0.0,1.0
2025-01-29 16:00:00+00:00,False,227.43,238.44,222.57,233.65,0.0,0.0,1.0
2025-01-29 20:00:00+00:00,False,233.66,238.08,226.79,231.78,0.0,0.0,1.0
2025-01-30 00:00:00+00:00,False,231.78,241.72,230.96,240.93,0.0,0.0,1.0
2025-01-30 04:00:00+00:00,False,240.93,242.0,237.21,239.84,0.0,0.0,1.0
2025-01-30 08:00:00+00:00,False,239.86,241.94,239.24,239.47,0.0,0.0,1.0
2025-01-30 12:00:00+00:00,False,239.47,244.7,239.07,242.63,0.0,0.0,1.0
2025-01-30 16:00:00+00:00,False,242.63,242.85,238.47,239.14,0.0,0.0,1.0
2025-01-30 20:00:00+00:00,False,239.16,242.25,236.61,238.83,0.0,0.0,1.0
2025-01-31 00:00:00+00:00,False,238.84,238.99,235.0,236.12,0.0,0.0,1.0
2025-01-31 04:00:00+00:00,False,236.12,238.37,234.72,235.61,0.0,0.0,1.0
2025-01-31 08:00:00+00:00,False,235.62,241.47,234.23,241.31,0.0,0.0,1.0
2025-01-31 12:00:00+00:00,False,241.31,241.82,236.07,238.18,0.0,0.0,1.0
2025-01-31 16:00:00+00:00,False,238.19,238.45,228.5,229.97,0.0,0.0,1.0
2025-01-31 20:00:00+00:00,False,229.99,233.14,228.08,232.74,0.0,0.0,1.0
2025-02-01 00:00:00+00:00,False,232.74,234.12,230.58,231.76,0.0,0.0,1.0
2025-02-01 04:00:00+00:00,False,231.78,233.06,228.62,229.23,0.0,0.0,1.0
2025-02-01 08:00:00+00:00,False,229.22,229.41,226.27,228.65,0.0,0.0,1.0
2025-02-01 12:00:00+00:00,False,228.66,229.42,224.72,225.55,0.0,0.0,1.0
2025-02-01 16:00:00+00:00,False,225.55,227.59,216.64,218.78,0.0,0.0,1.0
2025-02-01 20:00:00+00:00,False,218.77,219.52,212.44,217.39,0.0,0.0,1.0
2025-02-02 00:00:00+00:00,False,217.42,218.82,206.31,209.88,0.0,0.0,1.0
2025-02-02 04:00:00+00:00,False,209.84,215.69,208.9,214.63,0.0,0.0,1.0
2025-02-02 08:00:00+00:00,False,214.63,214.69,207.65,209.85,0.0,0.0,1.0
2025-02-02 12:00:00+00:00,False,209.78,214.18,205.82,206.54,0.0,0.0,1.0
2025-02-02 16:00:00+00:00,False,206.54,208.69,194.79,203.12,0.0,0.0,1.0
2025-02-02 20:00:00+00:00,False,203.11,206.11,192.2,198.28,0.0,0.0,1.0
2025-02-03 00:00:00+00:00,False,198.41,200.0,176.0,190.55,0.0,0.0,1.0
2025-02-03 04:00:00+00:00,False,190.56,199.86,190.45,198.74,0.0,0.0,1.0
2025-02-03 08:00:00+00:00,False,198.71,202.31,194.0,195.65,0.0,0.0,1.0
2025-02-03 12:00:00+00:00,False,195.65,210.35,190.01,207.38,0.0,0.0,1.0
2025-02-03 16:00:00+00:00,False,207.41,215.66,205.51,211.72,0.0,0.0,1.0
2025-02-03 20:00:00+00:00,False,211.72,218.97,210.09,215.71,0.0,0.0,1.0
2025-02-04 00:00:00+00:00,False,215.71,220.14,211.63,211.93,0.0,0.0,1.0
2025-02-04 04:00:00+00:00,False,211.88,212.0,202.08,204.92,0.0,0.0,1.0
2025-02-04 08:00:00+00:00,False,204.89,212.83,204.34,212.45,0.0,0.0,1.0
2025-02-04 12:00:00+00:00,False,212.42,218.04,209.57,214.37,0.0,0.0,1.0
2025-02-04 16:00:00+00:00,False,214.37,218.59,203.74,205.43,0.0,0.0,1.0
2025-02-04 20:00:00+00:00,False,205.36,209.06,202.53,208.89,0.0,0.0,1.0
2025-02-05 00:00:00+00:00,False,208.89,209.47,204.73,204.82,0.0,0.0,1.0
2025-02-05 04:00:00+00:00,False,204.82,208.38,203.56,206.16,0.0,0.0,1.0
2025-02-05 08:00:00+00:00,False,206.12,207.27,203.01,205.39,0.0,0.0,1.0
2025-02-05 12:00:00+00:00,False,205.4,207.69,197.86,200.88,0.0,0.0,1.0
2025-02-05 16:00:00+00:00,False,200.86,201.54,196.39,198.77,0.0,0.0,1.0
2025-02-05 20:00:00+00:00,False,198.77,200.13,195.15,197.0,0.0,0.0,1.0
2025-02-06 00:00:00+00:00,False,196.97,202.11,196.72,201.32,0.0,0.0,1.0
2025-02-06 04:00:00+00:00,False,201.31,204.0,200.73,201.48,0.0,0.0,1.0
2025-02-06 08:00:00+00:00,False,201.48,203.03,197.87,198.56,0.0,0.0,1.0
2025-02-06 12:00:00+00:00,False,198.55,200.7,188.75,190.57,0.0,0.0,1.0
2025-02-06 16:00:00+00:00,False,190.55,193.23,188.43,192.83,0.0,0.0,1.0
2025-02-06 20:00:00+00:00,False,192.83,194.72,187.5,190.41,0.0,0.0,1.0
2025-02-07 00:00:00+00:00,False,190.43,195.88,189.92,194.56,0.0,0.0,1.0
2025-02-07 04:00:00+00:00,False,194.57,195.22,189.19,194.45,0.0,0.0,1.0
2025-02-07 08:00:00+00:00,False,194.46,200.0,194.39,198.01,0.0,0.0,1.0
2025-02-07 12:00:00+00:00,False,198.01,203.62,195.92,196.63,0.0,0.0,1.0
2025-02-07 16:00:00+00:00,False,196.63,199.28,189.32,190.71,0.0,0.0,1.0
2025-02-07 20:00:00+00:00,False,190.71,194.17,188.15,193.22,0.0,0.0,1.0
2025-02-08 00:00:00+00:00,False,193.22,194.29,190.86,191.01,0.0,0.0,1.0
2025-02-08 04:00:00+00:00,False,191.0,193.56,189.76,192.32,0.0,0.0,1.0
2025-02-08 08:00:00+00:00,False,192.33,194.93,191.98,194.29,0.0,0.0,1.0
2025-02-08 12:00:00+00:00,False,194.29,196.42,192.72,196.08,0.0,0.0,1.0
2025-02-08 16:00:00+00:00,False,196.07,198.43,195.08,197.84,0.0,0.0,1.0
2025-02-08 20:00:00+00:00,False,197.86,200.97,197.36,200.14,0.0,0.0,1.0
2025-02-09 00:00:00+00:00,False,200.14,207.11,200.03,206.0,0.0,0.0,1.0
2025-02-09 04:00:00+00:00,True,205.97,207.43,202.08,202.22,0.0,1.0,1.0
2025-02-09 08:00:00+00:00,True,202.23,202.97,200.43,201.39,0.0,1.0,1.0
2025-02-09 12:00:00+00:00,True,201.36,202.45,196.55,202.27,0.0,1.0,1.0
2025-02-09 16:00:00+00:00,True,202.26,202.32,197.87,199.52,0.0,1.0,1.0
2025-02-09 20:00:00+00:00,True,199.52,205.1,193.55,203.2,0.0,1.0,1.0
2025-02-10 00:00:00+00:00,True,203.23,204.5,195.95,200.79,0.0,1.0,1.0
2025-02-10 04:00:00+00:00,True,200.79,206.0,199.97,205.53,0.0,1.0,1.0
2025-02-10 08:00:00+00:00,True,205.51,205.78,202.54,203.05,0.0,1.0,1.0
2025-02-10 12:00:00+00:00,True,203.05,209.2,201.57,203.16,0.0,1.0,1.0
2025-02-10 16:00:00+00:00,True,203.16,204.15,200.65,201.0,0.0,1.0,1.0
2025-02-10 20:00:00+00:00,True,201.0,202.95,199.24,202.85,0.0,1.0,1.0
2025-02-11 00:00:00+00:00,True,202.85,204.72,200.47,204.26,0.0,1.0,1.0
2025-02-11 04:00:00+00:00,True,204.26,206.22,203.44,204.91,0.0,1.0,1.0
2025-02-11 08:00:00+00:00,True,204.91,205.09,201.3,202.56,0.0,1.0,1.0
2025-02-11 12:00:00+00:00,True,202.56,202.7,197.55,197.72,0.0,1.0,1.0
2025-02-11 16:00:00+00:00,True,197.71,199.03,195.06,196.78,0.0,1.0,1.0
2025-02-11 20:00:00+00:00,True,196.78,199.44,196.2,198.13,0.0,1.0,1.0
2025-02-12 00:00:00+00:00,True,198.15,198.18,193.25,195.0,0.0,1.0,1.0
2025-02-12 04:00:00+00:00,True,195.01,196.7,193.04,195.97,0.0,1.0,1.0
2025-02-12 08:00:00+00:00,True,195.97,198.11,195.14,196.62,0.0,1.0,1.0
2025-02-12 12:00:00+00:00,True,196.62,198.58,188.42,195.26,0.0,1.0,1.0
2025-02-12 16:00:00+00:00,True,195.26,196.67,191.25,194.09,0.0,1.0,1.0
2025-02-12 20:00:00+00:00,True,194.08,198.47,194.02,195.75,0.0,1.0,1.0
2025-02-13 00:00:00+00:00,True,195.75,198.49,194.8,195.09,0.0,1.0,1.0
2025-02-13 04:00:00+00:00,True,195.09,196.37,191.9,193.0,0.0,1.0,1.0
2025-02-13 08:00:00+00:00,True,192.98,193.54,190.42,190.81,0.0,1.0,1.0
2025-02-13 12:00:00+00:00,True,190.78,193.15,188.93,191.19,0.0,1.0,1.0
2025-02-13 16:00:00+00:00,True,191.2,195.28,190.69,194.81,0.0,1.0,1.0
2025-02-13 20:00:00+00:00,True,194.81,196.22,193.79,195.9,0.0,1.0,1.0
2025-02-14 00:00:00+00:00,True,195.9,197.45,194.86,195.34,0.0,1.0,1.0
2025-02-14 04:00:00+00:00,True,195.32,198.18,194.78,197.86,0.0,1.0,1.0
2025-02-14 08:00:00+00:00,True,197.85,201.43,196.51,196.88,0.0,1.0,1.0
2025-02-14 12:00:00+00:00,True,196.86,202.1,196.45,201.26,0.0,1.0,1.0
2025-02-14 16:00:00+00:00,True,201.26,205.37,200.8,201.51,0.0,1.0,1.0
2025-02-14 20:00:00+00:00,True,201.51,201.74,196.8,198.2,0.0,1.0,1.0
2025-02-15 00:00:00+00:00,True,198.2,200.32,197.2,197.63,0.0,1.0,1.0
2025-02-15 04:00:00+00:00,True,197.63,197.98,195.26,196.48,0.0,1.0,1.0
2025-02-15 08:00:00+00:00,True,196.48,196.79,194.0,195.9,0.0,1.0,1.0
2025-02-15 12:00:00+00:00,True,195.91,195.93,193.35,194.7,0.0,1.0,1.0
2025-02-15 16:00:00+00:00,True,194.74,195.27,192.64,193.62,0.0,1.0,1.0
2025-02-15 20:00:00+00:00,True,193.62,195.51,193.54,194.87,0.0,1.0,1.0
2025-02-16 00:00:00+00:00,True,194.87,195.13,193.06,194.4,0.0,1.0,1.0
2025-02-16 04:00:00+00:00,True,194.4,196.25,192.32,193.03,0.0,1.0,1.0
2025-02-16 08:00:00+00:00,True,193.03,194.0,192.25,192.49,0.0,1.0,1.0
2025-02-16 12:00:00+00:00,True,192.5,192.85,189.28,190.43,0.0,1.0,1.0
2025-02-16 16:00:00+00:00,True,190.43,191.14,187.64,188.31,0.0,1.0,1.0
2025-02-16 20:00:00+00:00,True,188.32,189.65,186.01,188.82,0.0,1.0,1.0
2025-02-17 00:00:00+00:00,False,188.79,189.73,181.48,181.82,0.0,1.0,0.0
2025-02-17 04:00:00+00:00,False,181.82,184.96,180.8,184.08,0.0,1.0,0.0
2025-02-17 08:00:00+00:00,False,184.07,186.87,182.97,185.52,0.0,1.0,0.0
2025-02-17 12:00:00+00:00,False,185.53,186.93,177.91,178.13,0.0,1.0,0.0
2025-02-17 16:00:00+00:00,False,178.13,179.49,174.71,178.94,0.0,1.0,0.0
2025-02-17 20:00:00+00:00,False,178.92,181.32,175.41,176.53,0.0,1.0,0.0
2025-02-18 00:00:00+00:00,False,176.52,179.07,175.22,175.23,0.0,1.0,0.0
2025-02-18 04:00:00+00:00,False,175.23,175.55,163.14,164.02,0.0,1.0,0.0
2025-02-18 08:00:00+00:00,False,163.96,171.46,163.59,170.08,0.0,1.0,0.0
2025-02-18 12:00:00+00:00,False,170.08,170.86,162.29,162.85,0.0,1.0,0.0
2025-02-18 16:00:00+00:00,False,162.86,166.69,160.78,166.36,0.0,1.0,0.0
2025-02-18 20:00:00+00:00,False,166.36,170.78,165.52,168.25,0.0,1.0,0.0
2025-02-19 00:00:00+00:00,False,168.25,169.92,163.67,164.28,0.0,1.0,0.0
2025-02-19 04:00:00+00:00,False,164.28,170.25,164.22,168.89,0.0,1.0,0.0
2025-02-19 08:00:00+00:00,False,168.88,174.26,168.78,172.25,0.0,1.0,0.0
2025-02-19 12:00:00+00:00,False,172.25,173.36,168.15,173.22,0.0,1.0,0.0
2025-02-19 16:00:00+00:00,False,173.19,173.4,166.54,166.75,0.0,1.0,0.0
2025-02-19 20:00:00+00:00,False,166.74,170.68,166.36,170.05,0.0,1.0,0.0
2025-02-20 00:00:00+00:00,False,170.03,174.97,167.94,172.9,0.0,1.0,0.0
2025-02-20 04:00:00+00:00,False,172.89,173.33,170.85,171.82,0.0,1.0,0.0
2025-02-20 08:00:00+00:00,False,171.81,175.12,171.69,172.95,0.0,1.0,0.0
2025-02-20 12:00:00+00:00,False,172.96,176.7,171.24,172.17,0.0,1.0,0.0
2025-02-20 16:00:00+00:00,False,172.16,176.0,172.14,174.54,0.0,1.0,0.0
2025-02-20 20:00:00+00:00,False,174.54,176.58,173.24,174.08,0.0,1.0,0.0
2025-02-21 00:00:00+00:00,False,174.08,175.11,173.01,174.07,0.0,1.0,0.0
2025-02-21 04:00:00+00:00,False,174.08,177.56,174.02,176.39,0.0,1.0,0.0
2025-02-21 08:00:00+00:00,True,176.39,180.25,176.35,179.02,0.0,0.0,0.0
2025-02-21 12:00:00+00:00,True,179.08,180.61,170.0,174.67,0.0,0.0,0.0
2025-02-21 16:00:00+00:00,True,174.71,175.49,168.2,169.76,0.0,0.0,0.0
2025-02-21 20:00:00+00:00,True,169.75,171.02,166.99,170.81,0.0,0.0,0.0
2025-02-22 00:00:00+00:00,True,170.83,172.79,169.71,171.35,0.0,0.0,0.0
2025-02-22 04:00:00+00:00,True,171.36,172.78,170.75,171.54,0.0,0.0,0.0
2025-02-22 08:00:00+00:00,True,171.54,174.41,171.43,174.38,0.0,0.0,0.0
2025-02-22 12:00:00+00:00,True,174.41,174.67,172.32,172.43,0.0,0.0,0.0
2025-02-22 16:00:00+00:00,True,172.4,174.1,171.89,172.6,0.0,0.0,0.0
2025-02-22 20:00:00+00:00,True,172.61,173.7,171.25,171.83,0.0,0.0,0.0
2025-02-23 00:00:00+00:00,True,171.82,171.82,170.0,170.97,0.0,0.0,0.0
2025-02-23 04:00:00+00:00,True,170.96,173.1,170.38,172.08,0.0,0.0,0.0
2025-02-23 08:00:00+00:00,True,172.08,172.13,168.39,169.5,0.0,0.0,0.0
2025-02-23 12:00:00+00:00,True,169.5,169.95,166.61,167.37,0.0,0.0,0.0
2025-02-23 16:00:00+00:00,True,167.38,168.74,167.0,167.45,0.0,0.0,0.0
2025-02-23 20:00:00+00:00,True,167.47,169.65,166.1,166.19,0.0,0.0,0.0
2025-02-24 00:00:00+00:00,True,166.17,166.75,157.2,158.37,0.0,0.0,0.0
2025-02-24 04:00:00+00:00,True,158.38,161.76,157.76,159.24,0.0,0.0,0.0
2025-02-24 08:00:00+00:00,False,159.24,160.39,155.34,158.33,0.0,0.0,0.0
2025-02-24 12:00:00+00:00,False,158.36,160.42,150.61,153.67,0.0,0.0,0.0
2025-02-24 16:00:00+00:00,False,153.68,155.17,147.91,149.83,0.0,0.0,0.0
2025-02-24 20:00:00+00:00,False,149.82,152.41,137.77,139.95,0.0,0.0,0.0
2025-02-25 00:00:00+00:00,False,139.95,142.76,136.05,138.42,0.0,0.0,0.0
2025-02-25 04:00:00+00:00,False,138.43,141.78,133.0,138.17,0.0,0.0,0.0
2025-02-25 08:00:00+00:00,False,138.18,141.78,131.89,139.17,0.0,0.0,0.0
2025-02-25 12:00:00+00:00,False,139.15,144.77,134.4,143.03,0.0,0.0,0.0
2025-02-25 16:00:00+00:00,False,143.03,146.05,140.08,144.67,0.0,0.0,0.0
2025-02-25 20:00:00+00:00,False,144.68,146.95,141.57,142.2,0.0,0.0,0.0
2025-02-26 00:00:00+00:00,False,142.18,144.99,141.45,142.24,0.0,0.0,0.0
2025-02-26 04:00:00+00:00,False,142.23,143.08,138.96,140.49,0.0,0.0,0.0
2025-02-26 08:00:00+00:00,False,140.45,142.08,136.26,136.68,0.0,0.0,0.0
2025-02-26 12:00:00+00:00,False,136.67,140.29,134.5,137.14,0.0,0.0,0.0
2025-02-26 16:00:00+00:00,False,137.14,137.55,130.43,134.63,0.0,0.0,0.0
2025-02-26 20:00:00+00:00,False,134.63,137.66,133.72,135.5,0.0,0.0,0.0
2025-02-27 00:00:00+00:00,False,135.55,139.25,134.86,137.73,0.0,0.0,0.0
2025-02-27 04:00:00+00:00,False,137.73,142.73,137.69,139.89,0.0,0.0,0.0
2025-02-27 08:00:00+00:00,False,139.9,142.33,139.33,140.08,0.0,0.0,0.0
2025-02-27 12:00:00+00:00,False,140.08,141.14,136.16,137.35,0.0,0.0,0.0
2025-02-27 16:00:00+00:00,False,137.34,139.61,134.52,135.65,0.0,0.0,0.0
2025-02-27 20:00:00+00:00,False,135.65,137.99,135.0,136.34,0.0,0.0,0.0
2025-02-28 00:00:00+00:00,False,136.35,136.63,125.36,128.26,0.0,0.0,0.0
2025-02-28 04:00:00+00:00,False,128.27,131.54,125.75,130.94,0.0,0.0,0.0
2025-02-28 08:00:00+00:00,False,130.95,136.1,129.94,136.1,0.0,0.0,0.0
2025-02-28 12:00:00+00:00,False,136.09,147.95,135.71,145.54,0.0,0.0,0.0
2025-02-28 16:00:00+00:00,False,145.53,147.24,143.69,145.81,0.0,0.0,0.0
2025-02-28 20:00:00+00:00,False,145.8,148.61,145.48,146.19,0.0,0.0,0.0
2025-03-01 00:00:00+00:00,True,146.2,151.1,145.22,146.02,0.0,0.0,0.0
2025-03-01 04:00:00+00:00,True,146.01,146.27,142.12,143.42,0.0,0.0,0.0
2025-03-01 08:00:00+00:00,True,143.43,144.19,139.49,141.35,0.0,0.0,0.0
2025-03-01 12:00:00+00:00,True,141.35,141.4,138.49,139.6,0.0,0.0,0.0
2025-03-01 16:00:00+00:00,True,139.58,141.42,138.75,140.5,0.0,0.0,0.0
2025-03-01 20:00:00+00:00,True,140.49,145.53,140.12,145.07,0.0,0.0,0.0
2025-03-02 00:00:00+00:00,True,145.07,145.9,142.75,143.34,0.0,0.0,0.0
2025-03-02 04:00:00+00:00,True,143.34,145.08,142.17,142.54,0.0,0.0,0.0
2025-03-02 08:00:00+00:00,True,142.52,144.79,142.09,142.36,0.0,0.0,0.0
2025-03-02 12:00:00+00:00,True,142.38,180.0,139.98,169.07,0.0,0.0,0.0
2025-03-02 16:00:00+00:00,True,169.07,176.61,165.19,175.25,0.0,0.0,0.0
2025-03-02 20:00:00+00:00,True,175.24,179.45,174.04,174.84,0.0,0.0,0.0
2025-03-03 00:00:00+00:00,True,174.83,176.33,168.05,169.52,0.0,0.0,0.0
2025-03-03 04:00:00+00:00,True,169.51,170.33,157.27,159.02,0.0,0.0,0.0
2025-03-03 08:00:00+00:00,True,159.11,164.41,156.74,164.38,0.0,0.0,0.0
2025-03-03 12:00:00+00:00,True,164.36,167.09,154.04,157.48,0.0,0.0,0.0
2025-03-03 16:00:00+00:00,True,157.48,159.53,140.0,143.63,0.0,0.0,0.0
2025-03-03 20:00:00+00:00,True,143.61,144.97,139.01,140.75,0.0,0.0,0.0
2025-03-04 00:00:00+00:00,True,140.76,141.92,132.34,137.59,0.0,0.0,0.0
2025-03-04 04:00:00+00:00,True,137.59,139.49,135.5,137.09,0.0,0.0,0.0
2025-03-04 08:00:00+00:00,True,137.11,138.46,134.56,135.74,0.0,0.0,0.0
2025-03-04 12:00:00+00:00,True,135.72,143.19,130.66,137.46,0.0,0.0,0.0
2025-03-04 16:00:00+00:00,True,137.41,144.74,136.83,142.13,0.0,0.0,0.0
2025-03-04 20:00:00+00:00,True,142.17,146.92,142.1,142.13,0.0,0.0,0.0
2025-03-05 00:00:00+00:00,True,142.13,145.47,140.77,142.07,0.0,0.0,0.0
2025-03-05 04:00:00+00:00,True,142.07,144.66,140.89,143.95,0.0,0.0,0.0
2025-03-05 08:00:00+00:00,True,143.95,149.72,143.76,146.92,0.0,0.0,0.0
2025-03-05 12:00:00+00:00,True,146.92,146.92,140.18,142.08,0.0,0.0,0.0
2025-03-05 16:00:00+00:00,True,142.09,146.41,141.79,145.16,0.0,0.0,0.0
2025-03-05 20:00:00+00:00,True,145.16,147.09,143.93,145.15,0.0,0.0,0.0
2025-03-06 00:00:00+00:00,True,145.13,150.64,144.84,149.59,0.0,0.0,0.0
2025-03-06 04:00:00+00:00,True,149.56,151.91,148.33,150.02,0.0,0.0,0.0
2025-03-06 08:00:00+00:00,True,149.99,152.9,148.32,148.67,0.0,0.0,0.0
2025-03-06 12:00:00+00:00,True,148.61,150.18,143.33,143.62,0.0,0.0,0.0
2025-03-06 16:00:00+00:00,True,143.59,144.95,142.42,144.25,0.0,0.0,0.0
2025-03-06 20:00:00+00:00,True,144.26,145.88,135.02,136.78,0.0,0.0,0.0
2025-03-07 00:00:00+00:00,True,136.75,142.12,136.73,141.11,0.0,0.0,0.0
2025-03-07 04:00:00+00:00,True,141.14,144.67,141.13,144.29,0.0,0.0,0.0
2025-03-07 08:00:00+00:00,True,144.29,146.2,141.73,142.77,0.0,0.0,0.0
2025-03-07 12:00:00+00:00,True,142.76,148.11,141.51,142.35,0.0,0.0,0.0
2025-03-07 16:00:00+00:00,True,142.35,150.82,141.22,144.24,0.0,0.0,0.0
2025-03-07 20:00:00+00:00,True,144.24,144.53,137.4,140.82,0.0,0.0,0.0
2025-03-08 00:00:00+00:00,True,140.82,141.0,137.72,140.45,0.0,0.0,0.0
2025-03-08 04:00:00+00:00,True,140.44,140.47,137.59,138.37,0.0,0.0,0.0
2025-03-08 08:00:00+00:00,True,138.36,139.17,136.63,137.73,0.0,0.0,0.0
2025-03-08 12:00:00+00:00,True,137.76,138.69,135.39,135.57,0.0,0.0,0.0
2025-03-08 16:00:00+00:00,True,135.57,138.83,135.22,137.79,0.0,0.0,0.0
2025-03-08 20:00:00+00:00,True,137.76,138.5,136.32,138.22,0.0,0.0,0.0
2025-03-09 00:00:00+00:00,True,138.22,138.65,136.78,138.51,0.0,0.0,0.0
2025-03-09 04:00:00+00:00,True,138.51,139.82,137.67,139.28,0.0,0.0,0.0
2025-03-09 08:00:00+00:00,True,139.28,139.73,135.62,136.03,0.0,0.0,0.0
2025-03-09 12:00:00+00:00,False,136.05,136.39,129.67,129.76,0.0,0.0,0.0
2025-03-09 16:00:00+00:00,False,129.78,131.51,125.8,129.12,0.0,0.0,0.0
2025-03-09 20:00:00+00:00,False,129.11,130.56,124.7,127.46,0.0,0.0,0.0
2025-03-10 00:00:00+00:00,False,127.46,129.15,124.12,127.21,0.0,0.0,0.0
2025-03-10 04:00:00+00:00,False,127.19,129.18,126.71,127.73,0.0,0.0,0.0
2025-03-10 08:00:00+00:00,False,127.74,131.52,125.93,130.79,0.0,0.0,0.0
2025-03-10 12:00:00+00:00,False,130.79,130.89,120.15,121.75,0.0,0.0,0.0
2025-03-10 16:00:00+00:00,False,121.74,121.82,115.4,119.8,0.0,0.0,0.0
2025-03-10 20:00:00+00:00,False,119.83,120.16,117.45,119.49,0.0,0.0,0.0
2025-03-11 00:00:00+00:00,False,119.48,121.83,112.0,120.39,0.0,0.0,0.0
2025-03-11 04:00:00+00:00,False,120.39,123.97,120.09,123.21,0.0,0.0,0.0
2025-03-11 08:00:00+00:00,False,123.22,125.8,123.01,124.67,0.0,0.0,0.0
2025-03-11 12:00:00+00:00,False,124.68,126.17,118.51,124.99,0.0,0.0,0.0
2025-03-11 16:00:00+00:00,False,124.99,128.41,122.75,127.47,0.0,0.0,0.0
2025-03-11 20:00:00+00:00,False,127.48,127.81,125.06,125.2,0.0,0.0,0.0
2025-03-12 00:00:00+00:00,False,125.21,127.07,122.15,122.26,0.0,0.0,0.0
2025-03-12 04:00:00+00:00,False,122.27,123.75,121.2,123.7,0.0,0.0,0.0
2025-03-12 08:00:00+00:00,False,123.68,127.5,122.85,127.33,0.0,0.0,0.0
2025-03-12 12:00:00+00:00,False,127.33,131.62,123.02,124.5,0.0,0.0,0.0
2025-03-12 16:00:00+00:00,False,124.5,126.28,123.28,124.84,0.0,0.0,0.0
2025-03-12 20:00:00+00:00,False,124.83,127.06,123.94,126.81,0.0,0.0,0.0
2025-03-13 00:00:00+00:00,False,126.79,127.39,124.68,125.18,0.0,0.0,0.0
2025-03-13 04:00:00+00:00,False,125.19,125.27,123.03,124.64,0.0,0.0,0.0
2025-03-13 08:00:00+00:00,False,124.7,128.0,123.64,126.25,0.0,0.0,0.0
2025-03-13 12:00:00+00:00,True,126.25,128.75,123.57,124.21,0.0,0.0,0.0
2025-03-13 16:00:00+00:00,True,124.22,124.22,120.95,121.8,0.0,0.0,0.0
2025-03-13 20:00:00+00:00,True,121.79,124.31,120.69,123.09,0.0,0.0,0.0
2025-03-14 00:00:00+00:00,True,123.11,125.42,123.0,124.45,0.0,0.0,0.0
2025-03-14 04:00:00+00:00,True,124.46,125.57,124.38,125.07,0.0,0.0,0.0
2025-03-14 08:00:00+00:00,True,125.06,126.56,124.96,125.95,0.0,0.0,0.0
2025-03-14 12:00:00+00:00,True,125.97,133.66,125.44,131.83,0.0,0.0,0.0
2025-03-14 16:00:00+00:00,True,131.84,134.71,130.88,133.76,0.0,0.0,0.0
2025-03-14 20:00:00+00:00,True,133.75,136.09,132.36,133.5,0.0,0.0,0.0
2025-03-15 00:00:00+00:00,True,133.48,135.29,132.91,134.74,0.0,0.0,0.0
2025-03-15 04:00:00+00:00,True,134.73,135.38,132.67,132.82,0.0,0.0,0.0
2025-03-15 08:00:00+00:00,True,132.83,133.7,132.45,133.16,0.0,0.0,0.0
2025-03-15 12:00:00+00:00,True,133.16,135.84,133.16,134.8,0.0,0.0,0.0
2025-03-15 16:00:00+00:00,True,134.81,136.55,133.58,134.63,0.0,0.0,0.0
2025-03-15 20:00:00+00:00,True,134.62,136.56,134.51,136.04,0.0,0.0,0.0
2025-03-16 00:00:00+00:00,True,136.05,136.71,134.15,135.48,0.0,0.0,0.0
2025-03-16 04:00:00+00:00,True,135.48,136.24,133.83,134.53,0.0,0.0,0.0
2025-03-16 08:00:00+00:00,True,134.51,134.98,129.64,130.0,0.0,0.0,0.0
2025-03-16 12:00:00+00:00,True,130.02,130.84,127.44,128.86,0.0,0.0,0.0
2025-03-16 16:00:00+00:00,True,128.85,131.24,126.09,126.96,0.0,0.0,0.0
2025-03-16 20:00:00+00:00,True,126.95,127.74,125.17,126.44,0.0,0.0,0.0
2025-03-17 00:00:00+00:00,True,126.43,129.36,126.37,129.27,0.0,0.0,0.0
2025-03-17 04:00:00+00:00,True,129.26,129.49,126.52,128.97,0.0,0.0,0.0
2025-03-17 08:00:00+00:00,True,128.97,130.09,128.41,129.31,0.0,0.0,0.0
2025-03-17 12:00:00+00:00,True,129.35,129.86,125.53,127.46,0.0,0.0,0.0
2025-03-17 16:00:00+00:00,True,127.47,130.65,126.64,129.48,0.0,0.0,0.0
2025-03-17 20:00:00+00:00,True,129.46,129.94,127.59,127.64,0.0,0.0,0.0
2025-03-18 00:00:00+00:00,True,127.68,128.08,123.57,124.6,0.0,0.0,0.0
2025-03-18 04:00:00+00:00,True,124.59,125.57,123.26,125.57,0.0,0.0,0.0
2025-03-18 08:00:00+00:00,True,125.56,125.98,123.18,123.59,0.0,0.0,0.0
2025-03-18 12:00:00+00:00,True,123.58,123.76,121.69,122.84,0.0,0.0,0.0
2025-03-18 16:00:00+00:00,True,122.84,124.49,122.58,124.24,0.0,0.0,0.0
2025-03-18 20:00:00+00:00,True,124.23,125.69,123.47,125.2,0.0,0.0,0.0
2025-03-19 00:00:00+00:00,True,125.21,126.86,124.19,126.24,0.0,0.0,0.0
2025-03-19 04:00:00+00:00,True,126.26,126.57,125.36,125.98,0.0,0.0,0.0
2025-03-19 08:00:00+00:00,True,125.97,129.5,125.78,128.41,0.0,0.0,0.0
2025-03-19 12:00:00+00:00,True,128.41,132.76,126.94,131.73,0.0,0.0,0.0
2025-03-19 16:00:00+00:00,True,131.72,134.35,128.18,133.55,0.0,0.0,0.0
2025-03-19 20:00:00+00:00,True,133.55,136.18,133.02,135.89,0.0,0.0,0.0
2025-03-20 00:00:00+00:00,True,135.89,135.91,132.87,134.0,0.0,0.0,0.0
2025-03-20 04:00:00+00:00,True,134.0,134.97,132.81,133.63,0.0,0.0,0.0
2025-03-20 08:00:00+00:00,True,133.65,134.59,130.26,130.28,0.0,0.0,0.0
2025-03-20 12:00:00+00:00,True,130.28,132.23,128.4,129.14,0.0,0.0,0.0
2025-03-20 16:00:00+00:00,True,129.15,129.17,126.6,127.89,0.0,0.0,0.0
2025-03-20 20:00:00+00:00,True,127.89,128.43,127.14,127.73,0.0,0.0,0.0
2025-03-21 00:00:00+00:00,True,127.72,129.0,127.3,128.19,0.0,0.0,0.0
2025-03-21 04:00:00+00:00,True,128.22,128.73,127.36,128.45,0.0,0.0,0.0
2025-03-21 08:00:00+00:00,True,128.48,129.03,125.69,126.33,0.0,0.0,0.0
2025-03-21 12:00:00+00:00,True,126.32,127.71,125.34,125.6,0.0,0.0,0.0
2025-03-21 16:00:00+00:00,True,125.6,129.63,124.81,127.94,0.0,0.0,0.0
2025-03-21 20:00:00+00:00,True,127.94,130.14,127.52,128.35,0.0,0.0,0.0
2025-03-22 00:00:00+00:00,True,128.36,129.33,127.76,128.78,0.0,0.0,0.0
2025-03-22 04:00:00+00:00,True,128.78,129.7,128.48,128.89,0.0,0.0,0.0
2025-03-22 08:00:00+00:00,True,128.88,131.8,128.72,130.14,0.0,0.0,0.0
2025-03-22 12:00:00+00:00,True,130.16,130.51,128.62,128.96,0.0,0.0,0.0
2025-03-22 16:00:00+00:00,True,128.95,130.27,128.9,129.71,0.0,0.0,0.0
2025-03-22 20:00:00+00:00,True,129.71,129.95,128.07,128.4,0.0,0.0,0.0
2025-03-23 00:00:00+00:00,True,128.42,130.92,128.2,130.66,0.0,0.0,0.0
2025-03-23 04:00:00+00:00,True,130.65,131.49,129.71,131.27,0.0,0.0,0.0
2025-03-23 08:00:00+00:00,True,131.28,134.05,130.93,133.5,0.0,0.0,0.0
2025-03-23 12:00:00+00:00,True,133.51,133.8,132.16,132.26,0.0,0.0,0.0
2025-03-23 16:00:00+00:00,True,132.27,132.72,130.32,130.85,0.0,0.0,0.0
2025-03-23 20:00:00+00:00,True,130.84,132.87,130.17,132.41,0.0,0.0,0.0
2025-03-24 00:00:00+00:00,True,132.41,138.97,132.06,138.94,0.0,0.0,0.0
2025-03-24 04:00:00+00:00,True,138.95,139.37,137.76,138.81,0.0,0.0,0.0
2025-03-24 08:00:00+00:00,True,138.81,144.13,138.63,142.93,0.0,0.0,0.0
2025-03-24 12:00:00+00:00,True,142.9,145.2,142.31,143.11,0.0,0.0,0.0
2025-03-24 16:00:00+00:00,True,143.11,143.49,141.3,142.55,0.0,0.0,0.0
2025-03-24 20:00:00+00:00,True,142.55,143.66,139.65,140.55,0.0,0.0,0.0
2025-03-25 00:00:00+00:00,True,140.55,142.32,138.16,138.53,0.0,0.0,0.0
2025-03-25 04:00:00+00:00,True,138.51,140.36,138.45,139.95,0.0,0.0,0.0
2025-03-25 08:00:00+00:00,True,139.93,143.42,139.7,142.24,0.0,0.0,0.0
2025-03-25 12:00:00+00:00,True,142.24,147.6,141.14,145.63,0.0,0.0,0.0
2025-03-25 16:00:00+00:00,True,145.63,146.28,143.67,145.08,0.0,0.0,0.0
2025-03-25 20:00:00+00:00,True,145.09,146.13,142.51,143.42,0.0,0.0,0.0
2025-03-26 00:00:00+00:00,True,143.44,144.63,141.51,142.04,0.0,0.0,0.0
2025-03-26 04:00:00+00:00,True,142.03,144.9,141.74,144.35,0.0,0.0,0.0
2025-03-26 08:00:00+00:00,True,144.34,145.55,143.85,144.42,0.0,0.0,0.0
2025-03-26 12:00:00+00:00,True,144.41,145.12,138.94,139.09,0.0,0.0,0.0
2025-03-26 16:00:00+00:00,True,139.1,140.25,136.2,137.78,0.0,0.0,0.0
2025-03-26 20:00:00+00:00,True,137.8,138.53,135.9,137.34,0.0,0.0,0.0
2025-03-27 00:00:00+00:00,True,137.3,140.25,136.82,139.53,0.0,0.0,0.0
2025-03-27 04:00:00+00:00,True,139.53,139.66,137.89,138.83,0.0,0.0,0.0
2025-03-27 08:00:00+00:00,True,138.8,139.28,137.03,137.04,0.0,0.0,0.0
2025-03-27 12:00:00+00:00,True,137.03,139.8,135.64,138.04,0.0,0.0,0.0
2025-03-27 16:00:00+00:00,True,138.04,139.74,137.34,138.91,0.0,0.0,0.0
2025-03-27 20:00:00+00:00,True,138.92,139.94,137.98,138.14,0.0,0.0,0.0
2025-03-28 00:00:00+00:00,True,138.14,139.02,136.1,136.83,0.0,0.0,0.0
2025-03-28 04:00:00+00:00,True,136.84,137.28,131.32,131.87,0.0,0.0,0.0
2025-03-28 08:00:00+00:00,False,131.89,132.6,130.32,131.5,0.0,0.0,0.0
2025-03-28 12:00:00+00:00,False,131.51,132.39,129.08,130.04,0.0,0.0,0.0
2025-03-28 16:00:00+00:00,False,130.04,130.22,128.94,129.94,0.0,0.0,0.0
2025-03-28 20:00:00+00:00,False,129.91,130.35,127.67,129.63,0.0,0.0,0.0
2025-03-29 00:00:00+00:00,False,129.63,130.49,126.53,128.89,0.0,0.0,0.0
2025-03-29 04:00:00+00:00,False,128.88,129.07,125.42,126.44,0.0,0.0,0.0
2025-03-29 08:00:00+00:00,False,126.44,127.05,124.29,125.01,0.0,0.0,0.0
2025-03-29 12:00:00+00:00,False,125.0,126.77,124.94,126.45,0.0,0.0,0.0
2025-03-29 16:00:00+00:00,False,126.47,126.65,123.6,124.78,0.0,0.0,0.0
2025-03-29 20:00:00+00:00,False,124.78,125.13,122.68,124.48,0.0,0.0,0.0
2025-03-30 00:00:00+00:00,False,124.48,126.6,123.46,126.02,0.0,0.0,0.0
2025-03-30 04:00:00+00:00,False,126.03,126.52,125.11,125.6,0.0,0.0,0.0
2025-03-30 08:00:00+00:00,False,125.59,126.38,124.63,124.88,0.0,0.0,0.0
2025-03-30 12:00:00+00:00,False,124.88,125.56,123.18,124.81,0.0,0.0,0.0
2025-03-30 16:00:00+00:00,False,124.82,127.02,122.99,125.63,0.0,0.0,0.0
2025-03-30 20:00:00+00:00,False,125.63,126.34,123.11,124.94,0.0,0.0,0.0
2025-03-31 00:00:00+00:00,False,124.95,127.59,122.72,124.84,0.0,0.0,0.0
2025-03-31 04:00:00+00:00,False,124.84,127.0,124.31,126.41,0.0,0.0,0.0
2025-03-31 08:00:00+00:00,False,126.4,126.66,123.03,124.0,0.0,0.0,0.0
2025-03-31 12:00:00+00:00,False,123.99,127.82,123.23,127.32,0.0,0.0,0.0
2025-03-31 16:00:00+00:00,False,127.31,127.34,123.83,125.27,0.0,0.0,0.0
2025-03-31 20:00:00+00:00,False,125.26,126.25,124.36,124.78,0.0,0.0,0.0
2025-04-01 00:00:00+00:00,False,124.78,126.71,123.74,126.23,0.0,0.0,0.0
2025-04-01 04:00:00+00:00,False,126.23,127.04,125.57,127.01,0.0,0.0,0.0
2025-04-01 08:00:00+00:00,False,127.0,129.98,126.98,127.73,0.0,0.0,0.0
2025-04-01 12:00:00+00:00,False,127.74,130.44,124.66,129.13,0.0,0.0,0.0
2025-04-01 16:00:00+00:00,False,129.13,129.42,125.52,126.33,0.0,0.0,0.0
2025-04-01 20:00:00+00:00,False,126.32,127.53,125.24,126.64,0.0,0.0,0.0
2025-04-02 00:00:00+00:00,False,126.63,126.95,124.04,124.59,0.0,0.0,0.0
2025-04-02 04:00:00+00:00,False,124.6,125.0,123.47,124.42,0.0,0.0,0.0
2025-04-02 08:00:00+00:00,False,124.42,126.72,124.29,125.94,0.0,0.0,0.0
2025-04-02 12:00:00+00:00,False,125.93,131.78,125.1,131.38,0.0,0.0,0.0
2025-04-02 16:00:00+00:00,False,131.36,131.78,129.15,131.23,0.0,0.0,0.0
2025-04-02 20:00:00+00:00,False,131.22,136.18,116.18,116.54,0.0,0.0,0.0
2025-04-03 00:00:00+00:00,False,116.56,120.94,116.56,119.9,0.0,0.0,0.0
2025-04-03 04:00:00+00:00,False,119.89,120.86,117.92,119.04,0.0,0.0,0.0
2025-04-03 08:00:00+00:00,False,119.04,119.17,115.14,115.48,0.0,0.0,0.0
2025-04-03 12:00:00+00:00,False,115.46,116.0,112.22,114.54,0.0,0.0,0.0
2025-04-03 16:00:00+00:00,False,114.56,115.96,113.23,115.46,0.0,0.0,0.0
2025-04-03 20:00:00+00:00,False,115.46,117.4,115.07,117.32,0.0,0.0,0.0
2025-04-04 00:00:00+00:00,False,117.33,117.33,114.58,115.13,0.0,0.0,0.0
2025-04-04 04:00:00+00:00,False,115.14,118.78,114.68,118.4,0.0,0.0,0.0
2025-04-04 08:00:00+00:00,False,118.38,119.92,113.26,114.53,0.0,0.0,0.0
2025-04-04 12:00:00+00:00,False,114.52,121.01,113.94,118.57,0.0,0.0,0.0
2025-04-04 16:00:00+00:00,False,118.58,124.81,118.16,122.58,0.0,0.0,0.0
2025-04-04 20:00:00+00:00,False,122.6,124.0,121.66,122.32,0.0,0.0,0.0
2025-04-05 00:00:00+00:00,False,122.32,122.75,120.58,120.95,0.0,0.0,0.0
2025-04-05 04:00:00+00:00,False,120.94,121.39,120.16,121.31,0.0,0.0,0.0
2025-04-05 08:00:00+00:00,False,121.3,121.93,119.79,120.23,0.0,0.0,0.0
2025-04-05 12:00:00+00:00,False,120.22,120.29,115.81,117.84,0.0,0.0,0.0
2025-04-05 16:00:00+00:00,False,117.83,119.29,117.51,118.65,0.0,0.0,0.0
2025-04-05 20:00:00+00:00,False,118.65,120.5,118.34,120.3,0.0,0.0,0.0
2025-04-06 00:00:00+00:00,False,120.3,121.05,119.36,119.97,0.0,0.0,0.0
2025-04-06 04:00:00+00:00,False,119.97,120.55,118.76,119.26,0.0,0.0,0.0
2025-04-06 08:00:00+00:00,False,119.25,120.11,118.11,118.7,0.0,0.0,0.0
2025-04-06 12:00:00+00:00,False,118.71,118.79,114.23,114.84,0.0,0.0,0.0
2025-04-06 16:00:00+00:00,False,114.85,115.24,106.23,108.1,0.0,0.0,0.0
2025-04-06 20:00:00+00:00,False,108.08,108.51,103.71,105.43,0.0,0.0,0.0
2025-04-07 00:00:00+00:00,False,105.47,107.75,102.17,103.5,0.0,0.0,0.0
2025-04-07 04:00:00+00:00,False,103.49,103.69,95.16,98.18,0.0,0.0,0.0
2025-04-07 08:00:00+00:00,False,98.18,102.56,97.25,100.31,0.0,0.0,0.0
2025-04-07 12:00:00+00:00,False,100.31,113.05,99.69,106.46,0.0,0.0,0.0
2025-04-07 16:00:00+00:00,False,106.46,107.94,103.52,106.33,0.0,0.0,0.0
2025-04-07 20:00:00+00:00,False,106.33,109.28,106.17,107.14,0.0,0.0,0.0
2025-04-08 00:00:00+00:00,False,107.15,112.57,106.63,111.06,0.0,0.0,0.0
2025-04-08 04:00:00+00:00,False,111.07,112.16,107.94,108.5,0.0,0.0,0.0
2025-04-08 08:00:00+00:00,False,108.48,111.9,107.13,111.09,0.0,0.0,0.0
2025-04-08 12:00:00+00:00,False,111.09,112.16,106.64,107.04,0.0,0.0,0.0
2025-04-08 16:00:00+00:00,False,107.04,107.26,102.86,103.75,0.0,0.0,0.0
2025-04-08 20:00:00+00:00,False,103.74,106.44,103.55,105.04,0.0,0.0,0.0
2025-04-09 00:00:00+00:00,False,105.03,106.51,101.16,103.9,0.0,0.0,0.0
2025-04-09 04:00:00+00:00,False,103.87,107.76,103.27,107.16,0.0,0.0,0.0
2025-04-09 08:00:00+00:00,False,107.16,108.21,102.69,103.8,0.0,0.0,0.0
2025-04-09 12:00:00+00:00,False,103.8,107.34,102.25,106.52,0.0,0.0,0.0
2025-04-09 16:00:00+00:00,False,106.51,121.29,106.44,119.17,0.0,0.0,0.0
2025-04-09 20:00:00+00:00,False,119.16,120.5,118.07,118.82,0.0,0.0,0.0
2025-04-10 00:00:00+00:00,True,118.83,119.08,114.47,115.57,0.0,0.0,0.0
2025-04-10 04:00:00+00:00,True,115.57,116.94,114.07,114.39,0.0,0.0,0.0
2025-04-10 08:00:00+00:00,True,114.38,115.21,113.37,114.03,0.0,0.0,0.0
2025-04-10 12:00:00+00:00,True,114.04,115.69,108.74,109.54,0.0,0.0,0.0
2025-04-10 16:00:00+00:00,True,109.54,111.84,108.31,111.43,0.0,0.0,0.0
2025-04-10 20:00:00+00:00,True,111.43,113.34,111.34,112.68,0.0,0.0,0.0
2025-04-11 00:00:00+00:00,True,112.66,115.84,112.07,115.24,0.0,0.0,0.0
2025-04-11 04:00:00+00:00,True,115.24,117.67,114.9,116.92,0.0,0.0,0.0
2025-04-11 08:00:00+00:00,True,116.91,119.35,116.14,118.12,0.0,0.0,0.0
2025-04-11 12:00:00+00:00,True,118.13,121.5,117.51,119.57,0.0,0.0,0.0
2025-04-11 16:00:00+00:00,True,119.58,122.07,118.6,120.85,0.0,0.0,0.0
2025-04-11 20:00:00+00:00,True,120.84,122.66,119.94,121.16,0.0,0.0,0.0
2025-04-12 00:00:00+00:00,True,121.18,122.18,119.36,119.94,0.0,0.0,0.0
2025-04-12 04:00:00+00:00,True,119.95,124.94,119.77,124.85,0.0,0.0,0.0
2025-04-12 08:00:00+00:00,True,124.86,125.49,123.97,124.53,0.0,0.0,0.0
2025-04-12 12:00:00+00:00,True,124.53,131.78,124.48,131.2,0.0,0.0,0.0
2025-04-12 16:00:00+00:00,True,131.18,131.56,128.15,130.96,0.0,0.0,0.0
2025-04-12 20:00:00+00:00,True,130.96,134.11,130.65,132.53,0.0,0.0,0.0
2025-04-13 00:00:00+00:00,True,132.53,133.98,130.87,131.84,0.0,0.0,0.0
2025-04-13 04:00:00+00:00,True,131.84,132.02,128.16,128.26,0.0,0.0,0.0
2025-04-13 08:00:00+00:00,True,128.26,131.58,128.17,129.55,0.0,0.0,0.0
2025-04-13 12:00:00+00:00,True,129.56,130.4,126.79,129.39,0.0,0.0,0.0
2025-04-13 16:00:00+00:00,True,129.35,132.55,127.03,128.46,0.0,0.0,0.0
2025-04-13 20:00:00+00:00,True,128.47,129.79,125.26,128.26,0.0,0.0,0.0
2025-04-14 00:00:00+00:00,True,128.24,136.0,128.12,132.22,0.0,0.0,0.0
2025-04-14 04:00:00+00:00,True,132.2,134.31,131.1,132.73,0.0,0.0,0.0
2025-04-14 08:00:00+00:00,True,132.72,134.13,131.48,133.29,0.0,0.0,0.0
2025-04-14 12:00:00+00:00,True,133.28,134.77,128.0,129.11,0.0,0.0,0.0
2025-04-14 16:00:00+00:00,True,129.12,132.0,128.09,130.78,0.0,0.0,0.0
2025-04-14 20:00:00+00:00,True,130.78,130.9,128.51,128.78,0.0,0.0,0.0
2025-04-15 00:00:00+00:00,True,128.8,130.8,127.71,130.46,0.0,0.0,0.0
2025-04-15 04:00:00+00:00,True,130.47,132.28,129.66,131.71,0.0,0.0,0.0
2025-04-15 08:00:00+00:00,True,131.72,133.86,131.38,132.66,0.0,0.0,0.0
2025-04-15 12:00:00+00:00,True,132.65,134.42,129.1,129.87,0.0,0.0,0.0
2025-04-15 16:00:00+00:00,True,129.85,130.6,127.28,127.84,0.0,0.0,0.0
2025-04-15 20:00:00+00:00,True,127.84,128.59,125.8,126.24,0.0,0.0,0.0
2025-04-16 00:00:00+00:00,True,126.24,127.32,124.8,126.51,0.0,0.0,0.0
2025-04-16 04:00:00+00:00,True,126.5,126.69,124.35,124.46,0.0,0.0,0.0
2025-04-16 08:00:00+00:00,True,124.47,126.62,123.46,126.23,0.0,0.0,0.0
2025-04-16 12:00:00+00:00,True,126.23,129.5,124.44,129.0,0.0,0.0,0.0
2025-04-16 16:00:00+00:00,True,128.99,133.91,124.87,132.49,0.0,0.0,0.0
2025-04-16 20:00:00+00:00,True,132.52,133.7,130.75,131.4,0.0,0.0,0.0
2025-04-17 00:00:00+00:00,True,131.4,132.69,129.47,129.96,0.0,0.0,0.0
2025-04-17 04:00:00+00:00,True,129.96,135.58,129.83,134.53,0.0,0.0,0.0
2025-04-17 08:00:00+00:00,True,134.53,134.99,132.39,133.42,0.0,0.0,0.0
2025-04-17 12:00:00+00:00,True,133.42,134.48,130.57,132.72,0.0,0.0,0.0
2025-04-17 16:00:00+00:00,True,132.74,136.15,132.01,133.99,0.0,0.0,0.0
2025-04-17 20:00:00+00:00,True,133.98,135.29,133.45,134.46,0.0,0.0,0.0
2025-04-18 00:00:00+00:00,True,134.45,136.0,133.79,134.18,0.0,0.0,0.0
2025-04-18 04:00:00+00:00,True,134.18,135.5,133.25,135.09,0.0,0.0,0.0
2025-04-18 08:00:00+00:00,True,135.07,135.42,133.55,134.4,0.0,0.0,0.0
2025-04-18 12:00:00+00:00,True,134.41,135.16,132.46,133.01,0.0,0.0,0.0
2025-04-18 16:00:00+00:00,True,133.02,134.48,132.91,134.15,0.0,0.0,0.0
2025-04-18 20:00:00+00:00,True,134.15,134.39,133.22,134.15,0.0,0.0,0.0
2025-04-19 00:00:00+00:00,True,134.16,139.2,133.58,138.59,0.0,0.0,0.0
2025-04-19 04:00:00+00:00,True,138.6,139.43,137.79,138.64,0.0,0.0,0.0
2025-04-19 08:00:00+00:00,True,138.65,139.98,138.49,138.91,0.0,0.0,0.0
2025-04-19 12:00:00+00:00,True,138.9,140.5,138.51,138.96,0.0,0.0,0.0
2025-04-19 16:00:00+00:00,True,138.95,139.43,137.66,138.4,0.0,0.0,0.0
2025-04-19 20:00:00+00:00,True,138.41,139.96,138.38,139.51,0.0,0.0,0.0
2025-04-20 00:00:00+00:00,True,139.52,141.97,139.41,140.71,0.0,0.0,0.0
2025-04-20 04:00:00+00:00,True,140.71,141.62,138.62,139.43,0.0,0.0,0.0
2025-04-20 08:00:00+00:00,True,139.44,139.87,135.86,136.83,0.0,0.0,0.0
2025-04-20 12:00:00+00:00,True,136.83,138.05,135.67,135.83,0.0,0.0,0.0
2025-04-20 16:00:00+00:00,True,135.83,137.28,135.77,137.25,0.0,0.0,0.0
2025-04-20 20:00:00+00:00,True,137.25,138.52,136.37,137.94,0.0,0.0,0.0
2025-04-21 00:00:00+00:00,True,137.95,143.13,137.94,139.7,0.0,0.0,0.0
2025-04-21 04:00:00+00:00,True,139.71,141.84,139.23,140.6,0.0,0.0,0.0
2025-04-21 08:00:00+00:00,True,140.6,141.17,138.34,138.93,0.0,0.0,0.0
2025-04-21 12:00:00+00:00,True,138.95,140.15,136.76,138.18,0.0,0.0,0.0
2025-04-21 16:00:00+00:00,True,138.19,138.84,133.82,136.35,0.0,0.0,0.0
2025-04-21 20:00:00+00:00,True,136.36,137.41,135.34,136.5,0.0,0.0,0.0
2025-04-22 00:00:00+00:00,True,136.48,139.91,134.69,139.34,0.0,0.0,0.0
2025-04-22 04:00:00+00:00,True,139.33,140.62,138.44,140.15,0.0,0.0,0.0
2025-04-22 08:00:00+00:00,True,140.17,140.82,138.96,140.43,0.0,0.0,0.0
2025-04-22 12:00:00+00:00,True,140.43,147.8,140.1,145.85,0.0,0.0,0.0
2025-04-22 16:00:00+00:00,True,145.85,146.59,143.57,144.11,0.0,0.0,0.0
2025-04-22 20:00:00+00:00,True,144.12,150.31,143.53,149.25,0.0,0.0,0.0
2025-04-23 00:00:00+00:00,True,149.26,149.52,147.2,149.14,0.0,0.0,0.0
2025-04-23 04:00:00+00:00,True,149.14,152.37,148.63,151.28,0.0,0.0,0.0
2025-04-23 08:00:00+00:00,True,151.28,153.76,151.04,152.11,0.0,0.0,0.0
2025-04-23 12:00:00+00:00,True,152.13,154.28,148.75,151.28,0.0,0.0,0.0
2025-04-23 16:00:00+00:00,True,151.27,152.52,148.96,149.99,0.0,0.0,0.0
2025-04-23 20:00:00+00:00,True,149.99,151.91,149.89,151.08,0.0,0.0,0.0
2025-04-24 00:00:00+00:00,True,151.08,151.41,147.68,148.17,0.0,0.0,0.0
2025-04-24 04:00:00+00:00,True,148.18,149.18,146.98,147.6,0.0,0.0,0.0
2025-04-24 08:00:00+00:00,True,147.6,147.8,145.21,147.33,0.0,0.0,0.0
2025-04-24 12:00:00+00:00,True,147.33,151.52,147.1,149.68,0.0,0.0,0.0
2025-04-24 16:00:00+00:00,True,149.71,152.5,148.89,151.67,0.0,0.0,0.0
2025-04-24 20:00:00+00:00,True,151.66,152.93,150.07,152.32,0.0,0.0,0.0
2025-04-25 00:00:00+00:00,True,152.32,154.54,150.58,151.68,0.0,0.0,0.0
2025-04-25 04:00:00+00:00,True,151.69,155.03,150.79,154.87,0.0,0.0,0.0
2025-04-25 08:00:00+00:00,True,154.86,155.04,153.0,154.53,0.0,0.0,0.0
2025-04-25 12:00:00+00:00,True,154.53,157.08,152.3,152.87,0.0,0.0,0.0
2025-04-25 16:00:00+00:00,True,152.85,153.34,150.53,151.24,0.0,0.0,0.0
2025-04-25 20:00:00+00:00,True,151.23,152.63,150.01,151.51,0.0,0.0,0.0
2025-04-26 00:00:00+00:00,True,151.5,153.26,151.12,151.33,0.0,0.0,0.0
2025-04-26 04:00:00+00:00,True,151.34,152.44,150.06,151.49,0.0,0.0,0.0
2025-04-26 08:00:00+00:00,True,151.48,152.44,148.04,148.68,0.0,0.0,0.0
2025-04-26 12:00:00+00:00,True,148.68,149.63,147.79,149.19,0.0,0.0,0.0
2025-04-26 16:00:00+00:00,True,149.19,149.53,148.4,149.26,0.0,0.0,0.0
2025-04-26 20:00:00+00:00,True,149.25,149.73,148.4,149.1,0.0,0.0,0.0
2025-04-27 00:00:00+00:00,False,149.1,150.43,146.0,147.59,0.0,0.0,1.0
2025-04-27 04:00:00+00:00,False,147.58,147.91,145.54,147.45,0.0,0.0,1.0
2025-04-27 08:00:00+00:00,False,147.43,148.78,147.38,147.86,0.0,0.0,1.0
2025-04-27 12:00:00+00:00,False,147.85,149.83,147.04,149.37,0.0,0.0,1.0
2025-04-27 16:00:00+00:00,False,149.36,150.3,148.27,149.63,0.0,0.0,1.0
2025-04-27 20:00:00+00:00,False,149.64,150.02,147.75,147.83,0.0,0.0,1.0
2025-04-28 00:00:00+00:00,False,147.84,149.58,144.69,148.91,0.0,0.0,1.0
2025-04-28 04:00:00+00:00,False,148.91,151.54,148.55,151.28,0.0,0.0,1.0
2025-04-28 08:00:00+00:00,False,151.27,153.45,149.08,151.42,0.0,0.0,1.0
2025-04-28 12:00:00+00:00,False,151.42,151.6,145.58,146.17,0.0,0.0,1.0
2025-04-28 16:00:00+00:00,False,146.17,148.91,145.39,147.87,0.0,0.0,1.0
2025-04-28 20:00:00+00:00,False,147.86,148.37,146.59,147.58,0.0,0.0,1.0
2025-04-29 00:00:00+00:00,False,147.59,149.27,146.99,147.2,0.0,0.0,1.0
2025-04-29 04:00:00+00:00,False,147.21,149.0,145.59,148.8,0.0,0.0,1.0
2025-04-29 08:00:00+00:00,False,148.81,149.53,147.66,148.88,0.0,0.0,1.0
2025-04-29 12:00:00+00:00,False,148.87,149.3,146.88,148.27,0.0,0.0,1.0
2025-04-29 16:00:00+00:00,False,148.27,150.38,147.75,149.35,0.0,0.0,1.0
2025-04-29 20:00:00+00:00,False,149.34,149.35,145.0,146.22,0.0,0.0,1.0
2025-04-30 00:00:00+00:00,False,146.2,148.7,145.13,147.99,0.0,0.0,1.0
2025-04-30 04:00:00+00:00,False,147.99,148.14,146.14,146.37,0.0,0.0,1.0
2025-04-30 08:00:00+00:00,False,146.38,148.04,146.08,147.91,0.0,0.0,1.0
2025-04-30 12:00:00+00:00,False,147.91,148.04,140.4,141.94,0.0,0.0,1.0
2025-04-30 16:00:00+00:00,False,141.95,146.32,141.36,145.95,0.0,0.0,1.0
2025-04-30 20:00:00+00:00,False,145.94,148.16,145.86,147.87,0.0,0.0,1.0
2025-05-01 00:00:00+00:00,False,147.87,149.71,147.58,148.59,0.0,0.0,1.0
2025-05-01 04:00:00+00:00,False,148.62,150.25,148.01,149.77,0.0,0.0,1.0
2025-05-01 08:00:00+00:00,False,149.76,152.49,149.58,151.71,0.0,0.0,1.0
2025-05-01 12:00:00+00:00,False,151.7,154.04,150.63,152.21,0.0,0.0,1.0
2025-05-01 16:00:00+00:00,False,152.21,152.92,149.92,149.95,0.0,0.0,1.0
2025-05-01 20:00:00+00:00,False,149.95,151.25,149.92,151.23,0.0,0.0,1.0
2025-05-02 00:00:00+00:00,False,151.23,151.86,150.12,150.97,0.0,0.0,1.0
2025-05-02 04:00:00+00:00,False,150.96,151.09,148.42,148.73,0.0,0.0,1.0
2025-05-02 08:00:00+00:00,False,148.73,150.88,148.73,150.88,0.0,0.0,1.0
2025-05-02 12:00:00+00:00,False,150.87,151.99,149.4,150.97,0.0,0.0,1.0
2025-05-02 16:00:00+00:00,False,150.99,151.47,147.49,147.99,0.0,0.0,1.0
2025-05-02 20:00:00+00:00,False,148.0,148.73,147.36,148.26,0.0,0.0,1.0
2025-05-03 00:00:00+00:00,False,148.26,149.11,147.58,148.41,0.0,0.0,1.0
2025-05-03 04:00:00+00:00,False,148.4,148.64,147.45,147.96,0.0,0.0,1.0
2025-05-03 08:00:00+00:00,False,147.94,148.44,146.74,147.29,0.0,0.0,1.0
2025-05-03 12:00:00+00:00,False,147.29,149.0,147.28,148.28,0.0,0.0,1.0
2025-05-03 16:00:00+00:00,False,148.28,148.28,145.88,147.49,0.0,0.0,1.0
2025-05-03 20:00:00+00:00,False,147.5,147.97,146.61,146.99,0.0,0.0,1.0
2025-05-04 00:00:00+00:00,False,146.98,147.74,145.5,145.61,0.0,0.0,1.0
2025-05-04 04:00:00+00:00,False,145.61,146.58,145.2,145.66,0.0,0.0,1.0
2025-05-04 08:00:00+00:00,False,145.66,146.02,144.7,145.75,0.0,0.0,1.0
2025-05-04 12:00:00+00:00,False,145.74,147.25,144.98,147.1,0.0,0.0,1.0
2025-05-04 16:00:00+00:00,False,147.1,147.81,146.03,146.46,0.0,0.0,1.0
2025-05-04 20:00:00+00:00,False,146.46,147.19,143.59,144.09,0.0,0.0,1.0
2025-05-05 00:00:00+00:00,False,144.09,145.45,142.51,145.27,0.0,0.0,1.0
2025-05-05 04:00:00+00:00,False,145.26,147.36,144.91,146.88,0.0,0.0,1.0
2025-05-05 08:00:00+00:00,False,146.88,147.06,143.58,144.0,0.0,0.0,1.0
2025-05-05 12:00:00+00:00,False,143.99,145.41,143.16,143.99,0.0,0.0,1.0
2025-05-05 16:00:00+00:00,False,144.0,147.12,143.87,146.48,0.0,0.0,1.0
2025-05-05 20:00:00+00:00,False,146.47,147.71,144.94,146.36,0.0,0.0,1.0
2025-05-06 00:00:00+00:00,False,146.37,146.53,143.77,144.44,0.0,0.0,1.0
2025-05-06 04:00:00+00:00,False,144.43,145.84,144.3,144.9,0.0,0.0,1.0
2025-05-06 08:00:00+00:00,False,144.9,145.03,141.94,142.73,0.0,0.0,1.0
2025-05-06 12:00:00+00:00,False,142.74,143.92,141.34,142.85,0.0,0.0,1.0
2025-05-06 16:00:00+00:00,False,142.85,145.28,142.41,144.83,0.0,0.0,1.0
2025-05-06 20:00:00+00:00,False,144.83,147.23,143.52,147.08,0.0,0.0,1.0
2025-05-07 00:00:00+00:00,False,147.07,149.64,145.44,146.45,0.0,0.0,1.0
2025-05-07 04:00:00+00:00,False,146.46,147.39,145.41,147.12,0.0,0.0,1.0
2025-05-07 08:00:00+00:00,False,147.12,148.28,146.93,147.48,0.0,0.0,1.0
2025-05-07 12:00:00+00:00,False,147.49,147.6,145.37,145.45,0.0,0.0,1.0
2025-05-07 16:00:00+00:00,False,145.43,147.36,144.67,145.69,0.0,0.0,1.0
2025-05-07 20:00:00+00:00,False,145.69,148.34,145.5,147.44,0.0,0.0,1.0
2025-05-08 00:00:00+00:00,False,147.45,151.52,147.11,151.47,0.0,0.0,1.0
2025-05-08 04:00:00+00:00,False,151.47,152.22,150.03,152.22,0.0,0.0,1.0
2025-05-08 08:00:00+00:00,False,152.23,155.32,152.07,154.57,0.0,0.0,1.0
2025-05-08 12:00:00+00:00,True,154.57,163.05,154.19,159.56,0.0,1.0,1.0
2025-05-08 16:00:00+00:00,True,159.57,161.09,158.58,160.81,0.0,1.0,1.0
2025-05-08 20:00:00+00:00,True,160.83,164.57,159.8,163.92,0.0,1.0,1.0
2025-05-09 00:00:00+00:00,True,163.9,164.37,161.11,161.36,0.0,1.0,1.0
2025-05-09 04:00:00+00:00,True,161.36,166.95,161.02,165.43,0.0,1.0,1.0
2025-05-09 08:00:00+00:00,True,165.43,176.14,164.28,170.8,0.0,1.0,1.0
2025-05-09 12:00:00+00:00,True,170.78,173.41,167.32,169.55,0.0,1.0,1.0
2025-05-09 16:00:00+00:00,True,169.57,172.6,168.57,171.97,0.0,1.0,1.0
2025-05-09 20:00:00+00:00,True,171.98,173.83,171.18,173.48,0.0,1.0,1.0
2025-05-10 00:00:00+00:00,True,173.47,175.16,170.66,171.29,0.0,1.0,1.0
2025-05-10 04:00:00+00:00,True,171.28,172.83,169.8,172.64,0.0,1.0,1.0
2025-05-10 08:00:00+00:00,True,172.65,173.44,168.75,169.73,0.0,1.0,1.0
2025-05-10 12:00:00+00:00,True,169.73,172.06,169.7,171.28,0.0,1.0,1.0
2025-05-10 16:00:00+00:00,True,171.26,173.86,171.02,172.04,0.0,1.0,1.0
2025-05-10 20:00:00+00:00,True,172.02,179.07,171.38,178.59,0.0,1.0,1.0
2025-05-11 00:00:00+00:00,True,178.55,180.16,172.76,176.2,0.0,1.0,1.0
2025-05-11 04:00:00+00:00,True,176.22,177.64,172.34,173.4,0.0,1.0,1.0
2025-05-11 08:00:00+00:00,True,173.39,175.04,172.63,174.67,0.0,1.0,1.0
2025-05-11 12:00:00+00:00,True,174.66,175.26,169.41,170.0,0.0,1.0,1.0
2025-05-11 16:00:00+00:00,True,170.02,173.53,169.45,172.26,0.0,1.0,1.0
2025-05-11 20:00:00+00:00,True,172.22,173.93,171.31,173.52,0.0,1.0,1.0
2025-05-12 00:00:00+00:00,True,173.53,176.91,171.76,174.63,0.0,1.0,1.0
2025-05-12 04:00:00+00:00,True,174.61,179.59,173.66,175.29,0.0,1.0,1.0
2025-05-12 08:00:00+00:00,True,175.27,177.07,173.68,174.32,0.0,1.0,1.0
2025-05-12 12:00:00+00:00,True,174.3,181.45,173.75,173.86,0.0,1.0,1.0
2025-05-12 16:00:00+00:00,True,173.8,176.68,168.3,170.81,0.0,1.0,1.0
2025-05-12 20:00:00+00:00,True,170.8,174.95,170.42,173.81,0.0,1.0,1.0
2025-05-13 00:00:00+00:00,True,173.79,174.12,166.17,167.17,0.0,1.0,1.0
2025-05-13 04:00:00+00:00,True,167.17,172.4,166.94,171.98,0.0,1.0,1.0
2025-05-13 08:00:00+00:00,True,171.96,175.19,170.93,173.81,0.0,1.0,1.0
2025-05-13 12:00:00+00:00,True,173.8,176.32,172.17,175.92,0.0,1.0,1.0
2025-05-13 16:00:00+00:00,True,175.91,184.48,175.91,181.6,0.0,1.0,1.0
2025-05-13 20:00:00+00:00,True,181.58,184.8,180.45,183.28,0.0,1.0,1.0
2025-05-14 00:00:00+00:00,True,183.28,184.86,179.07,180.09,0.0,1.0,1.0
2025-05-14 04:00:00+00:00,True,180.09,183.98,179.86,181.67,0.0,1.0,1.0
2025-05-14 08:00:00+00:00,True,181.68,182.27,177.6,180.66,0.0,1.0,1.0
2025-05-14 12:00:00+00:00,True,180.67,181.88,175.64,177.25,0.0,1.0,1.0
2025-05-14 16:00:00+00:00,True,177.24,177.73,173.12,177.04,0.0,1.0,1.0
2025-05-14 20:00:00+00:00,True,177.04,177.77,175.27,177.32,0.0,1.0,1.0
2025-05-15 00:00:00+00:00,True,177.32,178.39,174.01,174.38,0.0,1.0,1.0
2025-05-15 04:00:00+00:00,True,174.37,175.32,169.81,171.35,0.0,1.0,1.0
2025-05-15 08:00:00+00:00,False,171.35,173.09,168.75,170.95,0.0,1.0,1.0
2025-05-15 12:00:00+00:00,False,170.95,172.86,167.0,171.95,0.0,1.0,1.0
2025-05-15 16:00:00+00:00,False,171.94,174.54,167.73,170.66,0.0,1.0,1.0
2025-05-15 20:00:00+00:00,False,170.65,170.66,166.8,169.32,0.0,1.0,1.0
2025-05-16 00:00:00+00:00,False,169.35,173.69,168.91,172.98,0.0,1.0,1.0
2025-05-16 04:00:00+00:00,False,172.98,173.58,171.13,171.78,0.0,1.0,1.0
2025-05-16 08:00:00+00:00,False,171.79,174.28,169.45,172.91,0.0,1.0,1.0
2025-05-16 12:00:00+00:00,False,172.91,174.2,170.9,172.52,0.0,1.0,1.0
2025-05-16 16:00:00+00:00,False,172.51,172.8,169.83,171.08,0.0,1.0,1.0
2025-05-16 20:00:00+00:00,False,171.07,171.45,166.43,167.61,0.0,1.0,1.0
2025-05-17 00:00:00+00:00,False,167.55,168.71,164.1,168.21,0.0,1.0,1.0
2025-05-17 04:00:00+00:00,False,168.22,170.01,167.22,168.67,0.0,1.0,1.0
2025-05-17 08:00:00+00:00,False,168.68,169.42,166.74,167.7,0.0,1.0,1.0
2025-05-17 12:00:00+00:00,False,167.71,168.27,165.85,167.22,0.0,1.0,1.0
2025-05-17 16:00:00+00:00,False,167.22,167.58,164.48,165.64,0.0,1.0,1.0
2025-05-17 20:00:00+00:00,False,165.64,167.95,164.4,166.42,0.0,1.0,1.0
2025-05-18 00:00:00+00:00,False,166.42,167.94,165.97,167.05,0.0,1.0,1.0
2025-05-18 04:00:00+00:00,False,167.06,171.53,166.99,171.15,0.0,1.0,1.0
2025-05-18 08:00:00+00:00,False,171.14,172.03,170.64,170.76,0.0,1.0,1.0
2025-05-18 12:00:00+00:00,False,170.76,176.83,170.23,176.24,0.0,1.0,1.0
2025-05-18 16:00:00+00:00,False,176.27,176.66,164.7,165.78,0.0,1.0,1.0
2025-05-18 20:00:00+00:00,False,165.76,174.39,165.12,173.16,0.0,1.0,1.0
2025-05-19 00:00:00+00:00,False,173.12,174.01,165.01,165.64,0.0,1.0,1.0
2025-05-19 04:00:00+00:00,False,165.65,166.83,159.48,161.4,0.0,1.0,1.0
2025-05-19 08:00:00+00:00,False,161.42,162.72,160.49,161.89,0.0,1.0,1.0
2025-05-19 12:00:00+00:00,False,161.9,164.79,160.15,163.93,0.0,1.0,1.0
2025-05-19 16:00:00+00:00,False,163.93,167.43,162.82,166.95,0.0,1.0,1.0
2025-05-19 20:00:00+00:00,False,166.95,167.83,165.21,167.17,0.0,1.0,1.0
2025-05-20 00:00:00+00:00,False,167.17,173.13,166.82,168.94,0.0,1.0,1.0
2025-05-20 04:00:00+00:00,False,168.95,170.67,167.12,167.86,0.0,1.0,1.0
2025-05-20 08:00:00+00:00,False,167.86,168.17,165.28,166.12,0.0,1.0,1.0
2025-05-20 12:00:00+00:00,False,166.11,167.44,164.57,167.21,0.0,1.0,1.0
2025-05-20 16:00:00+00:00,False,167.21,169.25,164.63,167.66,0.0,1.0,1.0
2025-05-20 20:00:00+00:00,False,167.68,169.46,166.34,168.81,0.0,1.0,1.0
2025-05-21 00:00:00+00:00,False,168.78,170.97,166.87,170.11,0.0,1.0,1.0
2025-05-21 04:00:00+00:00,False,170.08,171.83,168.37,169.16,0.0,1.0,1.0
2025-05-21 08:00:00+00:00,False,169.15,169.75,167.44,169.12,0.0,1.0,1.0
2025-05-21 12:00:00+00:00,False,169.11,173.74,168.44,172.13,0.0,1.0,1.0
2025-05-21 16:00:00+00:00,False,172.12,175.14,165.61,170.84,0.0,1.0,1.0
2025-05-21 20:00:00+00:00,False,170.81,176.0,169.19,174.45,0.0,1.0,1.0
2025-05-22 00:00:00+00:00,False,174.46,177.54,172.63,176.78,0.0,1.0,1.0
2025-05-22 04:00:00+00:00,False,176.77,178.89,175.21,178.33,0.0,1.0,1.0
2025-05-22 08:00:00+00:00,True,178.33,180.85,177.19,178.23,0.0,1.0,1.0
2025-05-22 12:00:00+00:00,True,178.23,179.97,177.02,179.42,0.0,1.0,1.0
2025-05-22 16:00:00+00:00,True,179.42,180.44,177.61,178.15,0.0,1.0,1.0
2025-05-22 20:00:00+00:00,True,178.15,180.11,177.32,179.5,0.0,1.0,1.0
2025-05-23 00:00:00+00:00,True,179.5,185.54,179.31,185.02,0.0,1.0,1.0
2025-05-23 04:00:00+00:00,True,185.02,185.18,179.86,182.77,0.0,1.0,1.0
2025-05-23 08:00:00+00:00,True,182.76,187.73,176.05,176.55,0.0,1.0,1.0
2025-05-23 12:00:00+00:00,True,176.55,183.82,173.27,180.99,0.0,1.0,1.0
2025-05-23 16:00:00+00:00,True,180.99,182.25,177.85,177.99,0.0,1.0,1.0
2025-05-23 20:00:00+00:00,True,177.99,178.54,173.31,173.49,0.0,1.0,1.0
2025-05-24 00:00:00+00:00,True,173.51,176.19,172.66,174.72,0.0,1.0,1.0
2025-05-24 04:00:00+00:00,True,174.72,176.44,173.52,174.45,0.0,1.0,1.0
2025-05-24 08:00:00+00:00,True,174.45,178.37,173.3,176.9,0.0,1.0,1.0
2025-05-24 12:00:00+00:00,True,176.89,177.1,175.15,176.16,0.0,1.0,1.0
2025-05-24 16:00:00+00:00,True,176.15,177.74,175.37,177.02,0.0,1.0,1.0
2025-05-24 20:00:00+00:00,True,177.03,177.99,175.4,176.63,0.0,1.0,1.0
2025-05-25 00:00:00+00:00,True,176.63,176.96,170.3,173.23,0.0,1.0,1.0
2025-05-25 04:00:00+00:00,False,173.23,174.48,171.33,171.39,0.0,1.0,1.0
2025-05-25 08:00:00+00:00,False,171.4,172.32,170.2,171.86,0.0,1.0,1.0
2025-05-25 12:00:00+00:00,False,171.86,172.7,169.2,170.16,0.0,1.0,1.0
2025-05-25 16:00:00+00:00,False,170.14,172.89,169.24,172.43,0.0,1.0,1.0
2025-05-25 20:00:00+00:00,False,172.42,176.07,171.0,175.8,0.0,1.0,1.0
2025-05-26 00:00:00+00:00,False,175.81,177.9,175.22,176.86,0.0,1.0,1.0
2025-05-26 04:00:00+00:00,False,176.85,179.12,176.77,178.11,0.0,1.0,1.0
2025-05-26 08:00:00+00:00,False,178.11,178.46,176.5,177.47,0.0,1.0,1.0
2025-05-26 12:00:00+00:00,False,177.48,178.88,175.99,177.64,0.0,1.0,1.0
2025-05-26 16:00:00+00:00,False,177.63,178.14,173.55,173.78,0.0,1.0,1.0
2025-05-26 20:00:00+00:00,False,173.79,176.09,173.71,174.8,0.0,1.0,1.0
2025-05-27 00:00:00+00:00,False,174.8,175.83,171.29,173.54,0.0,1.0,1.0
2025-05-27 04:00:00+00:00,False,173.55,176.63,172.56,176.27,0.0,1.0,1.0
2025-05-27 08:00:00+00:00,False,176.23,177.23,175.07,176.69,0.0,1.0,1.0
2025-05-27 12:00:00+00:00,False,176.68,179.5,175.06,178.47,0.0,1.0,1.0
2025-05-27 16:00:00+00:00,False,178.47,179.41,177.24,177.73,0.0,1.0,1.0
2025-05-27 20:00:00+00:00,False,177.72,178.72,175.64,176.74,0.0,1.0,1.0
2025-05-28 00:00:00+00:00,False,176.72,177.5,174.33,174.9,0.0,1.0,1.0
2025-05-28 04:00:00+00:00,False,174.89,175.42,173.8,174.02,0.0,1.0,1.0
2025-05-28 08:00:00+00:00,False,174.03,174.7,172.96,174.33,0.0,1.0,1.0
2025-05-28 12:00:00+00:00,False,174.32,175.21,168.99,169.97,0.0,1.0,1.0
2025-05-28 16:00:00+00:00,False,169.96,172.09,169.18,169.72,0.0,1.0,1.0
2025-05-28 20:00:00+00:00,False,169.71,172.71,169.41,172.01,0.0,1.0,1.0
2025-05-29 00:00:00+00:00,False,172.0,175.43,171.4,173.93,0.0,1.0,1.0
2025-05-29 04:00:00+00:00,False,173.95,174.02,170.24,171.88,0.0,1.0,1.0
2025-05-29 08:00:00+00:00,False,171.87,173.52,171.71,172.55,0.0,1.0,1.0
2025-05-29 12:00:00+00:00,False,172.53,172.99,169.09,169.64,0.0,1.0,1.0
2025-05-29 16:00:00+00:00,False,169.64,170.34,166.05,167.03,0.0,1.0,1.0
2025-05-29 20:00:00+00:00,False,167.03,168.55,165.96,167.15,0.0,1.0,1.0
2025-05-30 00:00:00+00:00,False,167.18,167.5,160.1,164.91,0.0,1.0,1.0
2025-05-30 04:00:00+00:00,False,164.93,165.95,162.41,162.54,0.0,1.0,1.0
2025-05-30 08:00:00+00:00,False,162.51,164.21,161.57,163.81,0.0,1.0,1.0
2025-05-30 12:00:00+00:00,False,163.81,163.82,160.13,160.88,0.0,1.0,1.0
2025-05-30 16:00:00+00:00,False,160.9,161.81,156.11,160.34,0.0,1.0,1.0
2025-05-30 20:00:00+00:00,False,160.33,161.04,155.27,155.8,0.0,1.0,1.0
2025-05-31 00:00:00+00:00,False,155.81,157.31,152.2,153.61,0.0,1.0,1.0
2025-05-31 04:00:00+00:00,False,153.57,155.96,153.1,155.02,0.0,1.0,1.0
2025-05-31 08:00:00+00:00,False,155.03,155.34,152.69,152.99,0.0,1.0,1.0
2025-05-31 12:00:00+00:00,False,153.0,156.86,152.98,155.38,0.0,1.0,1.0
2025-05-31 16:00:00+00:00,False,155.37,158.07,155.37,157.67,0.0,1.0,1.0
2025-05-31 20:00:00+00:00,False,157.67,158.1,156.34,156.42,0.0,1.0,1.0
2025-06-01 00:00:00+00:00,False,156.42,156.84,153.5,154.82,0.0,1.0,1.0
2025-06-01 04:00:00+00:00,False,154.83,156.03,154.21,154.24,0.0,1.0,1.0
2025-06-01 08:00:00+00:00,False,154.25,154.4,150.65,151.9,0.0,1.0,1.0
2025-06-01 12:00:00+00:00,False,151.9,154.65,150.73,154.25,0.0,1.0,1.0
2025-06-01 16:00:00+00:00,False,154.26,156.84,153.55,155.92,0.0,1.0,1.0
2025-06-01 20:00:00+00:00,False,155.93,158.01,155.25,157.64,0.0,1.0,1.0
2025-06-02 00:00:00+00:00,False,157.64,159.0,155.43,155.85,0.0,1.0,1.0
2025-06-02 04:00:00+00:00,False,155.84,156.81,154.75,155.63,0.0,1.0,1.0
2025-06-02 08:00:00+00:00,False,155.63,156.61,153.01,153.56,0.0,1.0,1.0
2025-06-02 12:00:00+00:00,False,153.56,154.57,151.71,153.03,0.0,1.0,1.0
2025-06-02 16:00:00+00:00,False,153.03,155.22,151.85,153.41,0.0,1.0,1.0
2025-06-02 20:00:00+00:00,False,153.4,157.32,153.19,156.71,0.0,1.0,1.0
2025-06-03 00:00:00+00:00,False,156.72,162.47,156.57,159.54,0.0,1.0,1.0
2025-06-03 04:00:00+00:00,False,159.54,160.28,158.31,159.95,0.0,1.0,1.0
2025-06-03 08:00:00+00:00,False,159.94,161.76,158.38,160.58,0.0,1.0,1.0
2025-06-03 12:00:00+00:00,False,160.57,163.76,159.57,161.79,0.0,1.0,1.0
2025-06-03 16:00:00+00:00,False,161.8,162.2,160.03,160.25,0.0,1.0,1.0
2025-06-03 20:00:00+00:00,False,160.24,160.26,154.23,155.7,0.0,1.0,1.0
2025-06-04 00:00:00+00:00,False,155.7,157.76,154.29,156.91,0.0,1.0,1.0
2025-06-04 04:00:00+00:00,False,156.9,157.14,155.84,156.59,0.0,1.0,1.0
2025-06-04 08:00:00+00:00,False,156.58,158.0,155.84,156.25,0.0,1.0,1.0
2025-06-04 12:00:00+00:00,False,156.25,158.04,154.66,157.15,0.0,1.0,1.0
2025-06-04 16:00:00+00:00,False,157.15,157.67,155.21,155.22,0.0,1.0,1.0
2025-06-04 20:00:00+00:00,False,155.22,155.67,153.0,153.56,0.0,1.0,1.0
2025-06-05 00:00:00+00:00,False,153.58,154.69,153.07,153.75,0.0,1.0,1.0
2025-06-05 04:00:00+00:00,False,153.75,154.23,152.0,152.86,0.0,1.0,1.0
2025-06-05 08:00:00+00:00,False,152.88,153.13,151.33,152.35,0.0,1.0,1.0
2025-06-05 12:00:00+00:00,False,152.34,154.5,148.67,150.99,0.0,1.0,1.0
2025-06-05 16:00:00+00:00,False,151.0,151.16,144.18,146.55,0.0,1.0,1.0
2025-06-05 20:00:00+00:00,False,146.56,146.63,141.53,144.47,0.0,1.0,1.0
2025-06-06 00:00:00+00:00,False,144.48,147.14,144.19,146.97,0.0,1.0,1.0
2025-06-06 04:00:00+00:00,False,146.99,148.37,146.72,147.66,0.0,1.0,1.0
2025-06-06 08:00:00+00:00,False,147.67,149.86,147.52,149.83,0.0,1.0,1.0
2025-06-06 12:00:00+00:00,False,149.82,152.5,149.57,151.34,0.0,1.0,1.0
2025-06-06 16:00:00+00:00,False,151.3,151.67,148.59,149.1,0.0,1.0,1.0
2025-06-06 20:00:00+00:00,False,149.08,150.1,147.61,147.71,0.0,1.0,1.0
2025-06-07 00:00:00+00:00,False,147.71,149.84,146.92,149.28,0.0,1.0,1.0
2025-06-07 04:00:00+00:00,False,149.32,152.93,149.1,152.77,0.0,1.0,1.0
2025-06-07 08:00:00+00:00,False,152.75,152.8,151.32,151.71,0.0,1.0,1.0
2025-06-07 12:00:00+00:00,False,151.73,152.5,150.81,151.32,0.0,1.0,1.0
2025-06-07 16:00:00+00:00,False,151.38,151.7,150.24,150.93,0.0,1.0,1.0
2025-06-07 20:00:00+00:00,False,150.91,151.58,149.85,150.02,0.0,1.0,1.0
2025-06-08 00:00:00+00:00,False,150.03,150.43,149.25,149.79,0.0,1.0,1.0
2025-06-08 04:00:00+00:00,False,149.78,150.59,149.17,149.49,0.0,1.0,1.0
2025-06-08 08:00:00+00:00,False,149.52,149.79,148.0,149.51,0.0,1.0,1.0
2025-06-08 12:00:00+00:00,True,149.53,151.25,149.1,151.19,0.0,0.0,1.0
2025-06-08 16:00:00+00:00,True,151.18,154.75,151.16,154.44,0.0,0.0,1.0
2025-06-08 20:00:00+00:00,True,154.44,155.35,152.22,152.73,0.0,0.0,1.0
2025-06-09 00:00:00+00:00,True,152.7,153.28,150.88,151.89,0.0,0.0,1.0
2025-06-09 04:00:00+00:00,True,151.88,151.97,149.68,150.79,0.0,0.0,1.0
2025-06-09 08:00:00+00:00,True,150.81,156.71,150.48,155.37,0.0,0.0,1.0
2025-06-09 12:00:00+00:00,True,155.35,155.98,153.15,155.41,0.0,0.0,1.0
2025-06-09 16:00:00+00:00,True,155.43,157.07,155.13,156.12,0.0,0.0,1.0
2025-06-09 20:00:00+00:00,True,156.12,161.8,155.94,161.03,0.0,0.0,1.0
2025-06-10 00:00:00+00:00,True,161.02,161.89,158.77,159.53,0.0,0.0,1.0
2025-06-10 04:00:00+00:00,True,159.52,159.68,157.48,158.6,0.0,0.0,1.0
2025-06-10 08:00:00+00:00,True,158.6,161.55,157.21,160.93,0.0,0.0,1.0
2025-06-10 12:00:00+00:00,True,160.92,162.02,156.35,158.25,0.0,0.0,1.0
2025-06-10 16:00:00+00:00,True,158.25,165.53,157.12,163.09,0.0,0.0,1.0
2025-06-10 20:00:00+00:00,True,163.12,165.71,162.87,165.32,0.0,0.0,1.0
2025-06-11 00:00:00+00:00,True,165.36,167.47,163.44,166.33,0.0,0.0,1.0
2025-06-11 04:00:00+00:00,True,166.32,167.16,164.41,167.05,0.0,0.0,1.0
2025-06-11 08:00:00+00:00,True,167.06,167.22,163.96,164.45,0.0,0.0,1.0
2025-06-11 12:00:00+00:00,True,164.45,168.38,163.7,167.07,0.0,0.0,1.0
2025-06-11 16:00:00+00:00,True,167.07,167.48,161.95,162.08,0.0,0.0,1.0
2025-06-11 20:00:00+00:00,True,162.07,163.99,159.25,160.83,0.0,0.0,1.0
2025-06-12 00:00:00+00:00,True,160.81,161.35,159.28,160.09,0.0,0.0,1.0
2025-06-12 04:00:00+00:00,True,160.09,160.58,158.27,158.43,0.0,0.0,1.0
2025-06-12 08:00:00+00:00,True,158.42,159.96,157.46,158.09,0.0,0.0,1.0
2025-06-12 12:00:00+00:00,True,158.09,160.71,156.5,157.25,0.0,0.0,1.0
2025-06-12 16:00:00+00:00,True,157.24,160.6,154.39,155.2,0.0,0.0,1.0
2025-06-12 20:00:00+00:00,True,155.2,155.46,149.82,150.23,0.0,0.0,1.0
2025-06-13 00:00:00+00:00,True,150.28,150.57,140.89,144.05,0.0,0.0,1.0
2025-06-13 04:00:00+00:00,True,144.04,145.54,142.71,145.15,0.0,0.0,1.0
2025-06-13 08:00:00+00:00,False,145.15,146.76,143.73,145.74,0.0,0.0,0.0
2025-06-13 12:00:00+00:00,False,145.74,147.9,144.01,147.42,0.0,0.0,0.0
2025-06-13 16:00:00+00:00,False,147.4,148.66,144.39,144.94,0.0,0.0,0.0
2025-06-13 20:00:00+00:00,False,144.95,149.0,144.79,148.46,0.0,0.0,0.0
2025-06-14 00:00:00+00:00,False,148.45,148.76,146.41,146.77,0.0,0.0,0.0
2025-06-14 04:00:00+00:00,False,146.77,147.22,145.59,145.95,0.0,0.0,0.0
2025-06-14 08:00:00+00:00,False,145.99,146.17,145.02,145.9,0.0,0.0,0.0
2025-06-14 12:00:00+00:00,False,145.9,145.99,143.91,145.01,0.0,0.0,0.0
2025-06-14 16:00:00+00:00,False,145.01,145.23,143.02,143.43,0.0,0.0,0.0
2025-06-14 20:00:00+00:00,False,143.4,145.13,142.03,144.78,0.0,0.0,0.0
2025-06-15 00:00:00+00:00,False,144.76,146.15,144.69,145.82,0.0,0.0,0.0
2025-06-15 04:00:00+00:00,False,145.82,148.17,145.66,145.76,0.0,0.0,0.0
2025-06-15 08:00:00+00:00,False,145.76,146.77,144.29,146.24,0.0,0.0,0.0
2025-06-15 12:00:00+00:00,False,146.27,153.08,146.23,151.12,0.0,0.0,0.0
2025-06-15 16:00:00+00:00,False,151.13,153.58,150.23,151.91,0.0,0.0,0.0
2025-06-15 20:00:00+00:00,False,151.91,153.05,148.19,152.8,0.0,0.0,0.0
2025-06-16 00:00:00+00:00,False,152.8,157.35,151.02,155.87,0.0,0.0,0.0
2025-06-16 04:00:00+00:00,False,155.87,157.95,155.81,157.34,0.0,0.0,0.0
2025-06-16 08:00:00+00:00,True,157.35,157.54,154.82,156.54,0.0,0.0,0.0
2025-06-16 12:00:00+00:00,True,156.53,157.83,154.69,156.67,0.0,0.0,0.0
2025-06-16 16:00:00+00:00,True,156.68,158.82,156.67,157.53,0.0,0.0,0.0
2025-06-16 20:00:00+00:00,True,157.54,158.01,149.65,149.91,0.0,0.0,0.0
2025-06-17 00:00:00+00:00,True,149.96,154.11,147.51,153.55,0.0,0.0,0.0
2025-06-17 04:00:00+00:00,True,153.53,154.38,152.43,152.71,0.0,0.0,0.0
2025-06-17 08:00:00+00:00,True,152.71,152.84,150.19,150.73,0.0,0.0,0.0
2025-06-17 12:00:00+00:00,True,150.73,151.45,146.55,147.53,0.0,0.0,0.0
2025-06-17 16:00:00+00:00,True,147.53,150.44,145.6,149.09,0.0,0.0,0.0
2025-06-17 20:00:00+00:00,True,149.08,149.34,146.31,147.81,0.0,0.0,0.0
2025-06-18 00:00:00+00:00,True,147.81,149.15,146.54,148.35,0.0,0.0,0.0
2025-06-18 04:00:00+00:00,True,148.36,149.32,146.92,148.47,0.0,0.0,0.0
2025-06-18 08:00:00+00:00,True,148.46,148.57,145.38,146.31,0.0,0.0,0.0
2025-06-18 12:00:00+00:00,False,146.3,146.81,143.83,145.27,0.0,0.0,0.0
2025-06-18 16:00:00+00:00,False,145.26,146.54,143.69,144.94,0.0,0.0,0.0
2025-06-18 20:00:00+00:00,False,144.93,147.96,144.13,146.36,0.0,0.0,0.0
2025-06-19 00:00:00+00:00,False,146.36,147.96,145.02,146.41,0.0,0.0,0.0
2025-06-19 04:00:00+00:00,False,146.41,147.21,145.04,145.41,0.0,0.0,0.0
2025-06-19 08:00:00+00:00,False,145.4,146.55,144.83,144.83,0.0,0.0,0.0
2025-06-19 12:00:00+00:00,False,144.82,145.55,142.98,143.67,0.0,0.0,0.0
2025-06-19 16:00:00+00:00,False,143.67,146.06,143.14,145.6,0.0,0.0,0.0
2025-06-19 20:00:00+00:00,False,145.6,147.49,145.06,146.98,0.0,0.0,0.0
2025-06-20 00:00:00+00:00,False,146.99,147.56,145.31,145.34,0.0,0.0,0.0
2025-06-20 04:00:00+00:00,False,145.35,147.8,144.32,147.56,0.0,0.0,0.0
2025-06-20 08:00:00+00:00,False,147.57,148.83,146.97,148.35,0.0,0.0,0.0
2025-06-20 12:00:00+00:00,False,148.37,148.4,142.38,142.71,0.0,0.0,0.0
2025-06-20 16:00:00+00:00,False,142.68,142.88,135.72,140.27,0.0,0.0,0.0
2025-06-20 20:00:00+00:00,False,140.27,141.73,138.68,139.98,0.0,0.0,0.0
2025-06-21 00:00:00+00:00,False,139.99,141.39,139.55,140.84,0.0,0.0,0.0
2025-06-21 04:00:00+00:00,False,140.83,140.97,139.89,140.85,0.0,0.0,0.0
2025-06-21 08:00:00+00:00,False,140.86,142.63,140.32,142.34,0.0,0.0,0.0
2025-06-21 12:00:00+00:00,False,142.34,142.5,139.19,140.09,0.0,0.0,0.0
2025-06-21 16:00:00+00:00,False,140.08,141.11,136.86,137.18,0.0,0.0,0.0
2025-06-21 20:00:00+00:00,False,137.2,138.9,131.0,135.72,0.0,0.0,0.0
2025-06-22 00:00:00+00:00,False,135.67,137.69,133.26,135.06,0.0,0.0,0.0
2025-06-22 04:00:00+00:00,False,135.06,136.55,134.67,134.98,0.0,0.0,0.0
2025-06-22 08:00:00+00:00,False,134.96,135.41,132.01,133.34,0.0,0.0,0.0
2025-06-22 12:00:00+00:00,False,133.36,133.92,126.56,128.77,0.0,0.0,0.0
2025-06-22 16:00:00+00:00,False,128.76,131.52,128.32,128.8,0.0,0.0,0.0
2025-06-22 20:00:00+00:00,False,128.78,132.61,126.03,131.76,0.0,0.0,0.0
2025-06-23 00:00:00+00:00,False,131.73,133.59,131.64,132.84,0.0,0.0,0.0
2025-06-23 04:00:00+00:00,False,132.82,135.07,132.4,134.36,0.0,0.0,0.0
2025-06-23 08:00:00+00:00,False,134.38,134.94,133.3,133.93,0.0,0.0,0.0
2025-06-23 12:00:00+00:00,False,133.92,137.52,132.96,133.39,0.0,0.0,0.0
2025-06-23 16:00:00+00:00,False,133.38,140.3,130.72,139.52,0.0,0.0,0.0
2025-06-23 20:00:00+00:00,False,139.53,147.03,139.46,144.59,0.0,0.0,0.0
2025-06-24 00:00:00+00:00,False,144.59,144.86,142.4,143.56,0.0,0.0,0.0
2025-06-24 04:00:00+00:00,False,143.56,146.9,142.94,144.09,0.0,0.0,0.0
2025-06-24 08:00:00+00:00,True,144.09,145.91,143.11,144.75,0.0,0.0,0.0
2025-06-24 12:00:00+00:00,True,144.76,145.8,143.51,144.74,0.0,0.0,0.0
2025-06-24 16:00:00+00:00,True,144.73,146.69,142.91,143.58,0.0,0.0,0.0
2025-06-24 20:00:00+00:00,True,143.58,146.0,143.26,145.65,0.0,0.0,0.0
2025-06-25 00:00:00+00:00,True,145.65,146.96,145.11,145.53,0.0,0.0,0.0
2025-06-25 04:00:00+00:00,True,145.53,147.51,144.96,146.78,0.0,0.0,0.0
2025-06-25 08:00:00+00:00,True,146.78,146.96,145.08,145.93,0.0,0.0,0.0
2025-06-25 12:00:00+00:00,True,145.94,148.02,143.18,144.22,0.0,0.0,0.0
2025-06-25 16:00:00+00:00,True,144.21,144.82,142.9,144.39,0.0,0.0,0.0
2025-06-25 20:00:00+00:00,True,144.38,145.68,142.35,143.6,0.0,0.0,0.0
2025-06-26 00:00:00+00:00,True,143.6,148.06,143.5,145.95,0.0,0.0,0.0
2025-06-26 04:00:00+00:00,True,145.96,146.12,144.11,145.38,0.0,0.0,0.0
2025-06-26 08:00:00+00:00,True,145.41,145.89,143.21,143.86,0.0,0.0,0.0
2025-06-26 12:00:00+00:00,True,143.85,144.03,141.46,143.22,0.0,0.0,0.0
2025-06-26 16:00:00+00:00,True,143.21,143.22,140.96,142.19,0.0,0.0,0.0
2025-06-26 20:00:00+00:00,True,142.18,144.04,138.7,139.23,0.0,0.0,0.0
2025-06-27 00:00:00+00:00,True,139.24,141.65,137.21,141.2,0.0,0.0,0.0
2025-06-27 04:00:00+00:00,True,141.19,142.3,140.26,140.64,0.0,0.0,0.0
2025-06-27 08:00:00+00:00,True,140.65,142.85,140.47,142.19,0.0,0.0,0.0
2025-06-27 12:00:00+00:00,True,142.2,143.91,141.2,143.5,0.0,0.0,0.0
2025-06-27 16:00:00+00:00,True,143.51,144.91,140.18,141.97,0.0,0.0,0.0
2025-06-27 20:00:00+00:00,True,141.98,143.45,141.79,141.79,0.0,0.0,0.0
2025-06-28 00:00:00+00:00,True,141.79,143.63,141.2,143.3,0.0,0.0,0.0
2025-06-28 04:00:00+00:00,True,143.31,146.91,143.15,146.44,0.0,0.0,0.0
2025-06-28 08:00:00+00:00,True,146.45,147.6,145.68,147.26,0.0,0.0,0.0
2025-06-28 12:00:00+00:00,True,147.26,148.92,145.96,148.54,0.0,0.0,0.0
2025-06-28 16:00:00+00:00,True,148.55,152.73,148.55,150.93,0.0,0.0,0.0
2025-06-28 20:00:00+00:00,True,150.92,151.44,150.12,150.76,0.0,0.0,0.0
2025-06-29 00:00:00+00:00,True,150.77,151.15,149.44,149.63,0.0,0.0,0.0
2025-06-29 04:00:00+00:00,True,149.63,150.72,149.46,150.64,0.0,0.0,0.0
2025-06-29 08:00:00+00:00,True,150.65,152.31,150.01,151.52,0.0,0.0,0.0
2025-06-29 12:00:00+00:00,True,151.52,152.62,150.64,150.84,0.0,0.0,0.0
2025-06-29 16:00:00+00:00,True,150.85,152.27,149.74,151.26,0.0,0.0,0.0
2025-06-29 20:00:00+00:00,True,151.26,154.8,150.36,153.41,0.0,0.0,0.0
2025-06-30 00:00:00+00:00,True,153.4,154.12,151.34,151.96,0.0,0.0,0.0
2025-06-30 04:00:00+00:00,True,151.96,152.15,149.75,150.79,0.0,0.0,0.0
2025-06-30 08:00:00+00:00,True,150.78,151.11,149.48,150.52,0.0,0.0,0.0
2025-06-30 12:00:00+00:00,True,150.52,163.9,149.77,157.4,0.0,0.0,0.0
2025-06-30 16:00:00+00:00,True,157.4,158.5,155.38,157.19,0.0,0.0,0.0
2025-06-30 20:00:00+00:00,True,157.19,157.74,154.58,154.84,0.0,0.0,0.0
2025-07-01 00:00:00+00:00,True,154.84,155.69,153.2,153.65,0.0,0.0,0.0
2025-07-01 04:00:00+00:00,True,153.66,153.7,148.75,149.86,0.0,0.0,0.0
2025-07-01 08:00:00+00:00,True,149.85,150.09,148.27,149.06,0.0,0.0,0.0
2025-07-01 12:00:00+00:00,True,149.05,149.34,146.3,147.16,0.0,0.0,0.0
2025-07-01 16:00:00+00:00,True,147.15,148.5,144.86,145.19,0.0,0.0,0.0
2025-07-01 20:00:00+00:00,True,145.22,147.06,145.22,146.99,0.0,0.0,0.0
2025-07-02 00:00:00+00:00,True,146.98,149.28,145.86,148.69,0.0,0.0,0.0
2025-07-02 04:00:00+00:00,True,148.69,149.95,148.36,149.51,0.0,0.0,0.0
2025-07-02 08:00:00+00:00,True,149.51,150.02,148.25,148.41,0.0,0.0,0.0
2025-07-02 12:00:00+00:00,True,148.41,151.79,147.17,151.77,0.0,0.0,0.0
2025-07-02 16:00:00+00:00,True,151.76,153.74,150.42,152.9,0.0,0.0,0.0
2025-07-02 20:00:00+00:00,True,152.9,154.53,151.95,152.6,0.0,0.0,0.0
2025-07-03 00:00:00+00:00,True,152.61,154.1,151.87,153.31,0.0,0.0,0.0
2025-07-03 04:00:00+00:00,True,153.32,155.98,153.3,155.67,0.0,0.0,0.0
2025-07-03 08:00:00+00:00,True,155.66,156.42,154.2,154.53,0.0,0.0,0.0
2025-07-03 12:00:00+00:00,True,154.53,155.36,149.95,150.47,0.0,0.0,0.0
2025-07-03 16:00:00+00:00,True,150.46,152.12,149.97,151.98,0.0,0.0,0.0
2025-07-03 20:00:00+00:00,True,151.98,153.3,151.97,152.58,0.0,0.0,0.0
2025-07-04 00:00:00+00:00,True,152.57,153.23,150.94,151.86,0.0,0.0,0.0
2025-07-04 04:00:00+00:00,True,151.86,153.92,150.28,150.51,0.0,0.0,0.0
2025-07-04 08:00:00+00:00,True,150.51,151.02,149.08,150.34,0.0,0.0,0.0
2025-07-04 12:00:00+00:00,True,150.34,151.3,146.36,146.46,0.0,0.0,0.0
2025-07-04 16:00:00+00:00,True,146.46,147.07,145.25,146.73,0.0,0.0,0.0
2025-07-04 20:00:00+00:00,False,146.73,148.41,146.41,147.78,0.0,0.0,0.0
2025-07-05 00:00:00+00:00,False,147.78,148.49,147.24,147.62,0.0,0.0,0.0
2025-07-05 04:00:00+00:00,False,147.61,148.58,146.76,147.66,0.0,0.0,0.0
2025-07-05 08:00:00+00:00,False,147.66,148.59,146.85,148.1,0.0,0.0,0.0
2025-07-05 12:00:00+00:00,False,148.1,148.71,147.12,147.29,0.0,0.0,0.0
2025-07-05 16:00:00+00:00,False,147.28,147.28,145.95,146.83,0.0,0.0,0.0
2025-07-05 20:00:00+00:00,False,146.83,148.08,146.5,147.42,0.0,0.0,0.0
2025-07-06 00:00:00+00:00,False,147.42,147.7,146.87,147.62,0.0,0.0,0.0
2025-07-06 04:00:00+00:00,False,147.62,148.54,147.12,147.87,0.0,0.0,0.0
2025-07-06 08:00:00+00:00,False,147.87,148.09,146.82,148.04,0.0,0.0,0.0
2025-07-06 12:00:00+00:00,False,148.03,152.12,147.92,151.7,0.0,0.0,0.0
2025-07-06 16:00:00+00:00,False,151.69,153.25,150.72,151.57,0.0,0.0,0.0
2025-07-06 20:00:00+00:00,False,151.58,153.9,151.47,151.93,0.0,0.0,0.0
2025-07-07 00:00:00+00:00,False,151.94,152.92,150.26,152.16,0.0,0.0,0.0
2025-07-07 04:00:00+00:00,False,152.16,152.56,150.86,152.54,0.0,0.0,0.0
2025-07-07 08:00:00+00:00,True,152.55,153.61,151.67,152.48,0.0,1.0,0.0
2025-07-07 12:00:00+00:00,True,152.49,153.4,150.98,151.3,0.0,1.0,0.0
2025-07-07 16:00:00+00:00,True,151.31,151.61,148.3,148.36,0.0,1.0,0.0
2025-07-07 20:00:00+00:00,True,148.36,149.05,147.7,149.0,0.0,1.0,0.0
2025-07-08 00:00:00+00:00,True,149.0,150.14,147.84,148.37,0.0,1.0,0.0
2025-07-08 04:00:00+00:00,False,148.37,149.92,148.21,149.84,0.0,1.0,0.0
2025-07-08 08:00:00+00:00,False,149.84,151.66,149.65,151.54,0.0,1.0,0.0
2025-07-08 12:00:00+00:00,False,151.54,152.89,149.79,150.22,0.0,1.0,0.0
2025-07-08 16:00:00+00:00,False,150.22,152.88,149.39,151.47,0.0,1.0,0.0
2025-07-08 20:00:00+00:00,True,151.47,151.98,150.01,151.49,0.0,1.0,0.0
2025-07-09 00:00:00+00:00,True,151.48,152.38,151.12,151.31,0.0,1.0,0.0
2025-07-09 04:00:00+00:00,True,151.31,153.88,150.57,153.05,0.0,1.0,0.0
2025-07-09 08:00:00+00:00,True,153.03,154.47,152.34,153.74,0.0,1.0,0.0
2025-07-09 12:00:00+00:00,True,153.75,155.55,152.89,154.03,0.0,1.0,0.0
2025-07-09 16:00:00+00:00,True,154.03,157.88,151.25,156.79,0.0,1.0,0.0
2025-07-09 20:00:00+00:00,True,156.8,157.99,155.46,157.39,0.0,1.0,0.0
2025-07-10 00:00:00+00:00,True,157.41,159.38,155.98,157.18,0.0,1.0,0.0
2025-07-10 04:00:00+00:00,True,157.19,158.69,156.74,158.0,0.0,1.0,0.0
2025-07-10 08:00:00+00:00,True,158.0,159.24,157.16,157.24,0.0,1.0,0.0
2025-07-10 12:00:00+00:00,True,157.24,158.44,155.71,156.36,0.0,1.0,0.0
2025-07-10 16:00:00+00:00,True,156.36,161.25,156.11,159.7,0.0,1.0,0.0
2025-07-10 20:00:00+00:00,True,159.68,165.4,159.58,164.38,0.0,1.0,0.0
2025-07-11 00:00:00+00:00,True,164.37,165.49,161.89,164.87,0.0,1.0,0.0
2025-07-11 04:00:00+00:00,True,164.86,166.88,163.23,163.46,0.0,1.0,0.0
2025-07-11 08:00:00+00:00,True,163.45,165.42,163.44,164.12,0.0,1.0,0.0
2025-07-11 12:00:00+00:00,True,164.12,168.23,161.66,162.79,0.0,1.0,0.0
2025-07-11 16:00:00+00:00,True,162.79,165.08,161.31,164.05,0.0,1.0,0.0
2025-07-11 20:00:00+00:00,True,164.05,164.9,159.63,162.98,0.0,1.0,0.0
2025-07-12 00:00:00+00:00,True,162.96,163.98,161.79,163.58,0.0,1.0,0.0
2025-07-12 04:00:00+00:00,True,163.58,163.93,162.11,163.42,0.0,1.0,0.0
2025-07-12 08:00:00+00:00,True,163.42,163.42,161.48,161.76,0.0,1.0,0.0
2025-07-12 12:00:00+00:00,True,161.76,161.78,157.77,158.49,0.0,1.0,0.0
2025-07-12 16:00:00+00:00,True,158.51,160.91,158.37,160.75,0.0,1.0,0.0
2025-07-12 20:00:00+00:00,True,160.75,160.99,158.99,160.55,0.0,1.0,0.0
2025-07-13 00:00:00+00:00,True,160.55,161.82,160.23,161.21,0.0,1.0,0.0
2025-07-13 04:00:00+00:00,True,161.2,162.84,161.14,162.42,0.0,1.0,0.0
2025-07-13 08:00:00+00:00,True,162.42,162.81,161.64,162.05,0.0,1.0,0.0
2025-07-13 12:00:00+00:00,True,162.04,164.23,161.7,162.28,0.0,1.0,0.0
2025-07-13 16:00:00+00:00,True,162.28,163.6,160.55,162.06,0.0,1.0,0.0
2025-07-13 20:00:00+00:00,True,162.07,163.14,159.7,160.97,0.0,1.0,0.0
2025-07-14 00:00:00+00:00,True,160.97,168.23,160.69,167.51,0.0,1.0,0.0
2025-07-14 04:00:00+00:00,True,167.51,168.69,165.39,166.75,0.0,1.0,0.0
2025-07-14 08:00:00+00:00,True,166.77,168.2,166.1,166.78,0.0,1.0,0.0
2025-07-14 12:00:00+00:00,True,166.78,168.66,163.04,163.61,0.0,1.0,0.0
2025-07-14 16:00:00+00:00,True,163.61,165.36,162.42,163.42,0.0,1.0,0.0
2025-07-14 20:00:00+00:00,True,163.42,163.59,161.72,162.12,0.0,1.0,0.0
2025-07-15 00:00:00+00:00,True,162.13,162.96,158.19,158.92,0.0,1.0,0.0
2025-07-15 04:00:00+00:00,True,158.91,160.88,158.24,159.21,0.0,1.0,0.0
2025-07-15 08:00:00+00:00,False,159.21,160.14,158.36,159.68,0.0,1.0,1.0
2025-07-15 12:00:00+00:00,False,159.69,162.17,157.13,160.97,0.0,1.0,1.0
2025-07-15 16:00:00+00:00,False,160.96,163.68,159.86,159.91,0.0,1.0,1.0
2025-07-15 20:00:00+00:00,False,159.89,164.29,159.69,163.73,0.0,1.0,1.0
2025-07-16 00:00:00+00:00,False,163.73,165.29,161.53,162.49,0.0,1.0,1.0
2025-07-16 04:00:00+00:00,False,162.49,164.65,161.79,164.0,0.0,1.0,1.0
2025-07-16 08:00:00+00:00,False,164.01,167.55,163.83,166.94,0.0,1.0,1.0
2025-07-16 12:00:00+00:00,False,166.93,169.6,165.39,169.07,0.0,1.0,1.0
2025-07-16 16:00:00+00:00,True,169.11,174.8,169.06,174.57,0.0,1.0,1.0
2025-07-16 20:00:00+00:00,True,174.56,176.1,172.46,173.7,0.0,1.0,1.0
2025-07-17 00:00:00+00:00,True,173.72,174.93,168.8,169.44,0.0,1.0,1.0
2025-07-17 04:00:00+00:00,True,169.43,174.23,169.33,173.51,0.0,1.0,1.0
2025-07-17 08:00:00+00:00,True,173.5,178.23,172.71,176.21,0.0,1.0,1.0
2025-07-17 12:00:00+00:00,True,176.18,177.64,172.87,174.39,0.0,1.0,1.0
2025-07-17 16:00:00+00:00,True,174.36,175.48,171.22,172.55,0.0,1.0,1.0
2025-07-17 20:00:00+00:00,True,172.54,177.5,171.41,177.0,0.0,1.0,1.0
2025-07-18 00:00:00+00:00,True,176.98,181.31,175.39,180.11,0.0,1.0,1.0
2025-07-18 04:00:00+00:00,True,180.11,184.79,179.98,181.46,0.0,1.0,1.0
2025-07-18 08:00:00+00:00,True,181.46,182.06,177.18,178.54,0.0,1.0,1.0
2025-07-18 12:00:00+00:00,True,178.53,182.27,175.0,177.49,0.0,1.0,1.0
2025-07-18 16:00:00+00:00,True,177.46,179.27,176.23,176.62,0.0,1.0,1.0
2025-07-18 20:00:00+00:00,True,176.61,177.69,173.3,177.49,0.0,1.0,1.0
2025-07-19 00:00:00+00:00,True,177.49,177.75,174.09,177.61,0.0,1.0,1.0
2025-07-19 04:00:00+00:00,True,177.61,177.85,176.23,177.15,0.0,1.0,1.0
2025-07-19 08:00:00+00:00,True,177.14,177.85,175.51,176.62,0.0,1.0,1.0
2025-07-19 12:00:00+00:00,True,176.62,177.85,174.89,176.76,0.0,1.0,1.0
2025-07-19 16:00:00+00:00,True,176.76,178.14,176.14,177.2,0.0,1.0,1.0
2025-07-19 20:00:00+00:00,True,177.21,178.74,175.12,176.96,0.0,1.0,1.0
2025-07-20 00:00:00+00:00,True,176.97,179.82,176.4,177.9,0.0,1.0,1.0
2025-07-20 04:00:00+00:00,True,177.91,178.73,177.0,178.52,0.0,1.0,1.0
2025-07-20 08:00:00+00:00,True,178.55,181.64,178.07,180.11,0.0,1.0,1.0
2025-07-20 12:00:00+00:00,True,180.11,183.23,180.02,182.38,0.0,1.0,1.0
2025-07-20 16:00:00+00:00,True,182.38,183.72,180.32,181.05,0.0,1.0,1.0
2025-07-20 20:00:00+00:00,True,181.0,182.44,177.85,181.33,0.0,1.0,1.0
2025-07-21 00:00:00+00:00,True,181.37,187.33,178.36,187.02,0.0,1.0,1.0
2025-07-21 04:00:00+00:00,True,187.02,191.08,185.11,189.91,0.0,1.0,1.0
2025-07-21 08:00:00+00:00,True,189.94,193.0,189.76,190.82,0.0,1.0,1.0
2025-07-21 12:00:00+00:00,True,190.8,199.48,190.31,196.23,0.0,1.0,1.0
2025-07-21 16:00:00+00:00,True,196.25,197.39,193.11,194.7,0.0,1.0,1.0
2025-07-21 20:00:00+00:00,True,194.71,197.9,193.72,196.19,0.0,1.0,1.0
2025-07-22 00:00:00+00:00,True,196.19,204.8,193.82,199.44,0.0,1.0,1.0
2025-07-22 04:00:00+00:00,True,199.43,201.37,194.21,196.95,0.0,1.0,1.0
2025-07-22 08:00:00+00:00,True,196.93,200.27,194.1,200.04,0.0,1.0,1.0
2025-07-22 12:00:00+00:00,True,200.05,205.13,197.0,202.01,0.0,1.0,1.0
2025-07-22 16:00:00+00:00,True,202.0,204.35,198.36,199.75,0.0,1.0,1.0
2025-07-22 20:00:00+00:00,True,199.72,206.42,199.2,205.04,0.0,1.0,1.0
2025-07-23 00:00:00+00:00,True,205.04,205.48,201.09,201.74,0.0,1.0,1.0
2025-07-23 04:00:00+00:00,True,201.74,202.39,198.97,199.23,0.0,1.0,1.0
2025-07-23 08:00:00+00:00,True,199.22,200.1,196.0,197.16,0.0,1.0,1.0
2025-07-23 12:00:00+00:00,True,197.18,197.66,187.69,192.59,0.0,1.0,1.0
2025-07-23 16:00:00+00:00,True,192.59,192.87,185.68,189.14,0.0,1.0,1.0
2025-07-23 20:00:00+00:00,True,189.15,190.19,184.06,188.9,0.0,1.0,1.0
2025-07-24 00:00:00+00:00,True,188.9,192.06,188.57,190.13,0.0,1.0,1.0
2025-07-24 04:00:00+00:00,True,190.15,190.22,179.29,183.53,0.0,1.0,1.0
2025-07-24 08:00:00+00:00,True,183.52,187.02,183.0,186.67,0.0,1.0,1.0
2025-07-24 12:00:00+00:00,False,186.67,192.0,183.44,188.41,0.0,1.0,1.0
2025-07-24 16:00:00+00:00,False,188.47,190.16,184.94,187.69,0.0,1.0,1.0
2025-07-24 20:00:00+00:00,False,187.68,189.15,182.0,182.04,0.0,1.0,1.0
2025-07-25 00:00:00+00:00,False,182.05,183.59,175.73,177.51,0.0,1.0,1.0
2025-07-25 04:00:00+00:00,False,177.5,179.81,175.96,177.63,0.0,1.0,1.0
2025-07-25 08:00:00+00:00,False,177.64,182.16,176.9,181.43,0.0,1.0,1.0
2025-07-25 12:00:00+00:00,False,181.4,181.9,176.25,178.69,0.0,1.0,1.0
2025-07-25 16:00:00+00:00,False,178.69,182.88,177.51,182.32,0.0,1.0,1.0
2025-07-25 20:00:00+00:00,False,182.31,186.99,182.12,186.94,0.0,1.0,1.0
2025-07-26 00:00:00+00:00,False,186.93,186.95,184.4,185.87,0.0,1.0,1.0
2025-07-26 04:00:00+00:00,False,185.88,187.16,185.67,186.54,0.0,1.0,1.0
2025-07-26 08:00:00+00:00,False,186.53,189.8,186.5,187.72,0.0,1.0,1.0
2025-07-26 12:00:00+00:00,False,187.72,188.52,186.13,187.59,0.0,1.0,1.0
2025-07-26 16:00:00+00:00,False,187.59,187.67,185.11,186.22,0.0,1.0,1.0
2025-07-26 20:00:00+00:00,False,186.21,186.82,184.37,184.67,0.0,1.0,1.0
2025-07-27 00:00:00+00:00,False,184.68,187.66,184.57,187.4,0.0,1.0,1.0
2025-07-27 04:00:00+00:00,False,187.42,188.41,186.69,187.38,0.0,1.0,1.0
2025-07-27 08:00:00+00:00,False,187.37,188.62,186.24,186.87,0.0,1.0,1.0
2025-07-27 12:00:00+00:00,False,186.9,187.39,184.93,187.29,0.0,1.0,1.0
2025-07-27 16:00:00+00:00,False,187.29,189.86,186.0,187.68,0.0,1.0,1.0
2025-07-27 20:00:00+00:00,False,187.67,190.76,186.51,188.52,0.0,1.0,1.0
2025-07-28 00:00:00+00:00,False,188.52,193.92,187.73,193.9,0.0,1.0,1.0
2025-07-28 04:00:00+00:00,False,193.88,195.37,191.68,192.28,0.0,1.0,1.0
2025-07-28 08:00:00+00:00,False,192.3,193.38,190.64,191.48,0.0,1.0,1.0
2025-07-28 12:00:00+00:00,False,191.49,193.56,186.3,186.42,0.0,1.0,1.0
2025-07-28 16:00:00+00:00,False,186.44,188.04,183.46,185.25,0.0,1.0,1.0
2025-07-28 20:00:00+00:00,False,185.26,185.38,182.2,183.42,0.0,1.0,1.0
2025-07-29 00:00:00+00:00,False,183.42,184.73,180.66,184.5,0.0,1.0,1.0
2025-07-29 04:00:00+00:00,False,184.5,186.7,183.22,186.05,0.0,1.0,1.0
2025-07-29 08:00:00+00:00,False,186.04,186.25,182.25,183.17,0.0,1.0,1.0
2025-07-29 12:00:00+00:00,False,183.17,184.98,179.26,180.46,0.0,1.0,1.0
2025-07-29 16:00:00+00:00,False,180.45,182.45,178.19,180.89,0.0,1.0,1.0
2025-07-29 20:00:00+00:00,False,180.92,181.97,179.24,181.04,0.0,1.0,1.0
2025-07-30 00:00:00+00:00,False,181.06,182.33,178.77,181.96,0.0,1.0,1.0
2025-07-30 04:00:00+00:00,False,181.94,182.53,179.33,180.84,0.0,1.0,1.0
2025-07-30 08:00:00+00:00,False,180.85,181.49,176.43,177.25,0.0,1.0,1.0
2025-07-30 12:00:00+00:00,False,177.24,180.64,176.63,178.7,0.0,1.0,1.0
2025-07-30 16:00:00+00:00,False,178.69,180.19,170.38,176.86,0.0,1.0,1.0
2025-07-30 20:00:00+00:00,False,176.84,178.08,174.74,177.69,0.0,1.0,1.0
2025-07-31 00:00:00+00:00,False,177.69,180.62,177.65,180.1,0.0,1.0,1.0
2025-07-31 04:00:00+00:00,False,180.1,181.62,179.79,181.16,0.0,1.0,1.0
2025-07-31 08:00:00+00:00,False,181.16,182.69,180.23,180.66,0.0,1.0,1.0
2025-07-31 12:00:00+00:00,False,180.65,180.65,175.23,177.58,0.0,1.0,1.0
2025-07-31 16:00:00+00:00,False,177.57,179.73,174.63,174.8,0.0,1.0,1.0
2025-07-31 20:00:00+00:00,False,174.83,175.68,171.41,171.92,0.0,1.0,1.0
2025-08-01 00:00:00+00:00,False,171.89,172.25,167.42,170.64,0.0,1.0,1.0
2025-08-01 04:00:00+00:00,False,170.64,170.86,167.66,168.05,0.0,1.0,1.0
2025-08-01 08:00:00+00:00,False,167.98,169.49,166.13,169.18,0.0,1.0,1.0
2025-08-01 12:00:00+00:00,False,169.18,170.3,164.5,168.37,0.0,1.0,1.0
2025-08-01 16:00:00+00:00,False,168.41,169.71,165.03,165.69,0.0,1.0,1.0
2025-08-01 20:00:00+00:00,False,165.68,165.96,159.11,162.68,0.0,1.0,1.0
2025-08-02 00:00:00+00:00,False,162.69,164.97,162.46,164.47,0.0,1.0,1.0
2025-08-02 04:00:00+00:00,False,164.46,165.21,161.77,164.3,0.0,1.0,1.0
2025-08-02 08:00:00+00:00,False,164.3,165.08,162.2,163.87,0.0,1.0,1.0
2025-08-02 12:00:00+00:00,False,163.89,165.01,161.01,161.72,0.0,1.0,1.0
2025-08-02 16:00:00+00:00,False,161.72,162.45,155.75,157.85,0.0,1.0,1.0
2025-08-02 20:00:00+00:00,False,157.83,159.78,157.03,158.84,0.0,1.0,1.0
2025-08-03 00:00:00+00:00,False,158.85,161.24,156.27,160.39,0.0,1.0,1.0
2025-08-03 04:00:00+00:00,False,160.39,161.59,159.99,161.41,0.0,1.0,1.0
2025-08-03 08:00:00+00:00,False,161.41,162.89,160.65,161.35,0.0,1.0,1.0
2025-08-03 12:00:00+00:00,False,161.35,162.34,160.38,161.83,0.0,1.0,1.0
2025-08-03 16:00:00+00:00,False,161.84,162.78,160.87,160.91,0.0,1.0,1.0
2025-08-03 20:00:00+00:00,False,160.91,163.14,160.74,161.73,0.0,1.0,1.0
2025-08-04 00:00:00+00:00,False,161.71,164.98,161.43,163.37,0.0,1.0,1.0
2025-08-04 04:00:00+00:00,False,163.36,163.86,161.29,163.67,0.0,1.0,1.0
2025-08-04 08:00:00+00:00,False,163.69,164.07,161.64,162.28,0.0,1.0,1.0
2025-08-04 12:00:00+00:00,False,162.28,166.94,162.2,165.89,0.0,1.0,1.0
2025-08-04 16:00:00+00:00,False,165.9,169.84,165.0,165.5,0.0,1.0,1.0
2025-08-04 20:00:00+00:00,False,165.5,169.8,165.49,169.08,0.0,1.0,1.0
2025-08-05 00:00:00+00:00,False,169.11,169.97,167.53,167.61,0.0,1.0,1.0
2025-08-05 04:00:00+00:00,False,167.61,169.25,165.76,166.13,0.0,1.0,1.0
2025-08-05 08:00:00+00:00,False,166.11,171.7,165.64,170.63,0.0,1.0,1.0
2025-08-05 12:00:00+00:00,False,170.64,171.0,162.93,164.07,0.0,1.0,1.0
2025-08-05 16:00:00+00:00,False,164.06,164.94,162.25,163.14,0.0,1.0,1.0
2025-08-05 20:00:00+00:00,False,163.15,164.57,161.26,163.93,0.0,1.0,1.0
2025-08-06 00:00:00+00:00,False,163.94,164.03,161.15,161.33,0.0,1.0,1.0
2025-08-06 04:00:00+00:00,False,161.32,164.75,161.2,164.43,0.0,1.0,1.0
2025-08-06 08:00:00+00:00,False,164.42,164.65,162.73,164.63,0.0,1.0,1.0
2025-08-06 12:00:00+00:00,False,164.62,169.49,162.59,169.35,0.0,1.0,1.0
2025-08-06 16:00:00+00:00,True,169.36,169.99,167.19,168.42,0.0,0.0,1.0
2025-08-06 20:00:00+00:00,True,168.43,168.82,167.35,168.01,0.0,0.0,1.0
2025-08-07 00:00:00+00:00,True,168.01,169.02,166.68,167.05,0.0,0.0,1.0
2025-08-07 04:00:00+00:00,True,167.05,170.61,166.92,170.27,0.0,0.0,1.0
2025-08-07 08:00:00+00:00,True,170.25,173.51,169.09,172.92,0.0,0.0,1.0
2025-08-07 12:00:00+00:00,True,172.93,173.02,169.73,170.52,0.0,0.0,1.0
2025-08-07 16:00:00+00:00,True,170.51,172.35,167.07,171.83,0.0,0.0,1.0
2025-08-07 20:00:00+00:00,True,171.82,175.55,171.6,174.81,0.0,0.0,1.0
2025-08-08 00:00:00+00:00,True,174.81,175.97,173.47,174.31,0.0,0.0,1.0
2025-08-08 04:00:00+00:00,True,174.28,177.89,173.89,177.48,0.0,0.0,1.0
2025-08-08 08:00:00+00:00,True,177.47,177.98,174.91,177.61,0.0,0.0,1.0
2025-08-08 12:00:00+00:00,True,177.6,179.26,174.2,175.67,0.0,0.0,1.0
2025-08-08 16:00:00+00:00,True,175.66,179.69,175.28,178.04,0.0,0.0,1.0
2025-08-08 20:00:00+00:00,True,178.04,178.63,176.65,176.97,0.0,0.0,1.0
2025-08-09 00:00:00+00:00,True,176.95,179.05,176.62,177.03,0.0,0.0,1.0
2025-08-09 04:00:00+00:00,True,177.02,182.14,176.95,180.88,0.0,0.0,1.0
2025-08-09 08:00:00+00:00,True,180.89,183.35,180.34,180.4,0.0,0.0,1.0
2025-08-09 12:00:00+00:00,True,180.4,182.54,178.96,180.35,0.0,0.0,1.0
2025-08-09 16:00:00+00:00,True,180.34,182.72,179.48,181.89,0.0,0.0,1.0
2025-08-09 20:00:00+00:00,True,181.87,183.46,179.74,180.27,0.0,0.0,1.0
2025-08-10 00:00:00+00:00,True,180.27,185.98,179.83,184.79,0.0,0.0,1.0
2025-08-10 04:00:00+00:00,True,184.79,186.18,177.49,177.58,0.0,0.0,1.0
2025-08-10 08:00:00+00:00,True,177.54,181.05,177.54,179.92,0.0,0.0,1.0
2025-08-10 12:00:00+00:00,True,179.93,182.4,178.51,181.34,0.0,0.0,1.0
2025-08-10 16:00:00+00:00,True,181.36,183.33,181.27,183.06,0.0,0.0,1.0
2025-08-10 20:00:00+00:00,True,183.05,183.96,181.29,182.37,0.0,0.0,1.0
2025-08-11 00:00:00+00:00,True,182.37,185.82,181.3,185.55,0.0,0.0,1.0
2025-08-11 04:00:00+00:00,True,185.52,186.78,182.28,182.33,0.0,0.0,1.0
2025-08-11 08:00:00+00:00,True,182.33,184.63,178.33,179.21,0.0,0.0,1.0
2025-08-11 12:00:00+00:00,True,179.17,181.45,177.22,181.26,0.0,0.0,1.0
2025-08-11 16:00:00+00:00,True,181.26,181.76,175.55,176.5,0.0,0.0,1.0
2025-08-11 20:00:00+00:00,True,176.51,176.91,173.42,174.94,0.0,0.0,1.0
2025-08-12 00:00:00+00:00,True,174.95,176.81,174.84,175.47,0.0,0.0,1.0
2025-08-12 04:00:00+00:00,True,175.47,176.66,173.63,175.72,0.0,0.0,1.0
2025-08-12 08:00:00+00:00,True,175.71,176.54,173.7,175.29,0.0,0.0,1.0
2025-08-12 12:00:00+00:00,True,175.29,182.05,174.69,181.68,0.0,0.0,1.0
2025-08-12 16:00:00+00:00,True,181.68,191.15,180.7,189.89,0.0,0.0,1.0
2025-08-12 20:00:00+00:00,True,189.91,193.72,189.57,191.62,0.0,0.0,1.0
2025-08-13 00:00:00+00:00,True,191.62,199.47,191.41,198.16,0.0,0.0,1.0
2025-08-13 04:00:00+00:00,True,198.13,200.0,195.16,198.67,0.0,0.0,1.0
2025-08-13 08:00:00+00:00,True,198.68,202.67,197.62,201.25,0.0,0.0,1.0
2025-08-13 12:00:00+00:00,True,201.24,204.94,194.54,197.93,0.0,0.0,1.0
2025-08-13 16:00:00+00:00,True,197.92,202.32,197.06,200.63,0.0,0.0,1.0
2025-08-13 20:00:00+00:00,True,200.63,203.4,199.85,201.84,0.0,0.0,1.0
2025-08-14 00:00:00+00:00,True,201.84,209.3,200.1,207.6,0.0,0.0,1.0
2025-08-14 04:00:00+00:00,True,207.61,210.0,204.14,204.48,0.0,0.0,1.0
2025-08-14 08:00:00+00:00,True,204.49,205.8,201.88,204.27,0.0,0.0,1.0
2025-08-14 12:00:00+00:00,True,204.26,205.54,186.81,194.41,0.0,0.0,1.0
2025-08-14 16:00:00+00:00,True,194.42,195.61,190.47,192.84,0.0,0.0,1.0
2025-08-14 20:00:00+00:00,True,192.84,193.35,187.47,192.85,0.0,0.0,1.0
2025-08-15 00:00:00+00:00,True,192.85,195.81,192.08,195.05,0.0,0.0,1.0
2025-08-15 04:00:00+00:00,True,195.05,198.2,194.61,197.11,0.0,0.0,1.0
2025-08-15 08:00:00+00:00,True,197.11,197.75,193.75,194.61,0.0,0.0,1.0
2025-08-15 12:00:00+00:00,True,194.61,196.29,182.63,184.87,0.0,0.0,1.0
2025-08-15 16:00:00+00:00,True,184.87,187.0,183.25,184.33,0.0,0.0,1.0
2025-08-15 20:00:00+00:00,True,184.34,188.41,183.74,186.05,0.0,0.0,1.0
2025-08-16 00:00:00+00:00,True,186.06,188.49,185.92,187.5,0.0,0.0,1.0
2025-08-16 04:00:00+00:00,False,187.5,189.73,186.24,188.8,0.0,0.0,1.0
2025-08-16 08:00:00+00:00,False,188.8,189.05,185.52,186.04,0.0,0.0,1.0
2025-08-16 12:00:00+00:00,False,186.02,189.59,185.31,189.13,0.0,0.0,1.0
2025-08-16 16:00:00+00:00,False,189.14,189.5,187.22,188.67,0.0,0.0,1.0
2025-08-16 20:00:00+00:00,False,188.67,190.15,188.05,189.65,0.0,0.0,1.0
2025-08-17 00:00:00+00:00,False,189.65,192.09,187.47,192.07,0.0,0.0,1.0
2025-08-17 04:00:00+00:00,False,192.07,193.65,191.45,192.22,0.0,0.0,1.0
2025-08-17 08:00:00+00:00,False,192.22,193.86,191.61,193.39,0.0,0.0,1.0
2025-08-17 12:00:00+00:00,False,193.39,195.91,191.97,195.19,0.0,0.0,1.0
2025-08-17 16:00:00+00:00,False,195.18,195.41,190.58,191.15,0.0,0.0,1.0
2025-08-17 20:00:00+00:00,False,191.16,193.53,190.9,190.9,0.0,0.0,1.0
2025-08-18 00:00:00+00:00,False,190.91,191.45,181.71,181.82,0.0,0.0,1.0
2025-08-18 04:00:00+00:00,False,181.82,183.66,180.33,180.85,0.0,0.0,1.0
2025-08-18 08:00:00+00:00,False,180.82,182.05,180.05,181.36,0.0,0.0,1.0
2025-08-18 12:00:00+00:00,False,181.36,183.52,180.61,183.52,0.0,0.0,1.0
2025-08-18 16:00:00+00:00,False,183.5,185.86,181.88,182.96,0.0,0.0,1.0
2025-08-18 20:00:00+00:00,False,182.97,185.11,182.05,183.16,0.0,0.0,1.0
2025-08-19 00:00:00+00:00,False,183.15,185.95,178.0,178.25,0.0,0.0,1.0
2025-08-19 04:00:00+00:00,False,178.25,180.67,177.43,179.95,0.0,0.0,1.0
2025-08-19 08:00:00+00:00,False,179.93,182.89,179.17,182.05,0.0,0.0,1.0
2025-08-19 12:00:00+00:00,False,182.07,183.49,177.51,178.27,0.0,0.0,1.0
2025-08-19 16:00:00+00:00,False,178.3,178.78,175.65,177.18,0.0,0.0,1.0
2025-08-19 20:00:00+00:00,False,177.17,179.52,175.87,177.2,0.0,0.0,1.0
2025-08-20 00:00:00+00:00,False,177.19,181.49,176.03,180.75,0.0,0.0,1.0
2025-08-20 04:00:00+00:00,False,180.76,181.7,179.84,180.59,0.0,0.0,1.0
2025-08-20 08:00:00+00:00,False,180.59,182.33,178.21,181.18,0.0,0.0,1.0
2025-08-20 12:00:00+00:00,False,181.19,185.11,177.55,183.5,0.0,0.0,1.0
2025-08-20 16:00:00+00:00,False,183.51,188.05,182.59,187.08,0.0,0.0,1.0
2025-08-20 20:00:00+00:00,False,187.07,187.98,185.81,187.9,0.0,0.0,1.0
2025-08-21 00:00:00+00:00,False,187.91,190.09,185.51,188.55,0.0,0.0,1.0
2025-08-21 04:00:00+00:00,False,188.53,188.67,185.8,186.68,0.0,0.0,1.0
2025-08-21 08:00:00+00:00,False,186.67,187.02,183.44,183.96,0.0,0.0,1.0
2025-08-21 12:00:00+00:00,False,183.94,186.38,181.16,181.2,0.0,0.0,1.0
2025-08-21 16:00:00+00:00,False,181.18,182.9,179.84,179.97,0.0,0.0,1.0
2025-08-21 20:00:00+00:00,False,179.97,181.83,179.35,180.65,0.0,0.0,1.0
2025-08-22 00:00:00+00:00,False,180.64,183.48,179.93,182.01,0.0,0.0,1.0
2025-08-22 04:00:00+00:00,False,182.0,184.3,181.97,184.28,0.0,0.0,1.0
2025-08-22 08:00:00+00:00,False,184.29,185.0,179.19,179.5,0.0,0.0,1.0
2025-08-22 12:00:00+00:00,False,179.49,195.47,177.24,195.3,0.0,0.0,1.0
2025-08-22 16:00:00+00:00,False,195.3,199.7,194.53,198.93,0.0,0.0,1.0
2025-08-22 20:00:00+00:00,True,198.92,202.34,198.33,200.08,0.0,1.0,1.0
2025-08-23 00:00:00+00:00,True,200.08,200.08,195.21,198.7,0.0,1.0,1.0
2025-08-23 04:00:00+00:00,True,198.69,208.43,198.44,205.08,0.0,1.0,1.0
2025-08-23 08:00:00+00:00,True,205.07,205.23,200.88,201.02,0.0,1.0,1.0
2025-08-23 12:00:00+00:00,True,201.02,203.73,200.48,202.24,0.0,1.0,1.0
2025-08-23 16:00:00+00:00,True,202.21,204.54,202.15,203.83,0.0,1.0,1.0
2025-08-23 20:00:00+00:00,True,203.82,205.14,202.61,205.08,0.0,1.0,1.0
2025-08-24 00:00:00+00:00,True,205.09,211.82,204.43,209.49,0.0,1.0,1.0
2025-08-24 04:00:00+00:00,True,209.49,210.78,205.99,206.69,0.0,1.0,1.0
2025-08-24 08:00:00+00:00,True,206.64,208.88,203.36,204.49,0.0,1.0,1.0
2025-08-24 12:00:00+00:00,True,204.49,209.31,203.52,206.34,0.0,1.0,1.0
2025-08-24 16:00:00+00:00,True,206.36,211.98,201.37,203.34,0.0,1.0,1.0
2025-08-24 20:00:00+00:00,True,203.34,207.12,201.02,206.55,0.0,1.0,1.0
2025-08-25 00:00:00+00:00,True,206.52,213.49,202.24,209.21,0.0,1.0,1.0
2025-08-25 04:00:00+00:00,True,209.22,209.51,198.36,198.43,0.0,1.0,1.0
2025-08-25 08:00:00+00:00,True,198.43,200.77,195.0,197.41,0.0,1.0,1.0
2025-08-25 12:00:00+00:00,True,197.42,199.42,195.54,196.02,0.0,1.0,1.0
2025-08-25 16:00:00+00:00,True,196.0,198.41,190.86,191.91,0.0,1.0,1.0
2025-08-25 20:00:00+00:00,True,191.91,192.07,185.41,187.19,0.0,1.0,1.0
2025-08-26 00:00:00+00:00,True,187.2,189.38,185.61,187.34,0.0,1.0,1.0
2025-08-26 04:00:00+00:00,False,187.33,189.96,187.08,189.18,0.0,1.0,1.0
2025-08-26 08:00:00+00:00,False,189.18,190.4,186.69,187.48,0.0,1.0,1.0
2025-08-26 12:00:00+00:00,False,187.47,192.56,187.19,191.21,0.0,1.0,1.0
2025-08-26 16:00:00+00:00,False,191.21,197.51,190.61,196.56,0.0,1.0,1.0
2025-08-26 20:00:00+00:00,False,196.56,198.1,195.39,195.59,0.0,1.0,1.0
2025-08-27 00:00:00+00:00,False,195.59,202.99,193.77,202.69,0.0,1.0,1.0
2025-08-27 04:00:00+00:00,False,202.72,206.0,200.8,202.89,0.0,1.0,1.0
2025-08-27 08:00:00+00:00,False,202.87,205.67,201.54,205.39,0.0,1.0,1.0
2025-08-27 12:00:00+00:00,False,205.35,209.43,202.64,208.29,0.0,1.0,1.0
2025-08-27 16:00:00+00:00,True,208.29,212.09,204.61,205.02,0.0,1.0,1.0
2025-08-27 20:00:00+00:00,True,205.02,209.45,202.52,203.58,0.0,1.0,1.0
2025-08-28 00:00:00+00:00,True,203.55,208.36,201.65,207.65,0.0,1.0,1.0
2025-08-28 04:00:00+00:00,True,207.61,215.56,207.57,215.1,0.0,1.0,1.0
2025-08-28 08:00:00+00:00,True,215.09,216.51,211.38,212.7,0.0,1.0,1.0
2025-08-28 12:00:00+00:00,True,212.7,216.88,210.19,211.53,0.0,1.0,1.0
2025-08-28 16:00:00+00:00,True,211.54,214.01,207.19,211.16,0.0,1.0,1.0
2025-08-28 20:00:00+00:00,True,211.14,215.74,210.41,214.76,0.0,1.0,1.0
2025-08-29 00:00:00+00:00,True,214.78,217.9,212.07,216.92,0.0,1.0,1.0
2025-08-29 04:00:00+00:00,True,216.92,217.95,207.88,208.94,0.0,1.0,1.0
2025-08-29 08:00:00+00:00,True,208.94,209.38,205.23,207.29,0.0,1.0,1.0
2025-08-29 12:00:00+00:00,True,207.28,214.9,202.75,202.96,0.0,1.0,1.0
2025-08-29 16:00:00+00:00,True,202.96,205.52,201.29,203.11,0.0,1.0,1.0
2025-08-29 20:00:00+00:00,True,203.1,205.54,199.86,204.47,0.0,1.0,1.0
2025-08-30 00:00:00+00:00,True,204.47,206.66,200.76,205.59,0.0,1.0,1.0
2025-08-30 04:00:00+00:00,True,205.58,207.04,204.4,204.65,0.0,1.0,1.0
2025-08-30 08:00:00+00:00,True,204.66,205.55,201.67,202.26,0.0,1.0,1.0
2025-08-30 12:00:00+00:00,False,202.26,202.58,197.57,200.58,0.0,1.0,1.0
2025-08-30 16:00:00+00:00,False,200.59,201.63,199.73,200.74,0.0,1.0,1.0
2025-08-30 20:00:00+00:00,False,200.76,203.49,199.69,202.98,0.0,1.0,1.0
2025-08-31 00:00:00+00:00,False,202.95,206.67,202.86,205.16,0.0,1.0,1.0
2025-08-31 04:00:00+00:00,False,205.14,205.59,202.76,204.04,0.0,1.0,1.0
2025-08-31 08:00:00+00:00,False,204.05,205.85,202.27,203.2,0.0,1.0,1.0
2025-08-31 12:00:00+00:00,False,203.2,204.9,201.55,203.86,0.0,1.0,1.0
2025-08-31 16:00:00+00:00,False,203.89,205.96,203.66,204.74,0.0,1.0,1.0
2025-08-31 20:00:00+00:00,False,204.75,205.79,199.68,199.69,0.0,1.0,1.0
2025-09-01 00:00:00+00:00,False,199.69,202.49,196.13,197.98,0.0,1.0,1.0
2025-09-01 04:00:00+00:00,False,197.99,204.5,196.64,204.35,0.0,1.0,1.0
2025-09-01 08:00:00+00:00,False,204.34,204.57,198.35,199.08,0.0,1.0,1.0
2025-09-01 12:00:00+00:00,False,199.08,201.19,197.49,197.96,0.0,1.0,1.0
2025-09-01 16:00:00+00:00,False,197.95,200.16,197.29,199.96,0.0,1.0,1.0
2025-09-01 20:00:00+00:00,False,199.96,199.98,194.2,197.28,0.0,1.0,1.0
2025-09-02 00:00:00+00:00,False,197.27,203.35,196.74,201.64,0.0,1.0,1.0
2025-09-02 04:00:00+00:00,False,201.64,204.46,201.57,202.57,0.0,1.0,1.0
2025-09-02 08:00:00+00:00,False,202.56,204.42,201.17,201.23,0.0,1.0,1.0
2025-09-02 12:00:00+00:00,False,201.24,205.11,197.42,201.09,0.0,1.0,1.0
2025-09-02 16:00:00+00:00,False,201.09,207.1,199.5,205.16,0.0,1.0,1.0
2025-09-02 20:00:00+00:00,False,205.16,209.7,204.91,208.94,0.0,1.0,1.0
2025-09-03 00:00:00+00:00,False,208.94,211.99,207.43,210.26,0.0,1.0,1.0
2025-09-03 04:00:00+00:00,False,210.26,210.48,207.92,209.96,0.0,1.0,1.0
2025-09-03 08:00:00+00:00,False,209.94,211.44,208.17,211.34,0.0,1.0,1.0
2025-09-03 12:00:00+00:00,False,211.33,213.0,208.8,211.38,0.0,1.0,1.0
2025-09-03 16:00:00+00:00,True,211.4,212.04,208.86,210.21,0.0,1.0,1.0
2025-09-03 20:00:00+00:00,True,210.21,211.15,208.44,211.12,0.0,1.0,1.0
2025-09-04 00:00:00+00:00,True,211.12,212.0,207.52,208.33,0.0,1.0,1.0
2025-09-04 04:00:00+00:00,True,208.33,208.47,205.75,207.27,0.0,1.0,1.0
2025-09-04 08:00:00+00:00,True,207.29,208.86,207.01,207.42,0.0,1.0,1.0
2025-09-04 12:00:00+00:00,True,207.43,208.58,203.4,204.4,0.0,1.0,1.0
2025-09-04 16:00:00+00:00,True,204.42,205.19,201.81,203.04,0.0,1.0,1.0
2025-09-04 20:00:00+00:00,False,203.05,204.83,202.23,202.77,0.0,1.0,0.0
2025-09-05 00:00:00+00:00,False,202.77,204.08,201.0,203.38,0.0,1.0,0.0
2025-09-05 04:00:00+00:00,False,203.38,208.46,203.02,207.39,0.0,1.0,0.0
2025-09-05 08:00:00+00:00,False,207.39,207.52,204.53,206.72,0.0,1.0,0.0
2025-09-05 12:00:00+00:00,False,206.73,210.07,201.62,203.06,0.0,1.0,0.0
2025-09-05 16:00:00+00:00,False,203.06,205.7,201.84,205.26,0.0,1.0,0.0
2025-09-05 20:00:00+00:00,False,205.27,205.69,202.71,203.55,0.0,1.0,0.0
2025-09-06 00:00:00+00:00,False,203.55,204.66,203.15,204.0,0.0,1.0,0.0
2025-09-06 04:00:00+00:00,False,203.99,203.99,202.12,203.02,0.0,1.0,0.0
2025-09-06 08:00:00+00:00,False,203.01,203.54,201.91,202.59,0.0,1.0,0.0
2025-09-06 12:00:00+00:00,False,202.59,202.87,201.02,201.28,0.0,1.0,0.0
2025-09-06 16:00:00+00:00,False,201.27,202.35,199.34,200.0,0.0,1.0,0.0
2025-09-06 20:00:00+00:00,False,200.01,201.23,199.9,200.59,0.0,1.0,0.0
2025-09-07 00:00:00+00:00,False,200.6,203.28,200.53,202.98,0.0,1.0,0.0
2025-09-07 04:00:00+00:00,False,202.98,203.35,202.25,203.26,0.0,1.0,0.0
2025-09-07 08:00:00+00:00,False,203.24,204.0,202.74,203.89,0.0,1.0,0.0
2025-09-07 12:00:00+00:00,False,203.88,205.5,203.06,205.16,0.0,1.0,0.0
2025-09-07 16:00:00+00:00,False,205.14,205.26,201.27,202.85,0.0,1.0,0.0
2025-09-07 20:00:00+00:00,False,202.84,207.95,202.47,205.81,0.0,1.0,0.0
2025-09-08 00:00:00+00:00,False,205.81,209.0,205.56,207.45,0.0,1.0,0.0
2025-09-08 04:00:00+00:00,False,207.41,208.82,206.6,207.88,0.0,1.0,0.0
2025-09-08 08:00:00+00:00,False,207.9,215.74,207.35,214.56,0.0,1.0,0.0
2025-09-08 12:00:00+00:00,False,214.55,216.78,212.92,214.58,0.0,1.0,0.0
2025-09-08 16:00:00+00:00,True,214.59,217.17,213.87,215.42,0.0,1.0,0.0
2025-09-08 20:00:00+00:00,True,215.42,215.92,213.55,214.37,0.0,1.0,0.0
2025-09-09 00:00:00+00:00,True,214.37,214.91,210.81,214.24,0.0,1.0,0.0
2025-09-09 04:00:00+00:00,True,214.25,219.77,213.98,218.95,0.0,1.0,0.0
2025-09-09 08:00:00+00:00,True,218.95,219.51,216.59,217.14,0.0,1.0,0.0
2025-09-09 12:00:00+00:00,True,217.17,218.58,211.73,213.81,0.0,1.0,0.0
2025-09-09 16:00:00+00:00,True,213.8,217.01,213.18,216.07,0.0,1.0,0.0
2025-09-09 20:00:00+00:00,True,216.09,217.93,215.02,217.45,0.0,1.0,0.0
2025-09-10 00:00:00+00:00,True,217.44,219.64,215.09,218.91,0.0,1.0,0.0
2025-09-10 04:00:00+00:00,True,218.91,222.91,217.8,221.67,0.0,1.0,0.0
2025-09-10 08:00:00+00:00,True,221.67,222.45,218.86,220.21,0.0,1.0,0.0
2025-09-10 12:00:00+00:00,True,220.22,225.96,219.8,222.85,0.0,1.0,0.0
2025-09-10 16:00:00+00:00,True,222.87,224.17,220.61,221.1,0.0,1.0,0.0
2025-09-10 20:00:00+00:00,True,221.1,224.74,220.99,224.21,0.0,1.0,0.0
2025-09-11 00:00:00+00:00,True,224.19,225.7,223.05,223.98,0.0,1.0,0.0
2025-09-11 04:00:00+00:00,True,223.99,224.07,221.78,223.12,0.0,1.0,0.0
2025-09-11 08:00:00+00:00,True,223.12,225.88,222.37,225.37,0.0,1.0,0.0
2025-09-11 12:00:00+00:00,True,225.38,229.0,222.84,227.62,0.0,1.0,0.0
2025-09-11 16:00:00+00:00,True,227.62,228.4,225.37,226.3,0.0,1.0,0.0
2025-09-11 20:00:00+00:00,True,226.31,229.05,225.52,228.65,0.0,1.0,0.0
2025-09-12 00:00:00+00:00,True,228.64,235.81,228.21,234.85,0.0,1.0,0.0
2025-09-12 04:00:00+00:00,True,234.85,239.84,234.23,237.19,0.0,1.0,0.0
2025-09-12 08:00:00+00:00,True,237.18,239.62,236.73,238.45,0.0,1.0,0.0
2025-09-12 12:00:00+00:00,True,238.42,241.88,237.66,238.78,0.0,1.0,0.0
2025-09-12 16:00:00+00:00,True,238.78,241.7,238.02,240.61,0.0,1.0,0.0
2025-09-12 20:00:00+00:00,True,240.61,244.31,238.53,241.97,0.0,1.0,0.0
2025-09-13 00:00:00+00:00,True,241.97,244.34,240.88,243.28,0.0,1.0,0.0
2025-09-13 04:00:00+00:00,True,243.29,243.88,241.4,242.5,0.0,1.0,0.0
2025-09-13 08:00:00+00:00,True,242.5,243.89,241.42,241.56,0.0,1.0,0.0
2025-09-13 12:00:00+00:00,True,241.56,243.29,238.06,239.49,0.0,1.0,0.0
2025-09-13 16:00:00+00:00,True,239.48,239.8,235.35,239.65,0.0,1.0,0.0
2025-09-13 20:00:00+00:00,True,239.66,243.29,239.53,242.75,0.0,1.0,0.0
2025-09-14 00:00:00+00:00,True,242.75,250.0,242.33,247.45,0.0,1.0,0.0
2025-09-14 04:00:00+00:00,True,247.45,248.46,244.57,246.69,0.0,1.0,0.0
2025-09-14 08:00:00+00:00,True,246.7,248.32,245.71,246.5,0.0,1.0,0.0
2025-09-14 12:00:00+00:00,True,246.51,246.92,241.63,244.56,0.0,1.0,0.0
2025-09-14 16:00:00+00:00,True,244.56,248.56,242.24,242.96,0.0,1.0,0.0
2025-09-14 20:00:00+00:00,True,242.95,244.81,239.25,240.69,0.0,1.0,0.0
2025-09-15 00:00:00+00:00,True,240.68,243.5,239.23,242.87,0.0,1.0,0.0
2025-09-15 04:00:00+00:00,True,242.87,244.09,235.1,236.24,0.0,1.0,0.0
2025-09-15 08:00:00+00:00,True,236.24,237.69,231.6,235.78,0.0,1.0,0.0
2025-09-15 12:00:00+00:00,True,235.77,238.17,232.0,232.66,0.0,1.0,0.0
2025-09-15 16:00:00+00:00,True,232.68,234.68,230.18,233.09,0.0,1.0,0.0
2025-09-15 20:00:00+00:00,True,233.09,235.44,233.03,234.34,0.0,1.0,0.0
2025-09-16 00:00:00+00:00,False,234.34,235.86,232.8,234.92,0.0,1.0,1.0
2025-09-16 04:00:00+00:00,False,234.92,237.04,233.0,236.27,0.0,1.0,1.0
2025-09-16 08:00:00+00:00,False,236.26,236.95,234.8,235.23,0.0,1.0,1.0
2025-09-16 12:00:00+00:00,False,235.23,239.3,231.34,239.0,0.0,1.0,1.0
2025-09-16 16:00:00+00:00,False,238.99,241.0,236.27,237.69,0.0,1.0,1.0
2025-09-16 20:00:00+00:00,False,237.68,239.04,236.55,237.05,0.0,1.0,1.0
2025-09-17 00:00:00+00:00,False,237.04,237.9,233.95,234.5,0.0,1.0,1.0
2025-09-17 04:00:00+00:00,False,234.51,238.15,233.28,237.23,0.0,1.0,1.0
2025-09-17 08:00:00+00:00,False,237.22,237.22,233.74,234.47,0.0,1.0,1.0
2025-09-17 12:00:00+00:00,False,234.46,236.05,233.51,233.62,0.0,1.0,1.0
2025-09-17 16:00:00+00:00,False,233.63,239.77,232.2,239.72,0.0,1.0,1.0
2025-09-17 20:00:00+00:00,False,239.7,246.73,236.11,244.27,0.0,1.0,1.0
2025-09-18 00:00:00+00:00,False,244.26,247.95,244.21,246.6,0.0,1.0,1.0
2025-09-18 04:00:00+00:00,False,246.59,246.91,242.63,245.1,0.0,1.0,1.0
2025-09-18 08:00:00+00:00,False,245.11,247.23,244.41,246.24,0.0,1.0,1.0
2025-09-18 12:00:00+00:00,False,246.24,249.05,245.12,248.78,0.0,1.0,1.0
2025-09-18 16:00:00+00:00,False,248.76,253.61,247.4,248.1,0.0,1.0,1.0
2025-09-18 20:00:00+00:00,False,248.09,249.22,245.71,248.07,0.0,1.0,1.0
2025-09-19 00:00:00+00:00,True,248.07,248.63,244.02,244.28,0.0,1.0,1.0
2025-09-19 04:00:00+00:00,True,244.25,245.85,242.94,244.19,0.0,1.0,1.0
2025-09-19 08:00:00+00:00,False,244.19,244.96,240.25,241.55,0.0,1.0,0.0
2025-09-19 12:00:00+00:00,False,241.55,242.81,235.88,237.76,0.0,1.0,0.0
2025-09-19 16:00:00+00:00,False,237.77,239.0,235.24,236.75,0.0,1.0,0.0
2025-09-19 20:00:00+00:00,False,236.74,238.97,236.19,238.67,0.0,1.0,0.0
2025-09-20 00:00:00+00:00,False,238.67,240.11,237.51,237.96,0.0,1.0,0.0
2025-09-20 04:00:00+00:00,False,237.96,239.92,237.89,239.66,0.0,1.0,0.0
2025-09-20 08:00:00+00:00,False,239.66,239.72,237.03,238.11,0.0,1.0,0.0
2025-09-20 12:00:00+00:00,False,238.1,241.33,237.18,240.87,0.0,1.0,0.0
2025-09-20 16:00:00+00:00,False,240.88,241.21,238.1,239.0,0.0,1.0,0.0
2025-09-20 20:00:00+00:00,False,238.98,240.49,238.83,239.49,0.0,1.0,0.0
2025-09-21 00:00:00+00:00,False,239.48,241.93,239.07,241.51,0.0,1.0,0.0
2025-09-21 04:00:00+00:00,False,241.5,241.65,239.63,239.88,0.0,1.0,0.0
2025-09-21 08:00:00+00:00,False,239.88,239.97,237.24,239.13,0.0,1.0,0.0
2025-09-21 12:00:00+00:00,False,239.12,240.39,237.82,238.25,0.0,1.0,0.0
2025-09-21 16:00:00+00:00,False,238.25,238.58,236.2,237.73,0.0,1.0,0.0
2025-09-21 20:00:00+00:00,False,237.73,238.22,235.47,236.79,0.0,1.0,0.0
2025-09-22 00:00:00+00:00,False,236.79,237.08,230.67,233.08,0.0,1.0,0.0
2025-09-22 04:00:00+00:00,False,233.08,233.28,213.71,221.88,0.0,1.0,0.0
2025-09-22 08:00:00+00:00,False,221.87,222.94,219.5,221.22,0.0,1.0,0.0
2025-09-22 12:00:00+00:00,False,221.21,224.22,220.11,221.39,0.0,1.0,0.0
2025-09-22 16:00:00+00:00,False,221.41,221.73,216.56,217.14,0.0,1.0,0.0
2025-09-22 20:00:00+00:00,False,217.14,221.27,216.7,220.76,0.0,1.0,0.0
2025-09-23 00:00:00+00:00,False,220.76,221.58,212.46,217.14,0.0,1.0,0.0
2025-09-23 04:00:00+00:00,False,217.13,220.39,214.19,218.91,0.0,1.0,0.0
2025-09-23 08:00:00+00:00,False,218.89,220.96,217.95,219.57,0.0,1.0,0.0
2025-09-23 12:00:00+00:00,False,219.57,220.77,217.13,218.99,0.0,1.0,0.0
2025-09-23 16:00:00+00:00,False,218.98,221.79,214.24,214.89,0.0,1.0,0.0
2025-09-23 20:00:00+00:00,False,214.89,216.66,213.24,213.78,0.0,1.0,0.0
2025-09-24 00:00:00+00:00,False,213.76,216.49,206.42,206.9,0.0,1.0,0.0
2025-09-24 04:00:00+00:00,False,206.9,211.5,204.94,210.77,0.0,1.0,0.0
2025-09-24 08:00:00+00:00,False,210.76,213.42,209.83,212.94,0.0,1.0,0.0
2025-09-24 12:00:00+00:00,False,212.95,216.31,211.5,213.59,0.0,1.0,0.0
2025-09-24 16:00:00+00:00,False,213.57,215.57,212.5,212.79,0.0,1.0,0.0
2025-09-24 20:00:00+00:00,False,212.79,213.07,210.84,212.21,0.0,1.0,0.0
2025-09-25 00:00:00+00:00,False,212.21,212.53,206.02,206.59,0.0,1.0,0.0
2025-09-25 04:00:00+00:00,False,206.57,207.61,202.8,205.08,0.0,1.0,0.0
2025-09-25 08:00:00+00:00,False,205.07,205.95,200.76,202.15,0.0,1.0,0.0
2025-09-25 12:00:00+00:00,False,202.15,204.95,197.07,200.92,0.0,1.0,0.0
2025-09-25 16:00:00+00:00,False,200.91,202.07,193.71,198.13,0.0,1.0,0.0
2025-09-25 20:00:00+00:00,False,198.13,198.79,191.49,193.95,0.0,1.0,0.0
2025-09-26 00:00:00+00:00,False,193.94,197.64,192.62,196.44,0.0,1.0,0.0
2025-09-26 04:00:00+00:00,False,196.45,197.53,193.89,196.71,0.0,1.0,0.0
2025-09-26 08:00:00+00:00,False,196.71,197.13,190.82,193.01,0.0,1.0,0.0
2025-09-26 12:00:00+00:00,False,193.01,198.39,192.26,197.0,0.0,1.0,0.0
2025-09-26 16:00:00+00:00,False,197.0,202.9,197.0,200.28,0.0,1.0,0.0
2025-09-26 20:00:00+00:00,False,200.27,205.62,199.65,205.0,0.0,1.0,0.0
2025-09-27 00:00:00+00:00,False,204.98,205.56,203.6,203.95,0.0,1.0,0.0
2025-09-27 04:00:00+00:00,False,203.95,204.25,201.64,202.04,0.0,1.0,0.0
2025-09-27 08:00:00+00:00,False,202.04,202.19,200.0,201.46,0.0,1.0,0.0
2025-09-27 12:00:00+00:00,False,201.46,203.93,201.08,203.3,0.0,1.0,0.0
2025-09-27 16:00:00+00:00,False,203.29,203.68,200.97,202.58,0.0,1.0,0.0
2025-09-27 20:00:00+00:00,False,202.58,205.0,201.98,203.81,0.0,1.0,0.0
2025-09-28 00:00:00+00:00,False,203.81,204.18,200.88,201.47,0.0,1.0,0.0
2025-09-28 04:00:00+00:00,False,201.47,202.53,200.46,202.27,0.0,1.0,0.0
2025-09-28 08:00:00+00:00,False,202.27,202.76,199.3,199.63,0.0,1.0,0.0
2025-09-28 12:00:00+00:00,False,199.63,204.1,198.04,204.01,0.0,1.0,0.0
2025-09-28 16:00:00+00:00,False,204.02,206.75,203.3,206.43,0.0,1.0,0.0
2025-09-28 20:00:00+00:00,False,206.43,211.04,206.09,210.64,0.0,1.0,0.0
2025-09-29 00:00:00+00:00,False,210.61,210.92,208.84,210.44,0.0,1.0,0.0
2025-09-29 04:00:00+00:00,True,210.43,210.71,207.39,209.26,0.0,0.0,0.0
2025-09-29 08:00:00+00:00,True,209.25,209.8,206.06,206.91,0.0,0.0,0.0
2025-09-29 12:00:00+00:00,True,206.91,213.67,204.74,210.81,0.0,0.0,0.0
2025-09-29 16:00:00+00:00,True,210.8,213.75,207.77,213.19,0.0,0.0,0.0
2025-09-29 20:00:00+00:00,True,213.19,214.89,212.57,212.95,0.0,0.0,0.0
2025-09-30 00:00:00+00:00,True,212.96,213.83,210.0,211.12,0.0,0.0,0.0
2025-09-30 04:00:00+00:00,True,211.13,211.85,208.64,208.67,0.0,0.0,0.0
2025-09-30 08:00:00+00:00,True,208.67,209.02,205.64,207.02,0.0,0.0,0.0
2025-09-30 12:00:00+00:00,True,207.03,209.72,204.71,205.6,0.0,0.0,0.0
2025-09-30 16:00:00+00:00,True,205.59,209.23,204.25,208.46,0.0,0.0,0.0
2025-09-30 20:00:00+00:00,True,208.48,210.99,207.44,209.35,0.0,0.0,0.0
2025-10-01 00:00:00+00:00,True,209.36,210.99,206.32,207.62,0.0,0.0,0.0
2025-10-01 04:00:00+00:00,True,207.62,210.42,207.62,210.24,0.0,0.0,0.0
2025-10-01 08:00:00+00:00,True,210.25,218.12,210.05,217.67,0.0,0.0,0.0
2025-10-01 12:00:00+00:00,True,217.67,220.91,217.27,220.39,0.0,0.0,0.0
2025-10-01 16:00:00+00:00,True,220.38,221.13,217.51,220.1,0.0,0.0,0.0
2025-10-01 20:00:00+00:00,True,220.13,222.88,218.55,221.97,0.0,0.0,0.0
2025-10-02 00:00:00+00:00,True,221.98,225.2,219.64,224.15,0.0,0.0,0.0
2025-10-02 04:00:00+00:00,True,224.16,226.79,222.58,222.98,0.0,0.0,0.0
2025-10-02 08:00:00+00:00,True,222.99,226.84,222.89,226.15,0.0,0.0,0.0
2025-10-02 12:00:00+00:00,True,226.16,227.99,222.71,227.38,0.0,0.0,0.0
2025-10-02 16:00:00+00:00,True,227.38,233.99,226.38,232.1,0.0,0.0,0.0
2025-10-02 20:00:00+00:00,True,232.11,235.07,230.95,233.59,0.0,0.0,0.0
2025-10-03 00:00:00+00:00,True,233.59,235.02,230.69,232.27,0.0,0.0,0.0
2025-10-03 04:00:00+00:00,True,232.26,233.43,227.78,229.72,0.0,0.0,0.0
2025-10-03 08:00:00+00:00,True,229.72,231.98,228.03,230.5,0.0,0.0,0.0
2025-10-03 12:00:00+00:00,True,230.49,231.44,227.26,228.49,0.0,0.0,0.0
