Date,Close/Last,Volume,Open,High,Low
10/03/2025,$0.1535,62732410,$0.1308,$0.156,$0.1303
10/02/2025,$0.129,30103250,$0.1265,$0.1334,$0.122
10/01/2025,$0.1211,28557510,$0.13,$0.1303,$0.117
09/30/2025,$0.13,23041000,$0.1423,$0.1458,$0.1291
09/29/2025,$0.14,46154180,$0.1574,$0.1649,$0.1349
09/26/2025,$0.147,87559080,$0.133,$0.162,$0.133
09/25/2025,$0.127,41841200,$0.125,$0.13,$0.117
09/24/2025,$0.1355,58596590,$0.147,$0.1476,$0.1201
09/23/2025,$0.15,92996780,$0.182,$0.1836,$0.1415
09/22/2025,$0.1674,159978000,$0.1524,$0.1936,$0.151
09/19/2025,$0.1444,516546100,$0.2106,$0.225,$0.12
09/18/2025,$0.16,825386500,$0.0845,$0.179,$0.0828
09/17/2025,$0.0808,70086590,$0.08,$0.086,$0.0735
09/16/2025,$0.0818,478437200,$0.0926,$0.1019,$0.0737
09/15/2025,$0.0666,93327080,$0.0637,$0.069,$0.0607
09/12/2025,$0.056,66422790,$0.052,$0.06,$0.0502
09/11/2025,$0.0505,16135650,$0.052,$0.053,$0.0491
09/10/2025,$0.0508,22978050,$0.0482,$0.0524,$0.048
09/09/2025,$0.0492,26775330,$0.0445,$0.0518,$0.043
09/08/2025,$0.0425,28906650,$0.0403,$0.046,$0.0403
09/05/2025,$0.041,35228370,$0.0522,$0.0522,$0.0403
09/04/2025,$0.051,29263380,$0.0531,$0.0531,$0.0473
09/03/2025,$0.0526,37140220,$0.0574,$0.0579,$0.0522
09/02/2025,$0.0578,26231030,$0.06,$0.06,$0.0563
08/29/2025,$0.0589,41671720,$0.0665,$0.0669,$0.0588
08/28/2025,$0.0689,92263160,$0.0603,$0.07,$0.0593
08/27/2025,$0.0597,101959700,$0.058,$0.06,$0.0567
08/26/2025,$0.058,21350010,$0.0621,$0.0629,$0.058
08/25/2025,$0.061,24868170,$0.0554,$0.0619,$0.0551
08/22/2025,$0.0569,26864220,$0.06,$0.06,$0.055
08/21/2025,$0.0585,25879140,$0.0551,$0.063,$0.054
08/20/2025,$0.0571,29873710,$0.0625,$0.0625,$0.052
08/19/2025,$0.062,47850720,$0.0665,$0.069,$0.0619
08/18/2025,$0.07,506383300,$0.0878,$0.0884,$0.0658
08/15/2025,$0.0595,40066770,$0.0714,$0.0714,$0.0593
08/14/2025,$0.0729,22882940,$0.075,$0.0765,$0.0688
08/13/2025,$0.0782,25058800,$0.0776,$0.0832,$0.076
08/12/2025,$0.0768,30303890,$0.085,$0.085,$0.076
08/11/2025,$0.0858,34579120,$0.0786,$0.0866,$0.0777
08/08/2025,$0.0775,26806260,$0.083,$0.083,$0.0745
08/07/2025,$0.083,58742160,$0.0814,$0.0875,$0.079
08/06/2025,$0.0803,34590560,$0.086,$0.0907,$0.078
08/05/2025,$0.0951,430504600,$0.1072,$0.12,$0.091
08/04/2025,$0.0793,84372620,$0.074,$0.083,$0.071
08/01/2025,$0.0799,84262960,$0.0892,$0.0892,$0.078
07/31/2025,$0.0803,35949090,$0.0964,$0.0964,$0.0756
07/30/2025,$0.0996,45973320,$0.109,$0.1138,$0.0983
07/29/2025,$0.1049,59247400,$0.12,$0.12,$0.0997
07/28/2025,$0.10,130082000,$0.15,$0.1515,$0.0975
07/25/2025,$0.3469,1105963,$0.3306,$0.3539,$0.33
07/24/2025,$0.3323,3666590,$0.2999,$0.3578,$0.2979
07/23/2025,$0.29,1280253,$0.2799,$0.296,$0.2734
07/22/2025,$0.2731,649313,$0.2722,$0.2799,$0.2651
07/21/2025,$0.2765,819255,$0.28,$0.2838,$0.27
07/18/2025,$0.2795,616450,$0.27,$0.2865,$0.2683
07/17/2025,$0.2765,303956,$0.2754,$0.2795,$0.2721
07/16/2025,$0.27,245661,$0.2775,$0.2824,$0.2662
07/15/2025,$0.273,388122,$0.2824,$0.2865,$0.2703
07/14/2025,$0.281,563615,$0.2675,$0.2828,$0.262
07/11/2025,$0.2686,317782,$0.2688,$0.2749,$0.262
07/10/2025,$0.2743,520160,$0.2765,$0.285,$0.2603
07/09/2025,$0.2758,907982,$0.255,$0.28,$0.255
07/08/2025,$0.253,339111,$0.2511,$0.2565,$0.2412
07/07/2025,$0.2411,327797,$0.2508,$0.2524,$0.24
07/03/2025,$0.25,459962,$0.246,$0.2548,$0.24
07/02/2025,$0.2424,403684,$0.2374,$0.2425,$0.2311
07/01/2025,$0.2319,497205,$0.242,$0.2486,$0.2306
06/30/2025,$0.2397,561596,$0.24,$0.2471,$0.2371
06/27/2025,$0.245,937866,$0.2378,$0.25,$0.23
06/26/2025,$0.2422,1290434,$0.244,$0.25,$0.2258
06/25/2025,$0.253,463704,$0.25,$0.2565,$0.2401
06/24/2025,$0.2538,544741,$0.2447,$0.2559,$0.2424
06/23/2025,$0.2424,643623,$0.25,$0.2618,$0.2401
06/20/2025,$0.253,649285,$0.256,$0.2677,$0.253
06/18/2025,$0.256,506107,$0.27,$0.27,$0.2535
06/17/2025,$0.2563,466021,$0.265,$0.265,$0.252
06/16/2025,$0.2542,808675,$0.26,$0.2632,$0.2424
06/13/2025,$0.2423,566041,$0.247,$0.26,$0.24
06/12/2025,$0.2459,1753439,$0.26,$0.2737,$0.2451
06/11/2025,$0.2722,440036,$0.274,$0.2818,$0.2701
06/10/2025,$0.2773,707208,$0.278,$0.2846,$0.27
06/09/2025,$0.2817,664465,$0.2975,$0.3028,$0.2765
06/06/2025,$0.283,873861,$0.28,$0.31,$0.27
06/05/2025,$0.2859,398991,$0.29,$0.2929,$0.2712
06/04/2025,$0.2852,371382,$0.285,$0.29,$0.2818
06/03/2025,$0.2888,458494,$0.28,$0.291,$0.2775
06/02/2025,$0.2849,640655,$0.30,$0.30,$0.2795
05/30/2025,$0.2925,696056,$0.282,$0.2925,$0.2554
05/29/2025,$0.2731,329120,$0.2766,$0.2824,$0.2617
05/28/2025,$0.2711,270664,$0.2796,$0.2868,$0.2701
05/27/2025,$0.2803,540063,$0.2871,$0.2996,$0.2761
05/23/2025,$0.2801,388857,$0.27,$0.285,$0.26
05/22/2025,$0.2744,380464,$0.279,$0.283,$0.2731
05/21/2025,$0.275,328875,$0.282,$0.2997,$0.2731
05/20/2025,$0.2873,683464,$0.30,$0.302,$0.284
05/19/2025,$0.2913,646232,$0.28,$0.30,$0.277
05/16/2025,$0.2779,427434,$0.267,$0.2846,$0.2615
05/15/2025,$0.2647,453892,$0.27,$0.27,$0.2544
05/14/2025,$0.272,2946016,$0.2498,$0.2902,$0.2498
05/13/2025,$0.25,19445610,$0.3037,$0.31,$0.246
05/12/2025,$0.2952,893786,$0.30,$0.3264,$0.2871
05/09/2025,$0.2926,650508,$0.30,$0.3135,$0.2925
05/08/2025,$0.30,310419,$0.3073,$0.3099,$0.30
05/07/2025,$0.30,418888,$0.3071,$0.3071,$0.2974
05/06/2025,$0.30,1114446,$0.303,$0.3183,$0.30
05/05/2025,$0.3027,1013997,$0.291,$0.3137,$0.2881
05/02/2025,$0.2859,487985,$0.2757,$0.2873,$0.2757
05/01/2025,$0.2751,576857,$0.2653,$0.2948,$0.2625
04/30/2025,$0.2767,672821,$0.2598,$0.2839,$0.2565
04/29/2025,$0.2631,553668,$0.2841,$0.2841,$0.2553
04/28/2025,$0.2771,418365,$0.27,$0.2875,$0.2661
04/25/2025,$0.2653,474224,$0.284,$0.284,$0.2608
04/24/2025,$0.2666,436423,$0.2598,$0.2717,$0.2598
04/23/2025,$0.2602,694690,$0.285,$0.2977,$0.2597
04/22/2025,$0.2623,1049203,$0.251,$0.2686,$0.2401
04/21/2025,$0.2422,488809,$0.2483,$0.2499,$0.2394
04/17/2025,$0.2382,302086,$0.2461,$0.2461,$0.2354
04/16/2025,$0.24,2935665,$0.25,$0.2565,$0.2278
04/15/2025,$0.2495,1004338,$0.24,$0.2509,$0.2302
04/14/2025,$0.2339,600172,$0.2253,$0.2365,$0.215
04/11/2025,$0.2223,1542604,$0.2408,$0.2408,$0.2035
04/10/2025,$0.215,605531,$0.2372,$0.2384,$0.2107
04/09/2025,$0.2333,1450994,$0.23,$0.2399,$0.2183
04/08/2025,$0.2256,1719587,$0.289,$0.3085,$0.22
04/07/2025,$0.2564,1218180,$0.2575,$0.2791,$0.25
04/04/2025,$0.2581,2017040,$0.315,$0.32,$0.25
04/03/2025,$0.3239,3935911,$0.286,$0.3301,$0.2666
04/02/2025,$0.305,6755917,$0.253,$0.3224,$0.2449
04/01/2025,$0.25,5906559,$0.1951,$0.2535,$0.1951
03/31/2025,$0.197,2901825,$0.205,$0.2117,$0.197
03/28/2025,$0.206,2968273,$0.2371,$0.2371,$0.2026
03/27/2025,$0.22,1875363,$0.24,$0.24,$0.2196
03/26/2025,$0.2301,3159699,$0.254,$0.2578,$0.2231
03/25/2025,$0.25,3083145,$0.282,$0.291,$0.246
03/24/2025,$0.2768,2893831,$0.3098,$0.31,$0.2741
03/21/2025,$0.2908,5031812,$0.307,$0.31,$0.2798
03/20/2025,$0.28,14047020,$0.43,$0.433,$0.2614
03/19/2025,$0.4491,569040,$0.47,$0.47,$0.4421
03/18/2025,$0.4551,502655,$0.4582,$0.4655,$0.445
03/17/2025,$0.4567,1360653,$0.45,$0.4738,$0.4465
03/14/2025,$0.4503,784192,$0.45,$0.47,$0.4404
03/13/2025,$0.4481,1087078,$0.454,$0.4732,$0.44
03/12/2025,$0.4617,814907,$0.447,$0.4787,$0.443
03/11/2025,$0.447,2238064,$0.4483,$0.47,$0.4351
03/10/2025,$0.4501,2316362,$0.48,$0.489,$0.4457
03/07/2025,$0.48,441195,$0.489,$0.52,$0.475
03/06/2025,$0.49,750531,$0.50,$0.52,$0.475
03/05/2025,$0.5065,732805,$0.481,$0.5226,$0.48
03/04/2025,$0.484,2420626,$0.51,$0.5101,$0.459
03/03/2025,$0.5107,1389744,$0.555,$0.561,$0.51
02/28/2025,$0.54,1677674,$0.57,$0.57,$0.51
02/27/2025,$0.5511,1220319,$0.587,$0.6065,$0.5501
02/26/2025,$0.587,1742087,$0.5501,$0.6198,$0.5415
02/25/2025,$0.5726,2400197,$0.55,$0.5872,$0.5201
02/24/2025,$0.5522,1354502,$0.5555,$0.5608,$0.5393
02/21/2025,$0.5595,486956,$0.59,$0.593,$0.5521
02/20/2025,$0.5795,1026730,$0.57,$0.5831,$0.5508
02/19/2025,$0.5785,402408,$0.59,$0.5976,$0.5654
02/18/2025,$0.5823,1014023,$0.5887,$0.6087,$0.5734
02/14/2025,$0.578,310952,$0.562,$0.598,$0.562
02/13/2025,$0.5765,434593,$0.5644,$0.5822,$0.5512
02/12/2025,$0.5789,304679,$0.5747,$0.5898,$0.5603
02/11/2025,$0.576,509554,$0.5857,$0.5857,$0.5602
02/10/2025,$0.601,613638,$0.6214,$0.6214,$0.572
02/07/2025,$0.62,809672,$0.5972,$0.62,$0.575
02/06/2025,$0.6073,969023,$0.5875,$0.618,$0.5801
02/05/2025,$0.5869,410628,$0.572,$0.599,$0.569
02/04/2025,$0.572,366257,$0.5898,$0.601,$0.57
02/03/2025,$0.588,1289237,$0.57,$0.60,$0.57
01/31/2025,$0.59,621258,$0.6098,$0.6098,$0.5708
01/30/2025,$0.609,707117,$0.59,$0.6188,$0.5702
01/29/2025,$0.5825,321249,$0.60,$0.60,$0.572
01/28/2025,$0.59,688955,$0.579,$0.60,$0.5612
01/27/2025,$0.579,435684,$0.59,$0.6074,$0.57
01/24/2025,$0.5919,747135,$0.5798,$0.6098,$0.5587
01/23/2025,$0.5771,896812,$0.57,$0.5798,$0.5441
01/22/2025,$0.5747,708512,$0.58,$0.5806,$0.5476
01/21/2025,$0.57,1443244,$0.569,$0.5786,$0.5473
01/17/2025,$0.5799,621594,$0.5899,$0.59,$0.5688
01/16/2025,$0.59,727510,$0.593,$0.5987,$0.5701
01/15/2025,$0.6072,2047383,$0.58,$0.6191,$0.552
01/14/2025,$0.5899,1019974,$0.649,$0.649,$0.576
01/13/2025,$0.5953,1608299,$0.6151,$0.63,$0.5753
01/10/2025,$0.62,1799143,$0.619,$0.6265,$0.575
01/08/2025,$0.6199,1457326,$0.65,$0.65,$0.59
01/07/2025,$0.6543,2142038,$0.66,$0.67,$0.60
01/06/2025,$0.65,1052442,$0.6491,$0.685,$0.645
01/03/2025,$0.6491,2791205,$0.62,$0.675,$0.62
01/02/2025,$0.6235,2362134,$0.5438,$0.6615,$0.5438
12/31/2024,$0.5387,3231469,$0.5501,$0.5619,$0.5316
12/30/2024,$0.554,3814374,$0.58,$0.5882,$0.554
12/27/2024,$0.59,4799211,$0.56,$0.6078,$0.5571
12/26/2024,$0.5677,4660286,$0.575,$0.5878,$0.5473
12/24/2024,$0.5788,1198355,$0.581,$0.59,$0.5751
12/23/2024,$0.588,2451861,$0.5966,$0.605,$0.5792
12/20/2024,$0.6049,3097884,$0.60,$0.605,$0.5864
12/19/2024,$0.60,2376083,$0.60,$0.62,$0.5836
12/18/2024,$0.606,3269657,$0.60,$0.6329,$0.59
12/17/2024,$0.5994,2622768,$0.58,$0.6133,$0.5701
12/16/2024,$0.5914,2626884,$0.5764,$0.6048,$0.572
12/13/2024,$0.5801,3034131,$0.6012,$0.6154,$0.5511
12/12/2024,$0.6315,2054014,$0.625,$0.6464,$0.6091
12/11/2024,$0.635,1270955,$0.6201,$0.6499,$0.6102
12/10/2024,$0.6229,5352667,$0.63,$0.6471,$0.61
12/09/2024,$0.6261,2042743,$0.6516,$0.67,$0.6102
12/06/2024,$0.6581,1553757,$0.665,$0.6819,$0.6401
12/05/2024,$0.6742,2008618,$0.72,$0.735,$0.6524
12/04/2024,$0.70,2575504,$0.6967,$0.7025,$0.656
12/03/2024,$0.6984,669615,$0.7295,$0.73,$0.68
12/02/2024,$0.7232,3155717,$0.7207,$0.74,$0.7005
11/29/2024,$0.7207,220906,$0.73,$0.7394,$0.7151
11/27/2024,$0.725,3322899,$0.689,$0.7309,$0.6814
11/26/2024,$0.68,387603,$0.707,$0.707,$0.675
11/25/2024,$0.6971,1434837,$0.6816,$0.7088,$0.6616
11/22/2024,$0.6616,1341606,$0.63,$0.6648,$0.60
11/21/2024,$0.6366,789757,$0.66,$0.6825,$0.6309
11/20/2024,$0.6647,4159831,$0.68,$0.705,$0.6401
11/19/2024,$0.6748,5451422,$0.60,$0.6819,$0.571
11/18/2024,$0.595,1794223,$0.60,$0.6393,$0.58
11/15/2024,$0.5866,5185940,$0.59,$0.6134,$0.58
11/14/2024,$0.5912,14518860,$0.81,$0.81,$0.5833
11/13/2024,$0.7706,1554180,$0.82,$0.8334,$0.75
11/12/2024,$0.7937,568531,$0.82,$0.8242,$0.7631
11/11/2024,$0.8241,741150,$0.81,$0.8334,$0.776
11/08/2024,$0.7969,687532,$0.777,$0.7998,$0.7501
11/07/2024,$0.7769,725456,$0.82,$0.8332,$0.7715
11/06/2024,$0.8275,653371,$0.82,$0.86,$0.7942
11/05/2024,$0.83,444528,$0.8178,$0.83,$0.792
11/04/2024,$0.8275,1237685,$0.80,$0.8552,$0.78
11/01/2024,$0.7998,1118846,$0.732,$0.8199,$0.732
10/31/2024,$0.7256,1242370,$0.7142,$0.75,$0.6988
10/30/2024,$0.6968,2797477,$0.70,$0.7183,$0.6702
10/29/2024,$0.7045,822114,$0.74,$0.751,$0.6974
10/28/2024,$0.7372,1341202,$0.7375,$0.7701,$0.7306
10/25/2024,$0.7375,1701454,$0.75,$0.7887,$0.7223
10/24/2024,$0.75,1181522,$0.78,$0.78,$0.7418
10/23/2024,$0.7849,737466,$0.8312,$0.846,$0.7821
10/22/2024,$0.81,1245767,$0.8201,$0.8269,$0.7975
10/21/2024,$0.8238,963142,$0.84,$0.85,$0.82
10/18/2024,$0.8427,750813,$0.86,$0.87,$0.841
10/17/2024,$0.8415,868198,$0.88,$0.88,$0.8406
10/16/2024,$0.871,1127946,$0.885,$0.896,$0.8667
10/15/2024,$0.88,1811553,$0.87,$0.8996,$0.87
10/14/2024,$0.8791,1781743,$0.88,$0.885,$0.83
10/11/2024,$0.8716,773137,$0.8877,$0.9116,$0.8609
10/10/2024,$0.879,210243,$0.88,$0.89,$0.8703
10/09/2024,$0.8897,1975552,$0.90,$0.9067,$0.86
10/08/2024,$0.9088,371639,$0.91,$0.94,$0.9062
10/07/2024,$0.91,526874,$0.94,$0.9599,$0.9011
10/04/2024,$0.951,730185,$0.8998,$0.9637,$0.89
10/03/2024,$0.895,1367143,$0.8743,$0.9149,$0.864
10/02/2024,$0.8747,1892323,$0.91,$0.92,$0.87
10/01/2024,$0.9214,557602,$0.9445,$0.9504,$0.9126
09/30/2024,$0.9504,491691,$0.98,$1.00,$0.925
09/27/2024,$0.9772,1116195,$0.96,$1.01,$0.9399
09/26/2024,$0.937,1007735,$0.9328,$0.9495,$0.91
09/25/2024,$0.9193,1764068,$0.9747,$0.985,$0.905
09/24/2024,$0.971,613889,$0.95,$0.9884,$0.95
09/23/2024,$0.9381,2234796,$0.9984,$1.00,$0.8713
09/20/2024,$0.9961,840865,$1.03,$1.03,$0.98
09/19/2024,$1.01,919436,$1.03,$1.06,$1.00
09/18/2024,$1.04,964361,$1.03,$1.07,$1.02
09/17/2024,$1.05,958560,$1.09,$1.09,$1.04
09/16/2024,$1.05,1548923,$1.12,$1.12,$1.035
09/13/2024,$1.11,944730,$1.13,$1.165,$1.10
09/12/2024,$1.10,766160,$1.09,$1.11,$1.08
09/11/2024,$1.08,440916,$1.10,$1.10,$1.07
09/10/2024,$1.08,793807,$1.09,$1.11,$1.06
09/09/2024,$1.11,655153,$1.08,$1.16,$1.08
09/06/2024,$1.09,1002881,$1.10,$1.1499,$1.08
09/05/2024,$1.11,1521440,$1.17,$1.19,$1.09
09/04/2024,$1.16,787485,$1.21,$1.215,$1.14
09/03/2024,$1.21,1247781,$1.24,$1.32,$1.20
08/30/2024,$1.27,985969,$1.26,$1.28,$1.21
08/29/2024,$1.27,1123291,$1.24,$1.31,$1.21
08/28/2024,$1.22,1262554,$1.25,$1.25,$1.17
08/27/2024,$1.24,1214582,$1.30,$1.3277,$1.22
08/26/2024,$1.33,1690095,$1.23,$1.33,$1.20
08/23/2024,$1.21,1060856,$1.16,$1.23,$1.16
08/22/2024,$1.17,1351493,$1.19,$1.26,$1.17
08/21/2024,$1.19,1901989,$1.08,$1.19,$1.0793
08/20/2024,$1.06,2089364,$1.11,$1.13,$1.02
08/19/2024,$1.12,1630501,$1.08,$1.12,$1.05
08/16/2024,$1.08,999787,$1.09,$1.09,$1.04
08/15/2024,$1.09,954884,$1.08,$1.09,$1.05
08/14/2024,$1.04,1443785,$1.06,$1.08,$1.00
08/13/2024,$1.05,1968477,$1.11,$1.145,$1.04
08/12/2024,$1.09,4405763,$1.08,$1.19,$1.04
08/09/2024,$0.9925,1587601,$1.01,$1.04,$0.971
08/08/2024,$0.987,1484944,$1.02,$1.02,$0.9432
08/07/2024,$1.01,1830763,$1.00,$1.06,$0.9966
08/06/2024,$1.00,1785943,$1.02,$1.02,$0.9432
08/05/2024,$0.98,4377601,$1.04,$1.08,$0.9701
08/02/2024,$1.17,14084720,$1.32,$1.35,$1.04
08/01/2024,$1.27,1780158,$1.33,$1.36,$1.26
07/31/2024,$1.33,1985554,$1.31,$1.365,$1.28
07/30/2024,$1.30,3846235,$1.42,$1.48,$1.30
07/29/2024,$1.37,2297344,$1.43,$1.45,$1.33
07/26/2024,$1.39,1950911,$1.30,$1.42,$1.295
07/25/2024,$1.30,2248875,$1.22,$1.33,$1.22
07/24/2024,$1.23,1278338,$1.23,$1.2977,$1.22
07/23/2024,$1.23,1294664,$1.21,$1.27,$1.21
07/22/2024,$1.21,1209038,$1.20,$1.27,$1.165
07/19/2024,$1.17,904076,$1.19,$1.23,$1.13
07/18/2024,$1.18,1467497,$1.27,$1.28,$1.17
07/17/2024,$1.26,1330830,$1.24,$1.31,$1.23
07/16/2024,$1.27,1425415,$1.28,$1.30,$1.23
07/15/2024,$1.245,3087364,$1.30,$1.37,$1.07
07/12/2024,$1.28,2434374,$1.22,$1.34,$1.2191
07/11/2024,$1.24,2176207,$1.22,$1.27,$1.17
07/10/2024,$1.19,1149855,$1.20,$1.23,$1.18
07/09/2024,$1.20,1593609,$1.20,$1.23,$1.15
07/08/2024,$1.16,2200014,$1.24,$1.25,$1.12
07/05/2024,$1.22,3830304,$1.03,$1.22,$1.02
07/03/2024,$1.02,740677,$1.06,$1.06,$1.00
07/02/2024,$1.05,1611906,$1.07,$1.10,$1.03
07/01/2024,$1.05,1432744,$1.00,$1.06,$0.9799
06/28/2024,$0.9749,1600236,$0.9808,$1.03,$0.9601
06/27/2024,$0.9808,2723951,$0.84,$0.9896,$0.83
06/26/2024,$0.8315,1715298,$0.865,$0.865,$0.825
06/25/2024,$0.8659,774847,$0.8909,$0.8909,$0.8627
06/24/2024,$0.8806,755062,$0.89,$0.919,$0.875
06/21/2024,$0.89,588973,$0.865,$0.8964,$0.8641
06/20/2024,$0.8728,1862992,$0.87,$0.90,$0.855
06/18/2024,$0.88,2798180,$0.93,$0.9401,$0.85
06/17/2024,$0.937,1992746,$1.01,$1.02,$0.9212
06/14/2024,$1.01,834358,$1.02,$1.0399,$1.00
06/13/2024,$1.04,599829,$1.05,$1.05,$1.02
06/12/2024,$1.04,882889,$1.05,$1.08,$1.03
06/11/2024,$1.04,1642351,$1.02,$1.05,$1.01
06/10/2024,$1.04,1624762,$1.01,$1.045,$1.01
06/07/2024,$1.02,1076531,$1.01,$1.06,$1.01
06/06/2024,$1.03,1829077,$1.02,$1.06,$1.01
06/05/2024,$1.06,1847593,$0.99,$1.07,$0.99
06/04/2024,$1.01,4017342,$1.05,$1.05,$0.9601
06/03/2024,$1.07,2229136,$1.10,$1.15,$1.05
05/31/2024,$1.13,14923180,$1.15,$1.18,$1.0403
05/30/2024,$1.01,3923317,$1.05,$1.07,$1.00
05/29/2024,$1.01,828543,$1.03,$1.0356,$1.00
05/28/2024,$1.04,1090026,$1.08,$1.10,$1.02
05/24/2024,$1.05,560532,$1.02,$1.066,$1.01
05/23/2024,$1.01,800048,$1.05,$1.06,$1.01
05/22/2024,$1.05,735218,$1.08,$1.12,$1.05
05/21/2024,$1.08,1314196,$1.09,$1.11,$1.06
05/20/2024,$1.10,699369,$1.12,$1.12,$1.05
05/17/2024,$1.11,1056715,$1.16,$1.175,$1.10
05/16/2024,$1.20,1295023,$1.34,$1.34,$1.15
05/15/2024,$1.24,1418583,$1.19,$1.27,$1.13
05/14/2024,$1.15,533333,$1.17,$1.23,$1.12
05/13/2024,$1.17,432605,$1.12,$1.20,$1.1042
05/10/2024,$1.12,531725,$1.13,$1.21,$1.08
05/09/2024,$1.14,993489,$1.15,$1.22,$1.12
05/08/2024,$1.14,975286,$1.09,$1.14,$1.02
05/07/2024,$1.10,1035004,$1.15,$1.15,$1.06
05/06/2024,$1.15,842132,$1.23,$1.23,$1.11
05/03/2024,$1.19,852996,$1.22,$1.24,$1.17
05/02/2024,$1.19,717204,$1.25,$1.25,$1.17
05/01/2024,$1.21,911455,$1.19,$1.25,$1.16
04/30/2024,$1.19,656660,$1.23,$1.23,$1.15
04/29/2024,$1.15,1147068,$1.09,$1.20,$1.07
04/26/2024,$1.075,1162546,$1.06,$1.095,$1.03
04/25/2024,$1.06,565527,$1.05,$1.0992,$1.04
04/24/2024,$1.08,786554,$1.14,$1.15,$1.07
04/23/2024,$1.14,1133640,$1.04,$1.16,$1.00
04/22/2024,$1.01,694255,$0.99,$1.08,$0.94
04/19/2024,$0.9767,1482450,$0.9201,$1.10,$0.92
04/18/2024,$0.8984,3345633,$0.9676,$0.9893,$0.8721
04/17/2024,$0.987,1222265,$1.02,$1.045,$0.9301
04/16/2024,$1.03,1224206,$1.05,$1.06,$0.9801
04/15/2024,$1.05,1324308,$1.20,$1.21,$1.05
04/12/2024,$1.16,3079437,$1.20,$1.2799,$1.13
04/11/2024,$1.29,882268,$1.28,$1.34,$1.26
04/10/2024,$1.27,1514980,$1.33,$1.33,$1.25
04/09/2024,$1.37,718236,$1.36,$1.405,$1.35
04/08/2024,$1.36,1025092,$1.40,$1.41,$1.33
04/05/2024,$1.37,1205337,$1.39,$1.42,$1.32
04/04/2024,$1.35,777369,$1.41,$1.45,$1.35
04/03/2024,$1.38,1636265,$1.40,$1.42,$1.35
04/02/2024,$1.40,1148290,$1.46,$1.46,$1.36
04/01/2024,$1.47,1334215,$1.55,$1.55,$1.45
03/28/2024,$1.58,1068461,$1.65,$1.65,$1.53
03/27/2024,$1.58,1184494,$1.55,$1.625,$1.47
03/26/2024,$1.52,1194956,$1.45,$1.57,$1.38
03/25/2024,$1.44,1175504,$1.46,$1.56,$1.42
03/22/2024,$1.44,1671980,$1.34,$1.49,$1.3238
03/21/2024,$1.34,1148416,$1.29,$1.40,$1.29
03/20/2024,$1.33,3079207,$1.44,$1.44,$1.24
03/19/2024,$1.41,1179466,$1.45,$1.52,$1.38
03/18/2024,$1.47,1093143,$1.50,$1.51,$1.36
03/15/2024,$1.48,634191,$1.47,$1.49,$1.42
03/14/2024,$1.46,1339697,$1.55,$1.5599,$1.41
03/13/2024,$1.59,1398467,$1.56,$1.70,$1.47
03/12/2024,$1.49,1624048,$1.54,$1.56,$1.42
03/11/2024,$1.54,2095280,$1.80,$1.80,$1.52
03/08/2024,$1.75,12009190,$1.79,$2.05,$1.72
03/07/2024,$1.74,2526833,$1.75,$1.85,$1.62
03/06/2024,$1.71,2212870,$1.59,$1.75,$1.49
03/05/2024,$1.46,822403,$1.48,$1.53,$1.38
03/04/2024,$1.48,1121259,$1.63,$1.636,$1.42
03/01/2024,$1.59,924045,$1.56,$1.64,$1.55
02/29/2024,$1.57,1557793,$1.61,$1.61,$1.50
02/28/2024,$1.61,1711694,$1.77,$1.77,$1.50
02/27/2024,$1.71,2221168,$1.69,$1.79,$1.6025
02/26/2024,$1.64,1663924,$1.50,$1.65,$1.43
02/23/2024,$1.48,808040,$1.45,$1.50,$1.38
02/22/2024,$1.38,1984012,$1.53,$1.638,$1.38
02/21/2024,$1.50,2828099,$1.23,$1.5698,$1.23
02/20/2024,$1.26,1087925,$1.18,$1.315,$1.18
02/16/2024,$1.20,786592,$1.25,$1.28,$1.18
02/15/2024,$1.25,695348,$1.32,$1.32,$1.22
02/14/2024,$1.28,759193,$1.25,$1.32,$1.20
02/13/2024,$1.195,1061226,$1.16,$1.29,$1.15
02/12/2024,$1.21,1088927,$1.26,$1.28,$1.19
02/09/2024,$1.25,1487474,$1.24,$1.33,$1.19
02/08/2024,$1.15,1580999,$1.27,$1.27,$1.12
02/07/2024,$1.24,2146557,$1.32,$1.4198,$1.20
02/06/2024,$1.33,3010997,$1.17,$1.38,$1.13
02/05/2024,$1.17,3132883,$1.07,$1.20,$1.0649
02/02/2024,$1.04,2341197,$0.995,$1.06,$0.921
02/01/2024,$1.00,5506671,$1.03,$1.10,$0.9801
01/31/2024,$0.96,4661695,$0.90,$1.04,$0.90
01/30/2024,$0.8748,20089250,$0.78,$0.8787,$0.7619
01/29/2024,$0.794,562311,$0.7505,$0.80,$0.7301
01/26/2024,$0.73,296209,$0.75,$0.7606,$0.72
01/25/2024,$0.737,319525,$0.7201,$0.75,$0.6905
01/24/2024,$0.715,346713,$0.761,$0.8001,$0.71
01/23/2024,$0.76,596261,$0.73,$0.78,$0.7201
01/22/2024,$0.7263,355527,$0.708,$0.75,$0.703
01/19/2024,$0.7026,735903,$0.715,$0.7722,$0.69
01/18/2024,$0.7225,485032,$0.7196,$0.73,$0.676
01/17/2024,$0.7251,856865,$0.73,$0.7498,$0.6517
01/16/2024,$0.71,829858,$0.79,$0.81,$0.71
01/12/2024,$0.8229,512264,$0.90,$0.90,$0.8127
01/11/2024,$0.8799,669286,$0.90,$0.90,$0.7702
01/10/2024,$0.90,820559,$0.92,$0.9215,$0.87
01/09/2024,$0.9155,608129,$0.925,$0.959,$0.90
01/08/2024,$0.935,1331229,$0.9226,$0.937,$0.8211
01/05/2024,$0.88,1538958,$0.81,$0.9298,$0.8001
01/04/2024,$0.811,1395901,$0.76,$0.8489,$0.75
01/03/2024,$0.7215,505473,$0.76,$0.76,$0.69
01/02/2024,$0.746,807231,$0.81,$0.85,$0.7306
12/29/2023,$0.793,1291957,$0.6886,$0.84,$0.6886
12/28/2023,$0.6901,1351176,$0.7591,$0.7591,$0.62
12/27/2023,$0.719,1660501,$0.59,$0.7236,$0.59
12/26/2023,$0.5844,1493987,$0.5039,$0.62,$0.5005
12/22/2023,$0.50,699562,$0.48,$0.5024,$0.472
12/21/2023,$0.4727,758976,$0.44,$0.4734,$0.43
12/20/2023,$0.4413,771816,$0.46,$0.4974,$0.4399
12/19/2023,$0.46,1081597,$0.446,$0.4974,$0.4351
12/18/2023,$0.4495,1139641,$0.4581,$0.4599,$0.432
12/15/2023,$0.45,1524666,$0.481,$0.4987,$0.45
12/14/2023,$0.4884,548826,$0.4903,$0.515,$0.482
12/13/2023,$0.5088,396335,$0.50,$0.51,$0.482
12/12/2023,$0.4946,341046,$0.5002,$0.528,$0.491
12/11/2023,$0.5025,429053,$0.5219,$0.53,$0.495
12/08/2023,$0.5449,263717,$0.5317,$0.5605,$0.53
12/07/2023,$0.5699,336195,$0.58,$0.58,$0.5249
12/06/2023,$0.5615,769208,$0.568,$0.589,$0.555
12/05/2023,$0.561,763891,$0.5569,$0.60,$0.50
12/04/2023,$0.5286,618353,$0.53,$0.598,$0.49
12/01/2023,$0.5422,335540,$0.4712,$0.5483,$0.47
11/30/2023,$0.50,221673,$0.49,$0.5162,$0.471
11/29/2023,$0.4981,286630,$0.446,$0.5084,$0.44
11/28/2023,$0.4461,363319,$0.4693,$0.4797,$0.4205
11/27/2023,$0.4752,426974,$0.47,$0.48,$0.4468
11/24/2023,$0.465,367704,$0.449,$0.4699,$0.4334
11/22/2023,$0.449,282858,$0.4366,$0.4595,$0.43
11/21/2023,$0.4415,413156,$0.4468,$0.45,$0.42
11/20/2023,$0.429,1156940,$0.50,$0.50,$0.42
11/17/2023,$0.479,1050497,$0.515,$0.52,$0.44
11/16/2023,$0.50,243826,$0.5172,$0.53,$0.4905
11/15/2023,$0.50,445047,$0.49,$0.5299,$0.49
11/14/2023,$0.4942,351969,$0.5024,$0.5303,$0.48
11/13/2023,$0.4726,307601,$0.48,$0.50,$0.4503
11/10/2023,$0.4701,623720,$0.54,$0.54,$0.47
11/09/2023,$0.547,423583,$0.5505,$0.5763,$0.51
11/08/2023,$0.5628,238961,$0.5702,$0.60,$0.55
11/07/2023,$0.596,215513,$0.5961,$0.60,$0.55
11/06/2023,$0.5872,131378,$0.58,$0.596,$0.55
11/03/2023,$0.56,315297,$0.55,$0.5842,$0.54
11/02/2023,$0.554,355226,$0.5383,$0.5599,$0.52
11/01/2023,$0.54,382817,$0.55,$0.5649,$0.5221
10/31/2023,$0.5407,283117,$0.57,$0.5827,$0.53
10/30/2023,$0.555,197573,$0.58,$0.59,$0.54
10/27/2023,$0.55,228015,$0.5688,$0.5805,$0.54
10/26/2023,$0.56,561704,$0.596,$0.599,$0.555
10/25/2023,$0.5947,327567,$0.62,$0.62,$0.57
10/24/2023,$0.6134,297355,$0.6417,$0.65,$0.60
10/23/2023,$0.6003,621784,$0.60,$0.62,$0.555
10/20/2023,$0.565,348079,$0.58,$0.60,$0.55
10/19/2023,$0.58,141723,$0.565,$0.5867,$0.565
10/18/2023,$0.5868,839128,$0.6211,$0.6363,$0.565
10/17/2023,$0.629,607453,$0.646,$0.6645,$0.61
10/16/2023,$0.665,658327,$0.6602,$0.6796,$0.62
10/13/2023,$0.656,537942,$0.669,$0.67,$0.64
10/12/2023,$0.669,477637,$0.6886,$0.6999,$0.65
10/11/2023,$0.68,212832,$0.6713,$0.70,$0.6713
10/10/2023,$0.68,330964,$0.6711,$0.719,$0.6711
10/09/2023,$0.686,245133,$0.701,$0.7099,$0.675
10/06/2023,$0.7131,175286,$0.70,$0.7348,$0.70
10/05/2023,$0.72,268557,$0.7038,$0.729,$0.70
10/04/2023,$0.7275,878509,$0.7537,$0.7704,$0.669
10/03/2023,$0.76,594970,$0.711,$0.7995,$0.694
10/02/2023,$0.75,454020,$0.78,$0.7995,$0.71
09/29/2023,$0.78,207862,$0.77,$0.81,$0.75
09/28/2023,$0.7856,187046,$0.80,$0.8099,$0.7652
09/27/2023,$0.80,459110,$0.7348,$0.82,$0.7348
09/26/2023,$0.76,389498,$0.7547,$0.7825,$0.7175
09/25/2023,$0.76,303232,$0.7702,$0.7746,$0.717
09/22/2023,$0.7825,252543,$0.77,$0.7849,$0.75
09/21/2023,$0.7679,270992,$0.7431,$0.7679,$0.715
09/20/2023,$0.745,189079,$0.738,$0.7525,$0.7225
09/19/2023,$0.7275,1227631,$0.7386,$0.748,$0.6801
09/18/2023,$0.7405,404505,$0.7844,$0.79,$0.738
09/15/2023,$0.8113,782574,$0.735,$0.82,$0.735
09/14/2023,$0.814,509490,$0.8303,$0.85,$0.7771
09/13/2023,$0.8033,153654,$0.77,$0.815,$0.7652
09/12/2023,$0.7681,484224,$0.7949,$0.8346,$0.7601
09/11/2023,$0.8001,676482,$0.7353,$0.8138,$0.735
09/08/2023,$0.7353,463150,$0.759,$0.7592,$0.735
09/07/2023,$0.765,550142,$0.755,$0.766,$0.745
09/06/2023,$0.76,643228,$0.776,$0.7887,$0.755
09/05/2023,$0.776,309354,$0.78,$0.7949,$0.776
09/01/2023,$0.79,190926,$0.7805,$0.81,$0.7751
08/31/2023,$0.7802,164382,$0.811,$0.83,$0.7802
08/30/2023,$0.82,306073,$0.80,$0.83,$0.785
08/29/2023,$0.80,172222,$0.7799,$0.8199,$0.7799
08/28/2023,$0.78,67104,$0.80,$0.8299,$0.78
08/25/2023,$0.78,705765,$0.795,$0.8342,$0.775
08/24/2023,$0.80,537838,$0.81,$0.846,$0.795
08/23/2023,$0.8163,646147,$0.79,$0.84,$0.79
08/22/2023,$0.7865,233105,$0.80,$0.81,$0.785
08/21/2023,$0.80,320704,$0.799,$0.82,$0.772
08/18/2023,$0.7837,172499,$0.7985,$0.8358,$0.7837
08/17/2023,$0.8244,450004,$0.787,$0.8349,$0.7701
08/16/2023,$0.7768,346644,$0.775,$0.7897,$0.77
08/15/2023,$0.78,338407,$0.775,$0.7986,$0.775
08/14/2023,$0.7846,692350,$0.81,$0.8187,$0.7725
08/11/2023,$0.81,544113,$0.84,$0.8497,$0.805
08/10/2023,$0.815,1084620,$0.86,$0.8649,$0.79
08/09/2023,$0.85,500359,$0.86,$0.8899,$0.84
08/08/2023,$0.86,413486,$0.86,$0.8743,$0.845
08/07/2023,$0.86,959258,$0.881,$0.909,$0.85
08/04/2023,$0.88,329160,$0.89,$0.92,$0.88
08/03/2023,$0.88,250918,$0.9075,$0.9108,$0.88
08/02/2023,$0.881,381327,$0.90,$0.92,$0.88
08/01/2023,$0.9088,490396,$0.9056,$0.95,$0.9056
07/31/2023,$0.9421,560797,$0.91,$1.00,$0.9051
07/28/2023,$0.89,232541,$0.8732,$0.909,$0.8675
07/27/2023,$0.87,1051503,$0.93,$0.93,$0.87
07/26/2023,$0.93,270790,$0.8907,$0.9305,$0.88
07/25/2023,$0.88,1020933,$0.92,$0.9386,$0.875
07/24/2023,$0.9366,383008,$0.95,$0.96,$0.925
07/21/2023,$0.9411,246987,$0.95,$0.9536,$0.91
07/20/2023,$0.935,1072952,$1.05,$1.05,$0.9189
07/19/2023,$1.04,1188346,$0.9541,$1.09,$0.9301
07/18/2023,$0.9541,899271,$0.901,$0.9542,$0.895
07/17/2023,$0.9009,1204277,$0.90,$0.9363,$0.89
07/14/2023,$0.901,722511,$0.9303,$0.9355,$0.90
07/13/2023,$0.93,345662,$0.925,$0.9616,$0.925
07/12/2023,$0.9306,488538,$0.95,$0.9599,$0.9248
07/11/2023,$0.934,493411,$0.933,$0.9499,$0.915
07/10/2023,$0.9283,1097683,$0.91,$0.9399,$0.90
07/07/2023,$0.90,1015078,$0.93,$0.9386,$0.90
07/06/2023,$0.9284,533911,$0.94,$0.9619,$0.9205
07/05/2023,$0.9368,671271,$0.933,$0.98,$0.9299
07/03/2023,$0.9326,295288,$0.925,$0.9468,$0.9201
06/30/2023,$0.925,1810018,$0.9448,$0.9596,$0.9057
06/29/2023,$0.936,676346,$0.90,$0.96,$0.90
06/28/2023,$0.9118,1128162,$0.9028,$0.97,$0.89
06/27/2023,$0.9028,1260131,$0.918,$0.9264,$0.8815
06/26/2023,$0.9185,1128982,$0.935,$0.9499,$0.905
06/23/2023,$0.95,1036449,$0.98,$0.9869,$0.935
06/22/2023,$0.99,1046972,$0.9948,$1.0001,$0.9562
06/21/2023,$1.01,2415217,$1.02,$1.0275,$0.91
06/20/2023,$1.04,1096183,$1.01,$1.065,$0.9905
06/16/2023,$1.02,1327420,$1.02,$1.0299,$0.97
06/15/2023,$1.01,816039,$1.01,$1.06,$1.01
06/14/2023,$1.04,817336,$1.00,$1.06,$1.00
06/13/2023,$1.01,1131788,$1.04,$1.0599,$1.00
06/12/2023,$1.04,1146087,$0.98,$1.05,$0.966
06/09/2023,$0.9874,1024715,$1.02,$1.04,$0.9634
06/08/2023,$1.01,1328121,$1.04,$1.06,$0.98
06/07/2023,$1.04,1341020,$1.08,$1.08,$1.01
06/06/2023,$1.08,2360168,$1.05,$1.12,$0.9821
06/05/2023,$1.04,1725842,$1.10,$1.14,$1.01
06/02/2023,$1.08,1121277,$1.12,$1.14,$1.08
06/01/2023,$1.09,843832,$1.04,$1.12,$1.02
05/31/2023,$1.02,3328039,$1.09,$1.095,$1.00
05/30/2023,$1.08,775721,$1.11,$1.11,$1.06
05/26/2023,$1.11,1473727,$1.21,$1.21,$1.05
05/25/2023,$1.17,1012646,$1.21,$1.23,$1.11
05/24/2023,$1.20,1044818,$1.23,$1.24,$1.15
05/23/2023,$1.22,658073,$1.28,$1.315,$1.20
05/22/2023,$1.28,447343,$1.32,$1.33,$1.27
05/19/2023,$1.31,338993,$1.32,$1.34,$1.30
05/18/2023,$1.31,496061,$1.33,$1.38,$1.28
05/17/2023,$1.34,582993,$1.32,$1.38,$1.27
05/16/2023,$1.31,475297,$1.36,$1.37,$1.31
05/15/2023,$1.39,544316,$1.37,$1.43,$1.36
05/12/2023,$1.37,418356,$1.42,$1.42,$1.35
05/11/2023,$1.36,266266,$1.41,$1.41,$1.35
05/10/2023,$1.40,257601,$1.40,$1.44,$1.37
05/09/2023,$1.40,140938,$1.40,$1.42,$1.36
05/08/2023,$1.40,1165232,$1.42,$1.45,$1.37
05/05/2023,$1.40,459221,$1.40,$1.42,$1.37
05/04/2023,$1.39,230992,$1.42,$1.42,$1.36
05/03/2023,$1.40,1988331,$1.36,$1.46,$1.3517
05/02/2023,$1.37,350562,$1.40,$1.43,$1.36
05/01/2023,$1.43,652695,$1.40,$1.465,$1.40
04/28/2023,$1.42,401510,$1.39,$1.43,$1.33
04/27/2023,$1.36,1218384,$1.36,$1.41,$1.36
04/26/2023,$1.36,377274,$1.32,$1.39,$1.32
04/25/2023,$1.32,655819,$1.36,$1.38,$1.29
04/24/2023,$1.38,818331,$1.35,$1.44,$1.33
04/21/2023,$1.35,1061354,$1.44,$1.46,$1.26
04/20/2023,$1.41,852603,$1.50,$1.50,$1.41
04/19/2023,$1.51,1789932,$1.35,$1.515,$1.31
04/18/2023,$1.35,1306356,$1.40,$1.40,$1.315
04/17/2023,$1.39,652967,$1.36,$1.465,$1.36
04/14/2023,$1.36,1090908,$1.27,$1.40,$1.27
04/13/2023,$1.27,1256283,$1.20,$1.305,$1.18
04/12/2023,$1.19,658025,$1.22,$1.22,$1.17
04/11/2023,$1.21,1053172,$1.11,$1.24,$1.105
04/10/2023,$1.13,693282,$1.10,$1.14,$1.08
04/06/2023,$1.08,567870,$1.03,$1.1299,$1.03
04/05/2023,$1.05,373035,$1.03,$1.05,$1.01
04/04/2023,$1.03,503483,$1.09,$1.10,$1.02
04/03/2023,$1.06,519703,$1.04,$1.11,$1.04
03/31/2023,$1.09,454026,$1.08,$1.11,$1.05
03/30/2023,$1.06,259618,$1.05,$1.10,$1.04
03/29/2023,$1.06,408557,$1.10,$1.10,$1.04
03/28/2023,$1.06,521325,$1.10,$1.12,$1.05
03/27/2023,$1.10,306389,$1.11,$1.14,$1.10
03/24/2023,$1.10,562736,$1.11,$1.12,$1.06
03/23/2023,$1.09,646552,$1.12,$1.14,$1.02
03/22/2023,$1.11,525855,$1.19,$1.20,$1.10
03/21/2023,$1.19,1093914,$1.10,$1.19,$1.09
03/20/2023,$1.09,1378767,$1.12,$1.1488,$1.07
03/17/2023,$1.12,963950,$1.20,$1.20,$1.12
03/16/2023,$1.20,926633,$1.10,$1.26,$1.10
03/15/2023,$1.13,551515,$1.14,$1.15,$1.09
03/14/2023,$1.15,705767,$1.12,$1.1699,$1.09
03/13/2023,$1.11,886893,$1.10,$1.16,$1.06
03/10/2023,$1.12,1619054,$1.17,$1.17,$1.09
03/09/2023,$1.19,1310962,$1.24,$1.25,$1.145
03/08/2023,$1.20,1491073,$1.28,$1.30,$1.20
03/07/2023,$1.25,2671562,$1.32,$1.3655,$1.18
03/06/2023,$1.32,4833509,$1.35,$1.49,$1.26
03/03/2023,$1.76,205294,$1.65,$1.79,$1.65
03/02/2023,$1.64,116502,$1.61,$1.70,$1.61
03/01/2023,$1.65,323359,$1.78,$1.79,$1.62
02/28/2023,$1.77,114395,$1.83,$1.8499,$1.71
02/27/2023,$1.82,231464,$1.70,$1.82,$1.70
02/24/2023,$1.70,297685,$1.60,$1.74,$1.59
02/23/2023,$1.62,63507,$1.62,$1.68,$1.6059
02/22/2023,$1.62,115006,$1.57,$1.67,$1.55
02/21/2023,$1.57,155855,$1.71,$1.71,$1.55
02/17/2023,$1.71,130294,$1.71,$1.77,$1.66
02/16/2023,$1.71,190860,$1.63,$1.72,$1.63
02/15/2023,$1.65,188180,$1.65,$1.67,$1.57
02/14/2023,$1.66,248020,$1.55,$1.69,$1.55
02/13/2023,$1.55,365457,$1.63,$1.63,$1.51
02/10/2023,$1.65,347740,$1.67,$1.7399,$1.61
02/09/2023,$1.68,165131,$1.68,$1.76,$1.67
02/08/2023,$1.68,126441,$1.69,$1.72,$1.63
02/07/2023,$1.65,103543,$1.64,$1.69,$1.62
02/06/2023,$1.64,135681,$1.64,$1.7434,$1.63
02/03/2023,$1.66,309120,$1.74,$1.74,$1.64
02/02/2023,$1.73,238219,$1.75,$1.81,$1.69
02/01/2023,$1.74,234178,$1.90,$1.90,$1.71
01/31/2023,$1.87,182632,$1.86,$1.95,$1.85
01/30/2023,$1.86,437953,$1.80,$1.9199,$1.80
01/27/2023,$1.80,258151,$1.77,$1.86,$1.75
01/26/2023,$1.77,476717,$1.86,$1.9399,$1.765
01/25/2023,$1.84,208076,$1.85,$1.87,$1.79
01/24/2023,$1.86,333009,$1.72,$1.97,$1.72
01/23/2023,$1.75,232338,$1.71,$1.80,$1.65
01/20/2023,$1.71,277361,$1.63,$1.73,$1.58
01/19/2023,$1.61,323184,$1.68,$1.69,$1.5908
01/18/2023,$1.705,315369,$1.75,$1.8122,$1.69
01/17/2023,$1.75,581414,$1.89,$1.94,$1.73
01/13/2023,$1.87,534205,$1.80,$2.04,$1.75
01/12/2023,$1.83,375890,$1.80,$1.84,$1.65
01/11/2023,$1.79,465299,$1.81,$1.81,$1.64
01/10/2023,$1.82,314778,$1.96,$2.0799,$1.78
01/09/2023,$1.945,481234,$2.16,$2.20,$1.9189
01/06/2023,$2.16,590402,$2.05,$2.35,$2.05
01/05/2023,$2.04,712957,$1.81,$2.11,$1.80
01/04/2023,$1.78,382105,$1.73,$1.80,$1.60
01/03/2023,$1.67,681746,$1.64,$1.7856,$1.58
12/30/2022,$1.46,304621,$1.36,$1.47,$1.34
12/29/2022,$1.36,374008,$1.26,$1.41,$1.25
12/28/2022,$1.25,420080,$1.33,$1.355,$1.23
12/27/2022,$1.32,534160,$1.39,$1.40,$1.29
12/23/2022,$1.36,169441,$1.40,$1.43,$1.35
12/22/2022,$1.41,241780,$1.44,$1.46,$1.35
12/21/2022,$1.42,217528,$1.33,$1.47,$1.33
12/20/2022,$1.33,235516,$1.30,$1.36,$1.27
12/19/2022,$1.31,165107,$1.29,$1.3199,$1.25
12/16/2022,$1.30,1082652,$1.32,$1.36,$1.22
12/15/2022,$1.36,302465,$1.35,$1.42,$1.31
12/14/2022,$1.38,508554,$1.41,$1.49,$1.32
12/13/2022,$1.42,301710,$1.56,$1.56,$1.39
12/12/2022,$1.50,403080,$1.64,$1.64,$1.48
12/09/2022,$1.65,243400,$1.73,$1.83,$1.63
12/08/2022,$1.76,244969,$1.85,$1.942,$1.75
12/07/2022,$1.80,328833,$1.80,$1.84,$1.62
12/06/2022,$1.79,274303,$1.95,$1.96,$1.78
12/05/2022,$1.95,468268,$2.07,$2.07,$1.91
12/02/2022,$2.06,596930,$2.00,$2.13,$1.955
12/01/2022,$2.02,224002,$2.15,$2.18,$2.01
11/30/2022,$2.17,356751,$2.25,$2.38,$2.15
11/29/2022,$2.19,469632,$2.15,$2.28,$2.10
11/28/2022,$2.11,284185,$2.20,$2.295,$2.09
11/25/2022,$2.20,152004,$2.26,$2.40,$2.19
11/23/2022,$2.23,426244,$2.41,$2.52,$2.18
11/22/2022,$2.44,588941,$2.54,$2.54,$2.30
11/21/2022,$2.53,429449,$2.31,$2.54,$2.30
11/18/2022,$2.36,362872,$2.42,$2.43,$2.32
11/17/2022,$2.35,418937,$2.21,$2.39,$2.20
11/16/2022,$2.35,761192,$2.37,$2.38,$2.24
11/15/2022,$2.38,654372,$2.51,$2.61,$2.3175
11/14/2022,$2.52,1480111,$2.52,$2.65,$2.431
11/11/2022,$2.51,923215,$2.30,$2.57,$2.28
11/10/2022,$2.22,625431,$2.10,$2.25,$2.03
11/09/2022,$2.10,1417119,$2.20,$2.27,$2.0372
11/08/2022,$2.08,1521992,$1.78,$2.15,$1.70
11/07/2022,$1.66,294303,$1.63,$1.71,$1.57
11/04/2022,$1.60,391868,$1.62,$1.64,$1.56
11/03/2022,$1.59,281088,$1.50,$1.63,$1.4635
11/02/2022,$1.51,197303,$1.47,$1.53,$1.41
11/01/2022,$1.45,355213,$1.44,$1.50,$1.41
10/31/2022,$1.42,187763,$1.38,$1.45,$1.38
10/28/2022,$1.39,224158,$1.34,$1.41,$1.33
10/27/2022,$1.37,256375,$1.36,$1.40,$1.30
10/26/2022,$1.34,597703,$1.23,$1.36,$1.22
10/25/2022,$1.27,833542,$1.0338,$1.27,$1.0201
10/24/2022,$1.20,729921,$1.28,$1.28,$1.18
10/21/2022,$1.28,4925066,$1.32,$1.41,$1.26
10/20/2022,$1.31,450176,$1.24,$1.42,$1.22
10/19/2022,$1.23,479446,$1.16,$1.25,$1.14
10/18/2022,$1.17,146245,$1.14,$1.22,$1.14
10/17/2022,$1.16,225354,$1.13,$1.22,$1.09
10/14/2022,$1.13,143542,$1.12,$1.17,$1.09
10/13/2022,$1.12,172312,$1.05,$1.13,$1.02
10/12/2022,$1.05,154805,$1.08,$1.09,$1.025
10/11/2022,$1.09,212776,$1.08,$1.1801,$1.03
10/10/2022,$1.09,469682,$1.19,$1.19,$1.075
10/07/2022,$1.20,617780,$1.13,$1.23,$1.06
10/06/2022,$1.12,197019,$1.12,$1.16,$1.08
10/05/2022,$1.10,313987,$1.14,$1.16,$1.09
10/04/2022,$1.15,274242,$1.09,$1.1983,$1.08
10/03/2022,$1.08,333568,$1.05,$1.16,$1.03
09/30/2022,$1.075,314129,$1.08,$1.09,$1.01
09/29/2022,$1.06,597791,$1.15,$1.1601,$1.02
09/28/2022,$1.15,528669,$1.10,$1.19,$1.09
09/27/2022,$1.11,584206,$1.20,$1.2399,$1.09
09/26/2022,$1.20,270218,$1.16,$1.24,$1.16
09/23/2022,$1.17,1155576,$1.35,$1.40,$1.10
09/22/2022,$1.33,246976,$1.36,$1.40,$1.29
09/21/2022,$1.36,460608,$1.48,$1.49,$1.36
09/20/2022,$1.49,127963,$1.49,$1.5599,$1.48
09/19/2022,$1.53,539852,$1.55,$1.60,$1.36
09/16/2022,$1.53,288750,$1.62,$1.645,$1.50
09/15/2022,$1.62,173715,$1.65,$1.70,$1.62
09/14/2022,$1.65,380751,$1.78,$1.787,$1.62
09/13/2022,$1.77,340623,$1.87,$1.90,$1.76
09/12/2022,$1.94,389240,$1.90,$1.97,$1.85
09/09/2022,$1.92,697469,$2.12,$2.12,$1.89
09/08/2022,$2.04,270807,$1.86,$2.0801,$1.85
09/07/2022,$1.86,404431,$1.93,$1.9832,$1.83
09/06/2022,$1.93,135291,$2.06,$2.07,$1.93
09/02/2022,$2.02,179436,$1.95,$2.06,$1.9342
09/01/2022,$1.92,163719,$2.00,$2.01,$1.90
08/31/2022,$1.98,146465,$1.94,$2.06,$1.925
08/30/2022,$1.94,177280,$2.05,$2.0921,$1.92
08/29/2022,$2.05,155381,$2.05,$2.1699,$2.03
08/26/2022,$2.09,225588,$2.21,$2.24,$2.05
08/25/2022,$2.22,153505,$2.27,$2.33,$2.175
08/24/2022,$2.22,181212,$2.18,$2.2899,$2.17
08/23/2022,$2.17,245245,$2.10,$2.20,$2.074
08/22/2022,$2.10,169942,$2.10,$2.12,$2.04
08/19/2022,$2.11,142209,$2.07,$2.14,$2.07
08/18/2022,$2.13,295128,$2.12,$2.13,$2.00
08/17/2022,$2.09,349176,$2.17,$2.27,$2.08
08/16/2022,$2.23,456796,$2.43,$2.43,$2.21
08/15/2022,$2.41,315734,$2.40,$2.53,$2.35
08/12/2022,$2.38,567635,$2.27,$2.54,$2.27
08/11/2022,$2.25,201842,$2.28,$2.36,$2.21
08/10/2022,$2.30,216951,$2.29,$2.34,$2.22
08/09/2022,$2.22,348142,$2.20,$2.38,$2.19
08/08/2022,$2.22,332611,$2.37,$2.37,$2.15
08/05/2022,$2.34,259995,$2.29,$2.40,$2.18
08/04/2022,$2.32,516372,$2.08,$2.33,$1.9688
08/03/2022,$1.94,368517,$1.78,$2.03,$1.78
08/02/2022,$1.76,119685,$1.71,$1.83,$1.71
08/01/2022,$1.74,138502,$1.82,$1.84,$1.73
07/29/2022,$1.85,172589,$1.89,$1.93,$1.8327
07/28/2022,$1.89,301723,$1.87,$1.94,$1.7573
07/27/2022,$1.83,67417,$1.85,$1.85,$1.80
07/26/2022,$1.83,293601,$1.78,$1.89,$1.72
07/25/2022,$1.81,99410,$1.82,$1.84,$1.78
07/22/2022,$1.82,140168,$1.92,$1.93,$1.81
07/21/2022,$1.90,133034,$1.84,$1.92,$1.84
07/20/2022,$1.84,268319,$1.81,$1.94,$1.81
07/19/2022,$1.81,198127,$1.72,$1.88,$1.72
07/18/2022,$1.72,121920,$1.71,$1.81,$1.705
07/15/2022,$1.71,187235,$1.72,$1.76,$1.64
07/14/2022,$1.72,115465,$1.75,$1.76,$1.702
07/13/2022,$1.76,182315,$1.71,$1.835,$1.69
07/12/2022,$1.76,122578,$1.71,$1.7875,$1.66
07/11/2022,$1.71,188718,$1.84,$1.8502,$1.71
07/08/2022,$1.87,205213,$1.81,$1.9142,$1.81
07/07/2022,$1.84,375528,$1.73,$1.88,$1.73
07/06/2022,$1.73,389342,$1.65,$1.80,$1.65
07/05/2022,$1.66,873296,$1.60,$1.7874,$1.60
07/01/2022,$1.65,403748,$1.70,$1.75,$1.61
06/30/2022,$1.70,331098,$1.71,$1.76,$1.63
06/29/2022,$1.71,188431,$1.77,$1.77,$1.68
06/28/2022,$1.74,314665,$1.70,$1.8499,$1.67
06/27/2022,$1.70,228384,$1.65,$1.76,$1.6082
06/24/2022,$1.62,911545,$1.72,$1.7901,$1.605
06/23/2022,$1.74,683772,$1.75,$1.85,$1.66
06/22/2022,$1.73,334836,$1.72,$1.8186,$1.68
06/21/2022,$1.68,321078,$1.79,$1.87,$1.66
06/17/2022,$1.78,1468068,$1.58,$1.91,$1.58
06/16/2022,$1.60,242683,$1.55,$1.64,$1.525
06/15/2022,$1.61,726924,$1.48,$1.691,$1.48
06/14/2022,$1.48,363550,$1.53,$1.57,$1.46
06/13/2022,$1.53,429089,$1.59,$1.59,$1.44
06/10/2022,$1.60,413973,$1.62,$1.675,$1.57
06/09/2022,$1.66,459764,$1.69,$1.75,$1.646
06/08/2022,$1.70,485092,$1.60,$1.80,$1.60
06/07/2022,$1.62,307253,$1.50,$1.6299,$1.44
06/06/2022,$1.52,410394,$1.71,$1.71,$1.51
06/03/2022,$1.67,1699752,$1.44,$1.855,$1.44
06/02/2022,$1.43,137957,$1.43,$1.475,$1.42
06/01/2022,$1.45,215003,$1.44,$1.485,$1.4108
05/31/2022,$1.44,267008,$1.51,$1.545,$1.43
05/27/2022,$1.52,252032,$1.50,$1.54,$1.40
05/26/2022,$1.46,226241,$1.45,$1.49,$1.43
05/25/2022,$1.48,215026,$1.54,$1.5658,$1.42
05/24/2022,$1.47,255292,$1.53,$1.53,$1.425
05/23/2022,$1.51,308149,$1.64,$1.65,$1.50
05/20/2022,$1.64,263366,$1.73,$1.76,$1.5494
05/19/2022,$1.67,785467,$1.45,$1.79,$1.43
05/18/2022,$1.47,121805,$1.56,$1.56,$1.4591
05/17/2022,$1.57,377187,$1.52,$1.61,$1.455
05/16/2022,$1.42,218013,$1.40,$1.48,$1.37
05/13/2022,$1.41,272517,$1.37,$1.46,$1.35
05/12/2022,$1.35,708686,$1.33,$1.425,$1.26
05/11/2022,$1.33,619590,$1.53,$1.54,$1.33
05/10/2022,$1.56,543707,$1.56,$1.64,$1.48
05/09/2022,$1.54,826285,$1.75,$1.97,$1.50
05/06/2022,$1.71,1103373,$1.75,$1.78,$1.645
05/05/2022,$1.78,190490,$1.90,$1.91,$1.77
05/04/2022,$1.91,360475,$1.85,$1.92,$1.76
05/03/2022,$1.82,216604,$1.90,$1.905,$1.81
05/02/2022,$1.87,351375,$1.70,$1.87,$1.70
04/29/2022,$1.72,292612,$1.74,$1.83,$1.71
04/28/2022,$1.75,5508344,$1.75,$1.77,$1.65
04/27/2022,$1.75,384961,$1.81,$1.835,$1.7301
04/26/2022,$1.80,397692,$1.92,$1.93,$1.80
04/25/2022,$1.96,254199,$1.89,$1.965,$1.85
04/22/2022,$1.89,353919,$1.92,$1.9581,$1.85
04/21/2022,$1.91,766360,$2.00,$2.06,$1.88
04/20/2022,$2.01,1759904,$1.97,$2.32,$1.93
04/19/2022,$1.92,299226,$1.81,$1.96,$1.81
04/18/2022,$1.84,449661,$1.92,$1.92,$1.83
04/14/2022,$1.91,579135,$1.96,$1.965,$1.87
04/13/2022,$1.96,607083,$1.77,$1.96,$1.77
04/12/2022,$1.79,545658,$1.88,$1.90,$1.78
04/11/2022,$1.86,1108857,$2.13,$2.13,$1.84
04/08/2022,$2.18,558066,$2.25,$2.34,$2.15
04/07/2022,$2.24,503037,$2.25,$2.34,$2.22
04/06/2022,$2.28,690177,$2.18,$2.30,$2.095
04/05/2022,$2.17,438619,$2.20,$2.235,$2.17
04/04/2022,$2.23,506061,$2.12,$2.26,$2.12
04/01/2022,$2.13,308964,$2.07,$2.1499,$2.01
03/31/2022,$2.06,280155,$2.07,$2.07,$2.02
03/30/2022,$2.06,222317,$2.14,$2.16,$2.03
03/29/2022,$2.13,321753,$2.07,$2.175,$2.05
03/28/2022,$2.05,460548,$2.08,$2.13,$2.005
03/25/2022,$2.10,459006,$2.22,$2.22,$2.06
03/24/2022,$2.19,463801,$2.17,$2.24,$2.12
03/23/2022,$2.16,510938,$2.24,$2.26,$2.15
03/22/2022,$2.25,592387,$2.13,$2.26,$2.08
03/21/2022,$2.13,1012195,$2.18,$2.22,$2.0901
03/18/2022,$2.18,1332265,$2.06,$2.235,$2.0401
03/17/2022,$2.11,1844451,$1.82,$2.11,$1.80
03/16/2022,$1.84,1907446,$1.76,$1.87,$1.76
03/15/2022,$1.73,1327702,$1.80,$1.85,$1.69
03/14/2022,$1.82,1046564,$1.83,$1.90,$1.77
03/11/2022,$1.82,1135107,$1.90,$1.93,$1.81
03/10/2022,$1.89,825660,$1.94,$1.94,$1.855
03/09/2022,$1.94,1735885,$2.00,$2.0362,$1.92
03/08/2022,$1.95,2753856,$1.99,$2.03,$1.90
03/07/2022,$1.95,7938475,$2.08,$2.16,$1.90
03/04/2022,$2.05,1253917,$2.14,$2.19,$2.02
03/03/2022,$2.19,3319307,$2.35,$2.36,$2.16
03/02/2022,$2.32,2034406,$2.40,$2.45,$2.28
03/01/2022,$2.41,3378307,$2.60,$2.62,$2.385
02/28/2022,$2.60,641194,$2.64,$2.77,$2.575
02/25/2022,$2.69,375077,$2.73,$2.7356,$2.60
02/24/2022,$2.69,788278,$2.45,$2.74,$2.42
02/23/2022,$2.67,320081,$2.82,$2.83,$2.65
02/22/2022,$2.79,471412,$2.78,$2.93,$2.76
02/18/2022,$2.87,473779,$2.98,$3.00,$2.84
02/17/2022,$3.00,1099911,$3.09,$3.09,$2.97
02/16/2022,$3.10,766505,$3.18,$3.25,$3.10
02/15/2022,$3.17,529827,$3.15,$3.2025,$3.085
02/14/2022,$3.10,631712,$3.07,$3.1386,$3.04
02/11/2022,$3.06,509343,$3.14,$3.19,$3.02
02/10/2022,$3.13,675136,$3.12,$3.315,$3.05
02/09/2022,$3.18,499033,$3.08,$3.24,$3.08
02/08/2022,$3.04,357058,$3.06,$3.10,$2.955
02/07/2022,$3.07,854544,$2.86,$3.14,$2.86
02/04/2022,$2.81,487371,$2.69,$2.85,$2.66
02/03/2022,$2.71,412181,$2.71,$2.83,$2.69
02/02/2022,$2.80,481242,$2.98,$2.98,$2.77
02/01/2022,$2.98,701072,$2.91,$3.025,$2.83
01/31/2022,$2.92,626954,$2.70,$2.93,$2.69
01/28/2022,$2.68,925000,$2.68,$2.7101,$2.59
01/27/2022,$2.71,575544,$2.77,$2.85,$2.70
01/26/2022,$2.82,686571,$2.91,$3.02,$2.785
01/25/2022,$2.86,477252,$2.85,$2.94,$2.80
01/24/2022,$2.93,898243,$2.81,$2.95,$2.68
01/21/2022,$2.89,850529,$2.96,$2.999,$2.85
01/20/2022,$2.95,1112494,$3.02,$3.13,$2.95
01/19/2022,$3.01,1187838,$3.07,$3.14,$3.00
01/18/2022,$3.06,714251,$3.27,$3.27,$3.06
01/14/2022,$3.30,768715,$3.35,$3.40,$3.16
01/13/2022,$3.36,524913,$3.42,$3.53,$3.35
01/12/2022,$3.42,579460,$3.62,$3.63,$3.40
01/11/2022,$3.58,634110,$3.50,$3.68,$3.48
01/10/2022,$3.47,714786,$3.50,$3.53,$3.35
01/07/2022,$3.51,493978,$3.64,$3.67,$3.50
01/06/2022,$3.61,754974,$3.57,$3.645,$3.41
01/05/2022,$3.58,661485,$3.81,$3.89,$3.56
01/04/2022,$3.84,607344,$4.08,$4.12,$3.81
01/03/2022,$4.06,500677,$3.84,$4.095,$3.77
12/31/2021,$3.75,923475,$3.87,$3.95,$3.72
12/30/2021,$3.87,676107,$3.70,$3.93,$3.68
12/29/2021,$3.70,356376,$3.76,$3.81,$3.68
12/28/2021,$3.79,515154,$3.93,$4.0599,$3.79
12/27/2021,$3.95,790389,$4.09,$4.10,$3.95
12/23/2021,$4.11,914146,$4.02,$4.165,$3.98
12/22/2021,$4.00,889935,$4.05,$4.105,$3.91
12/21/2021,$4.01,586599,$4.05,$4.11,$3.97
12/20/2021,$4.06,1016224,$3.85,$4.14,$3.76
12/17/2021,$3.90,1918938,$3.61,$3.99,$3.46
12/16/2021,$3.61,768398,$3.71,$3.72,$3.55
12/15/2021,$3.68,932403,$3.48,$3.69,$3.38
12/14/2021,$3.50,990014,$3.56,$3.61,$3.431
12/13/2021,$3.61,606246,$3.61,$3.70,$3.49
12/10/2021,$3.62,1145989,$3.73,$3.89,$3.585
12/09/2021,$3.69,527560,$3.83,$3.90,$3.67
12/08/2021,$3.83,1201134,$3.945,$3.945,$3.765
12/07/2021,$3.89,962837,$3.70,$3.995,$3.6861
12/06/2021,$3.59,1122751,$3.59,$3.63,$3.47
12/03/2021,$3.58,1021248,$3.70,$3.70,$3.52
12/02/2021,$3.73,1862363,$3.743,$3.75,$3.61
12/01/2021,$3.70,1792026,$4.24,$4.28,$3.68
11/30/2021,$4.15,1273076,$4.02,$4.18,$3.945
11/29/2021,$4.07,504435,$4.12,$4.24,$4.03
11/26/2021,$4.07,321653,$4.14,$4.215,$4.02
11/24/2021,$4.28,597823,$4.07,$4.34,$4.02
11/23/2021,$4.10,1599679,$4.07,$4.1399,$3.835
11/22/2021,$4.10,817007,$4.26,$4.31,$4.03
11/19/2021,$4.25,674661,$4.15,$4.33,$4.12
11/18/2021,$4.16,1176475,$4.25,$4.34,$4.08
11/17/2021,$4.23,523568,$4.3405,$4.46,$4.2275
11/16/2021,$4.33,2662963,$4.31,$4.395,$4.19
11/15/2021,$4.35,909194,$4.625,$4.69,$4.33
11/12/2021,$4.57,1913852,$4.74,$4.75,$4.25
11/11/2021,$4.70,2226840,$5.00,$5.15,$4.605
11/10/2021,$5.17,710374,$5.43,$5.5381,$5.16
11/09/2021,$5.51,616095,$5.64,$5.71,$5.47
11/08/2021,$5.68,1082733,$5.649,$5.95,$5.59
11/05/2021,$5.47,999068,$5.34,$5.48,$5.13
11/04/2021,$5.25,427981,$5.30,$5.44,$5.10
11/03/2021,$5.47,533647,$5.48,$5.51,$5.26
11/02/2021,$5.48,630792,$5.41,$5.55,$5.28
11/01/2021,$5.39,471653,$5.06,$5.41,$5.06
10/29/2021,$5.07,383539,$5.16,$5.20,$5.02
10/28/2021,$5.19,324125,$5.03,$5.225,$5.00
10/27/2021,$5.02,320076,$5.01,$5.1001,$4.96
10/26/2021,$5.03,383918,$4.995,$5.10,$4.925
10/25/2021,$4.98,794049,$5.21,$5.2307,$4.93
10/22/2021,$5.21,529877,$5.24,$5.25,$5.13
10/21/2021,$5.27,369986,$5.20,$5.33,$5.17
10/20/2021,$5.20,406088,$5.29,$5.33,$5.16
10/19/2021,$5.27,636161,$5.24,$5.39,$5.21
10/18/2021,$5.225,433433,$5.35,$5.38,$5.20
10/15/2021,$5.33,576290,$5.50,$5.50,$5.25
10/14/2021,$5.45,525134,$5.48,$5.55,$5.3401
10/13/2021,$5.44,847132,$5.39,$5.67,$5.35
10/12/2021,$5.35,544369,$5.19,$5.38,$5.19
10/11/2021,$5.18,451673,$5.145,$5.28,$5.04
10/08/2021,$5.12,613875,$5.17,$5.24,$5.04
10/07/2021,$5.16,198202,$5.17,$5.245,$5.09
10/06/2021,$5.09,491739,$5.10,$5.29,$5.04
10/05/2021,$5.19,526821,$5.19,$5.305,$5.095
10/04/2021,$5.18,606165,$5.32,$5.34,$5.08
10/01/2021,$5.39,886154,$5.25,$5.46,$5.15
09/30/2021,$5.17,675174,$5.20,$5.32,$5.15
09/29/2021,$5.20,1261205,$5.53,$5.65,$5.18
09/28/2021,$5.43,1276150,$5.73,$5.77,$5.38
09/27/2021,$5.82,1035455,$5.75,$5.94,$5.6801
09/24/2021,$5.76,801203,$5.65,$5.82,$5.64
09/23/2021,$5.76,914822,$5.79,$5.90,$5.58
09/22/2021,$5.75,1657036,$5.51,$5.82,$5.5001
09/21/2021,$5.50,2141320,$5.12,$5.60,$5.11
09/20/2021,$5.08,1101889,$5.20,$5.35,$5.0301
09/17/2021,$5.40,1970385,$5.23,$5.43,$5.16
09/16/2021,$5.29,2590906,$5.41,$5.41,$5.07
09/15/2021,$5.40,1202242,$5.35,$5.50,$5.33
09/14/2021,$5.31,4168075,$5.81,$5.94,$5.25
09/13/2021,$5.85,6668092,$6.82,$6.84,$5.75
09/10/2021,$6.25,3361627,$6.427,$6.86,$6.12
09/09/2021,$6.21,2752725,$6.20,$6.65,$6.06
09/08/2021,$6.25,6326857,$6.20,$6.549,$6.00
09/07/2021,$6.37,46620740,$6.10,$6.82,$5.59
09/03/2021,$4.94,1342645,$4.95,$5.12,$4.90
09/02/2021,$4.94,1143179,$5.05,$5.0899,$4.92
09/01/2021,$5.05,1213218,$5.14,$5.25,$4.96
08/31/2021,$5.17,966599,$5.21,$5.33,$5.14
08/30/2021,$5.24,1677452,$5.26,$5.42,$4.96
08/27/2021,$5.15,1220090,$5.03,$5.23,$4.88
08/26/2021,$5.05,1922332,$4.895,$5.42,$4.85
08/25/2021,$4.95,3009923,$4.38,$5.19,$4.31
08/24/2021,$4.38,890694,$4.32,$4.49,$4.20
08/23/2021,$4.28,1142430,$3.99,$4.32,$3.93
08/20/2021,$3.80,375932,$3.752,$3.82,$3.67
08/19/2021,$3.76,568298,$3.87,$3.96,$3.75
08/18/2021,$3.95,615461,$3.82,$4.01,$3.77
08/17/2021,$3.87,823046,$3.95,$3.95,$3.73
08/16/2021,$3.95,1142073,$3.95,$4.02,$3.85
08/13/2021,$3.99,1020364,$3.84,$4.08,$3.75
08/12/2021,$3.83,626114,$3.69,$3.94,$3.69
08/11/2021,$3.68,834077,$3.55,$3.71,$3.51
08/10/2021,$3.57,1420469,$3.55,$3.87,$3.53
08/09/2021,$3.45,646783,$3.47,$3.61,$3.45
08/06/2021,$3.49,417213,$3.50,$3.535,$3.40
08/05/2021,$3.53,441058,$3.46,$3.60,$3.41
08/04/2021,$3.44,362462,$3.49,$3.525,$3.43
08/03/2021,$3.48,352001,$3.58,$3.64,$3.45
08/02/2021,$3.58,250701,$3.655,$3.655,$3.5698
07/30/2021,$3.57,348794,$3.57,$3.635,$3.5068
07/29/2021,$3.61,262056,$3.69,$3.75,$3.60
07/28/2021,$3.65,435341,$3.55,$3.705,$3.55
07/27/2021,$3.54,715529,$3.51,$3.58,$3.37
07/26/2021,$3.51,299646,$3.59,$3.7097,$3.51
07/23/2021,$3.62,445074,$3.84,$3.92,$3.61
07/22/2021,$3.77,305025,$3.98,$3.98,$3.75
07/21/2021,$3.97,1237103,$3.95,$3.98,$3.775
07/20/2021,$3.90,1565445,$3.67,$3.94,$3.65
07/19/2021,$3.69,626289,$3.65,$3.7201,$3.55
07/16/2021,$3.71,391043,$3.79,$3.83,$3.65
07/15/2021,$3.74,604302,$3.72,$3.76,$3.625
07/14/2021,$3.73,551113,$3.88,$3.90,$3.70
07/13/2021,$3.87,422761,$3.94,$3.95,$3.81
07/12/2021,$3.95,214187,$4.13,$4.17,$3.93
07/09/2021,$4.10,193548,$4.07,$4.11,$3.99
07/08/2021,$4.03,375109,$3.89,$4.05,$3.87
07/07/2021,$4.01,566111,$4.17,$4.17,$3.898
07/06/2021,$4.15,432528,$4.27,$4.275,$4.11
07/02/2021,$4.31,276506,$4.37,$4.37,$4.22
07/01/2021,$4.35,448660,$4.27,$4.39,$4.2199
06/30/2021,$4.26,528527,$4.40,$4.40,$4.22
06/29/2021,$4.39,447593,$4.38,$4.45,$4.30
06/28/2021,$4.41,555523,$4.35,$4.45,$4.31
06/25/2021,$4.35,447778,$4.32,$4.42,$4.26
06/24/2021,$4.28,859274,$4.15,$4.34,$4.15
06/23/2021,$4.16,1143108,$3.90,$4.24,$3.87
06/22/2021,$3.86,1815357,$3.91,$3.95,$3.67
06/21/2021,$3.90,1088091,$3.99,$4.101,$3.88
06/18/2021,$3.95,2243863,$4.16,$4.19,$3.89
06/17/2021,$4.18,1385990,$4.00,$4.22,$3.93
06/16/2021,$4.03,1274237,$4.07,$4.16,$4.02
06/15/2021,$4.14,2664664,$4.48,$4.5289,$3.80
06/14/2021,$4.49,679543,$4.46,$4.52,$4.42
06/11/2021,$4.46,844110,$4.65,$4.695,$4.44
06/10/2021,$4.65,640130,$4.60,$4.71,$4.45
06/09/2021,$4.62,626002,$4.71,$4.75,$4.565
06/08/2021,$4.69,613396,$4.70,$4.73,$4.56
06/07/2021,$4.61,1060873,$4.75,$4.80,$4.60
06/04/2021,$4.72,503284,$4.74,$4.81,$4.69
06/03/2021,$4.68,540936,$4.79,$4.85,$4.61
06/02/2021,$4.79,537952,$4.85,$4.90,$4.75
06/01/2021,$4.82,1408741,$5.04,$5.04,$4.72
05/28/2021,$5.03,1619983,$4.94,$5.05,$4.725
05/27/2021,$5.05,434407,$5.02,$5.07,$4.91
05/26/2021,$4.98,578845,$4.84,$5.07,$4.81
05/25/2021,$4.83,668740,$4.95,$5.04,$4.765
05/24/2021,$4.92,685026,$5.17,$5.17,$4.893
05/21/2021,$5.09,2354484,$5.13,$5.37,$5.06
05/20/2021,$5.12,3588971,$5.38,$5.58,$5.02
05/19/2021,$4.90,831114,$5.00,$5.1327,$4.88
05/18/2021,$5.12,1020995,$5.06,$5.27,$4.92
05/17/2021,$4.93,716694,$4.80,$4.985,$4.79
05/14/2021,$4.82,424859,$4.56,$4.85,$4.56
05/13/2021,$4.56,698523,$4.91,$4.98,$4.45
05/12/2021,$4.84,976730,$4.69,$4.92,$4.69
05/11/2021,$4.78,676086,$4.58,$4.875,$4.56
05/10/2021,$4.72,621030,$5.00,$5.00,$4.69
05/07/2021,$4.78,1228127,$4.982,$5.08,$4.63
05/06/2021,$4.90,1145862,$5.20,$5.2293,$4.75
05/05/2021,$5.12,745490,$5.38,$5.40,$5.05
05/04/2021,$5.35,662273,$5.62,$5.65,$5.25
05/03/2021,$5.68,493215,$5.70,$5.80,$5.45
04/30/2021,$5.66,723829,$5.84,$5.97,$5.65
04/29/2021,$5.78,541093,$5.78,$5.93,$5.61
04/28/2021,$5.74,1210894,$5.67,$5.78,$5.56
04/27/2021,$5.64,1207180,$5.65,$5.80,$5.51
04/26/2021,$5.63,1064203,$5.44,$5.81,$5.41
04/23/2021,$5.43,724966,$5.11,$5.50,$5.03
04/22/2021,$5.08,929815,$4.89,$5.28,$4.72
04/21/2021,$4.88,422466,$4.71,$4.94,$4.60
04/20/2021,$4.72,450609,$4.65,$4.81,$4.60
04/19/2021,$4.68,1136883,$4.90,$5.01,$4.61
04/16/2021,$4.93,757932,$5.03,$5.03,$4.81
04/15/2021,$5.04,329708,$5.17,$5.21,$4.934
04/14/2021,$5.04,484907,$5.11,$5.32,$5.03
04/13/2021,$5.07,391401,$4.95,$5.08,$4.89
04/12/2021,$4.97,426994,$5.05,$5.105,$4.87
04/09/2021,$5.05,942332,$5.08,$5.39,$4.92
04/08/2021,$5.13,384972,$5.05,$5.18,$5.03
04/07/2021,$4.97,1253244,$5.23,$5.25,$4.87
04/06/2021,$5.27,520386,$5.64,$5.64,$5.11
04/05/2021,$5.61,518705,$5.63,$5.77,$5.44
04/01/2021,$5.50,907241,$5.36,$5.8583,$5.32
03/31/2021,$5.31,773439,$5.12,$5.52,$5.09
03/30/2021,$5.05,485219,$4.90,$5.13,$4.80
03/29/2021,$4.94,1144686,$5.08,$5.19,$4.90
03/26/2021,$5.13,1000755,$5.26,$5.31,$4.91
03/25/2021,$5.25,994652,$5.00,$5.29,$4.75
03/24/2021,$5.07,733909,$5.50,$5.5131,$5.01
03/23/2021,$5.38,1277014,$5.80,$5.86,$5.32
03/22/2021,$5.72,1625007,$5.30,$6.05,$5.20
03/19/2021,$5.17,985974,$5.28,$5.39,$5.08
03/18/2021,$5.20,588456,$5.29,$5.56,$5.15
03/17/2021,$5.41,602981,$5.29,$5.49,$5.05
03/16/2021,$5.34,638758,$5.37,$5.50,$5.16
03/15/2021,$5.36,574044,$5.47,$5.5836,$5.30
03/12/2021,$5.48,465741,$5.52,$5.54,$5.24
03/11/2021,$5.53,503039,$5.40,$5.5528,$5.35
03/10/2021,$5.30,438526,$5.44,$5.60,$5.2595
03/09/2021,$5.32,773643,$5.00,$5.39,$5.00
03/08/2021,$4.90,722468,$5.14,$5.18,$4.86
03/05/2021,$5.13,1310588,$5.01,$5.13,$4.52
03/04/2021,$5.01,1195269,$5.28,$5.32,$4.79
03/03/2021,$5.25,632525,$5.40,$5.55,$5.25
03/02/2021,$5.43,639048,$5.69,$5.77,$5.41
03/01/2021,$5.73,560212,$5.66,$5.99,$5.62
02/26/2021,$5.54,949694,$5.90,$6.12,$5.50
02/25/2021,$5.94,564013,$6.02,$6.13,$5.75
02/24/2021,$5.99,560981,$6.07,$6.1165,$5.80
02/23/2021,$5.95,1042608,$5.93,$6.03,$5.36
02/22/2021,$6.12,861537,$6.15,$6.46,$6.07
02/19/2021,$6.29,897663,$6.04,$6.31,$5.93
02/18/2021,$5.98,1938150,$6.53,$6.54,$5.92
02/17/2021,$6.62,1644514,$7.07,$7.09,$6.17
02/16/2021,$6.77,1959877,$6.62,$7.17,$6.58
02/12/2021,$6.52,852123,$6.63,$6.75,$6.36
02/11/2021,$6.63,1282173,$6.91,$7.26,$6.53
02/10/2021,$6.77,784021,$6.83,$6.97,$6.62
02/09/2021,$6.75,1457179,$7.10,$7.34,$6.71
02/08/2021,$6.83,2123875,$6.26,$7.28,$6.23
02/05/2021,$6.21,969277,$5.88,$6.26,$5.79
02/04/2021,$5.84,626003,$5.81,$6.0234,$5.76
02/03/2021,$5.77,909501,$6.05,$6.1446,$5.71
02/02/2021,$6.03,1038397,$5.67,$6.04,$5.6224
02/01/2021,$5.61,548479,$5.54,$5.64,$5.46
01/29/2021,$5.46,709287,$5.54,$5.74,$5.35
01/28/2021,$5.48,1014989,$5.36,$5.64,$5.31
01/27/2021,$5.29,1803343,$5.55,$5.60,$5.06
01/26/2021,$5.59,797201,$5.79,$5.95,$5.51
01/25/2021,$5.75,812147,$5.68,$5.96,$5.57
01/22/2021,$5.60,577920,$5.43,$5.72,$5.30
01/21/2021,$5.42,880741,$5.78,$5.8301,$5.42
01/20/2021,$5.79,807164,$5.86,$6.06,$5.62
01/19/2021,$5.94,1094373,$5.84,$5.96,$5.46
01/15/2021,$5.72,1600015,$6.13,$6.20,$5.6501
01/14/2021,$6.10,1469848,$5.86,$6.38,$5.8518
01/13/2021,$5.82,898419,$5.83,$5.88,$5.54
01/12/2021,$5.89,1672737,$6.2984,$6.3118,$5.79
01/11/2021,$6.23,1221574,$6.21,$6.415,$5.9858
01/08/2021,$6.18,1251461,$6.00,$6.295,$5.9935
01/07/2021,$5.98,1318241,$5.66,$6.02,$5.66
01/06/2021,$5.61,1634683,$5.645,$5.89,$5.53
01/05/2021,$5.77,2311127,$5.99,$6.08,$5.54
01/04/2021,$6.01,3129157,$5.53,$6.10,$5.25
12/31/2020,$5.39,1137812,$5.42,$5.52,$5.14
12/30/2020,$5.41,1099389,$5.18,$5.56,$5.11
12/29/2020,$5.19,1133459,$5.29,$5.315,$4.995
12/28/2020,$5.28,1494605,$5.41,$5.41,$4.96
12/24/2020,$5.22,1005938,$5.53,$5.75,$5.1616
12/23/2020,$5.49,1713350,$5.50,$5.54,$5.24
12/22/2020,$5.32,2066048,$4.95,$5.39,$4.83
12/21/2020,$4.95,1652370,$4.82,$4.97,$4.60
12/18/2020,$4.91,5752450,$4.45,$4.96,$4.35
12/17/2020,$4.38,1801886,$4.51,$4.55,$4.265
12/16/2020,$4.35,2535498,$4.34,$4.52,$4.20
12/15/2020,$4.07,1667770,$4.15,$4.31,$4.06
12/14/2020,$4.10,3989438,$4.13,$4.22,$3.95
12/11/2020,$4.00,4992682,$4.01,$4.11,$3.79
12/10/2020,$4.05,2154456,$4.15,$4.18,$3.96
12/09/2020,$4.14,1851873,$4.51,$4.51,$4.08
12/08/2020,$4.40,1678299,$4.63,$4.70,$4.34
12/07/2020,$4.50,1430247,$4.47,$4.87,$4.45
12/04/2020,$4.47,990026,$4.53,$4.5463,$4.33
12/03/2020,$4.50,1270700,$4.61,$4.61,$4.32
12/02/2020,$4.55,1737162,$4.78,$4.78,$4.44
12/01/2020,$4.75,2971504,$5.07,$5.105,$4.69
11/30/2020,$5.01,2565217,$4.99,$5.06,$4.87
11/27/2020,$4.91,1224704,$4.65,$4.965,$4.62
11/25/2020,$4.61,1293415,$4.35,$4.74,$4.25
11/24/2020,$4.37,1500472,$4.57,$4.57,$4.30
11/23/2020,$4.55,1858127,$4.99,$4.99,$4.45
11/20/2020,$4.97,1340372,$4.89,$5.09,$4.66
11/19/2020,$4.72,721807,$4.77,$4.88,$4.60
11/18/2020,$4.75,1010311,$4.84,$4.9199,$4.57
11/17/2020,$4.82,880882,$5.03,$5.09,$4.68
11/16/2020,$5.03,743904,$5.00,$5.0899,$4.86
11/13/2020,$4.99,710255,$4.80,$5.08,$4.80
11/12/2020,$4.80,850602,$4.94,$4.9726,$4.72
11/11/2020,$4.89,1283335,$4.97,$5.101,$4.86
11/10/2020,$4.88,1208737,$5.1791,$5.1791,$4.8201
11/09/2020,$5.22,2819905,$5.27,$5.74,$5.0204
11/06/2020,$5.21,667799,$5.33,$5.38,$5.15
11/05/2020,$5.31,1166860,$5.45,$5.6799,$5.16
11/04/2020,$5.30,2088398,$5.23,$5.76,$5.2115
11/03/2020,$5.23,969630,$5.22,$5.355,$4.94
11/02/2020,$5.15,1460666,$4.61,$5.175,$4.55
10/30/2020,$4.51,1152299,$4.54,$4.6373,$4.26
10/29/2020,$4.53,6769079,$4.44,$4.63,$4.15
10/28/2020,$4.40,1694541,$4.77,$4.77,$4.35
10/27/2020,$4.78,857991,$4.99,$4.99,$4.65
10/26/2020,$4.87,1586623,$4.69,$5.12,$4.61
10/23/2020,$4.80,3784802,$4.37,$5.16,$4.29
10/22/2020,$4.30,3156284,$4.50,$5.1761,$4.27
10/21/2020,$4.53,2942625,$5.30,$5.38,$4.51
10/20/2020,$5.39,2054917,$5.62,$5.725,$5.19
10/19/2020,$5.60,2927866,$6.43,$6.5383,$5.595
10/16/2020,$6.31,4485011,$7.63,$7.695,$6.255
10/15/2020,$7.90,1099354,$8.00,$8.21,$7.60
10/14/2020,$7.95,1888988,$9.01,$9.1841,$7.92
10/13/2020,$9.20,1486215,$8.40,$9.31,$8.307
10/12/2020,$8.36,337027,$8.36,$8.64,$8.1627
10/09/2020,$8.21,344700,$8.38,$8.42,$7.97
10/08/2020,$8.14,439864,$8.71,$8.8594,$8.05
10/07/2020,$8.66,405929,$8.39,$8.71,$8.30
10/06/2020,$8.30,295441,$8.49,$8.61,$8.25
10/05/2020,$8.46,311222,$8.06,$8.4899,$7.99
10/02/2020,$8.01,314717,$8.10,$8.68,$7.945
10/01/2020,$8.36,453952,$8.00,$8.37,$7.84
09/30/2020,$7.98,567107,$7.63,$8.32,$7.58
09/29/2020,$7.66,339986,$7.79,$8.01,$7.50
09/28/2020,$7.84,477537,$8.04,$8.125,$7.42
09/25/2020,$7.87,913315,$7.78,$7.915,$7.52
09/24/2020,$7.75,730684,$7.91,$7.98,$7.37
09/23/2020,$7.95,446947,$8.88,$8.88,$7.85
09/22/2020,$8.71,468327,$9.33,$9.33,$8.54
09/21/2020,$9.31,898850,$10.24,$10.24,$9.30
09/18/2020,$10.43,535998,$10.83,$10.83,$10.18
09/17/2020,$10.75,649693,$10.51,$10.93,$10.07
09/16/2020,$10.78,741369,$10.08,$10.79,$9.83
09/15/2020,$10.08,1016640,$9.35,$10.08,$8.78
09/14/2020,$9.42,2930035,$8.07,$10.11,$8.03
09/11/2020,$7.94,311510,$8.11,$8.259,$7.81
09/10/2020,$8.10,449715,$8.07,$8.42,$8.01
09/09/2020,$8.00,774445,$7.89,$8.28,$7.84
09/08/2020,$7.89,517606,$7.77,$8.28,$7.77
09/04/2020,$7.94,443477,$7.77,$7.975,$7.51
09/03/2020,$7.82,498130,$8.25,$8.25,$7.725
09/02/2020,$8.38,259068,$8.60,$8.60,$8.14
09/01/2020,$8.52,747198,$8.59,$8.89,$8.30
08/31/2020,$8.70,1366287,$7.79,$8.78,$7.56
08/28/2020,$7.92,1461510,$8.07,$8.78,$7.52
08/27/2020,$8.14,288440,$8.45,$8.45,$8.04
08/26/2020,$8.35,182062,$8.66,$8.82,$8.33
08/25/2020,$8.71,499690,$8.26,$8.87,$8.06
08/24/2020,$8.33,244227,$8.34,$8.56,$8.21
08/21/2020,$8.43,505651,$8.67,$8.82,$8.30
08/20/2020,$8.78,286123,$8.91,$9.045,$8.65
08/19/2020,$8.99,427496,$8.64,$9.13,$8.55
08/18/2020,$8.68,778833,$8.84,$9.12,$8.50
08/17/2020,$8.84,712524,$8.07,$8.85,$8.05
08/14/2020,$8.01,938062,$7.90,$8.29,$7.65
08/13/2020,$7.86,373963,$7.89,$7.96,$7.62
08/12/2020,$7.91,615575,$8.25,$8.3386,$7.76
08/11/2020,$8.13,844467,$8.07,$8.57,$7.975
08/10/2020,$8.28,444798,$7.99,$8.30,$7.91
08/07/2020,$7.98,875544,$8.06,$8.18,$7.87
08/06/2020,$8.06,1237466,$8.62,$8.6802,$7.89
08/05/2020,$8.72,648722,$8.83,$8.89,$8.61
08/04/2020,$8.92,641353,$8.91,$9.00,$8.70
08/03/2020,$9.05,1083644,$9.25,$9.40,$8.46
07/31/2020,$9.35,699198,$9.04,$9.40,$8.82
07/30/2020,$9.00,446410,$8.85,$9.12,$8.85
07/29/2020,$8.97,599399,$8.86,$9.13,$8.81
07/28/2020,$8.91,627488,$9.10,$9.10,$8.80
07/27/2020,$9.08,356054,$8.87,$9.16,$8.81
07/24/2020,$8.80,792377,$9.44,$9.5513,$8.64
07/23/2020,$9.31,782156,$9.83,$9.92,$9.05
07/22/2020,$9.93,1285370,$9.53,$10.49,$9.1502
07/21/2020,$9.56,1630761,$9.20,$10.09,$9.09
07/20/2020,$9.06,816537,$8.51,$9.155,$8.51
07/17/2020,$8.60,1050017,$8.56,$8.7499,$8.43
07/16/2020,$8.54,526543,$8.64,$8.7048,$8.33
07/15/2020,$8.74,2024102,$8.68,$9.24,$8.52
07/14/2020,$8.50,1230637,$8.89,$9.0899,$8.46
07/13/2020,$8.94,541695,$9.20,$9.47,$8.90
07/10/2020,$9.23,978701,$9.29,$9.75,$9.05
07/09/2020,$9.31,645879,$9.29,$9.42,$8.9713
07/08/2020,$9.40,603200,$9.72,$9.82,$9.22
07/07/2020,$9.68,496861,$9.55,$9.86,$9.26
07/06/2020,$9.47,640199,$9.71,$9.89,$9.17
07/02/2020,$9.79,696386,$9.70,$10.19,$9.39
07/01/2020,$9.99,801707,$10.35,$10.50,$9.58
06/30/2020,$10.01,1178205,$9.14,$10.16,$9.0138
06/29/2020,$9.29,718984,$9.74,$9.79,$9.10
06/26/2020,$9.48,1016093,$9.42,$9.80,$9.085
06/25/2020,$9.31,1554621,$9.47,$9.49,$8.93
06/24/2020,$9.59,663657,$9.53,$9.8683,$9.26
06/23/2020,$9.63,977090,$9.49,$10.17,$9.42
06/22/2020,$9.55,1124587,$9.98,$9.98,$9.375
06/19/2020,$10.16,1415870,$9.93,$10.23,$9.65
06/18/2020,$10.00,533654,$10.20,$10.43,$9.83
06/17/2020,$10.04,617798,$10.39,$10.63,$10.00
06/16/2020,$10.51,967656,$10.52,$10.60,$9.99
06/15/2020,$10.43,1008762,$8.90,$10.55,$8.85
06/12/2020,$9.94,929652,$9.87,$10.63,$9.60
06/11/2020,$9.57,1471061,$10.25,$10.305,$9.31
06/10/2020,$10.89,1380827,$11.14,$11.20,$10.2638
06/09/2020,$11.15,908586,$11.06,$11.64,$10.85
06/08/2020,$11.12,1203363,$11.25,$11.30,$10.6701
06/05/2020,$11.25,1494329,$11.05,$11.94,$11.02
06/04/2020,$11.39,2051696,$11.52,$11.97,$10.63
06/03/2020,$11.89,5678870,$11.40,$12.12,$11.21
06/02/2020,$12.10,8484826,$12.32,$12.48,$11.53
06/01/2020,$11.64,20665910,$9.95,$13.40,$9.85
05/29/2020,$11.07,113528900,$10.04,$12.7699,$7.80
05/28/2020,$4.86,557403,$4.78,$5.0999,$4.75
05/27/2020,$4.78,860014,$5.29,$5.33,$4.65
05/26/2020,$5.30,1236673,$5.91,$6.025,$5.27
05/22/2020,$5.77,1374901,$5.75,$6.05,$5.55
05/21/2020,$5.87,1495868,$5.37,$5.95,$5.02
05/20/2020,$5.47,556792,$5.20,$5.75,$5.185
05/19/2020,$5.17,414164,$5.30,$5.47,$5.0501
05/18/2020,$5.24,2516197,$4.92,$5.84,$4.81
05/15/2020,$4.65,339354,$4.30,$4.80,$4.21
05/14/2020,$4.35,806391,$4.79,$4.79,$4.05
05/13/2020,$4.54,949914,$4.93,$4.9946,$4.00
05/12/2020,$4.93,1122141,$4.80,$5.08,$4.57
05/11/2020,$4.57,3046004,$4.68,$4.78,$4.40
05/08/2020,$4.44,3186035,$3.61,$5.00,$3.54
05/07/2020,$3.57,409203,$3.66,$3.76,$3.54
05/06/2020,$3.64,334237,$3.54,$3.69,$3.3648
05/05/2020,$3.54,536603,$3.41,$3.55,$3.30
05/04/2020,$3.36,466907,$3.33,$3.55,$3.20
05/01/2020,$3.35,178069,$3.21,$3.43,$3.21
04/30/2020,$3.36,546467,$3.83,$3.83,$3.31
04/29/2020,$3.83,358158,$3.55,$3.87,$3.40
04/28/2020,$3.53,228250,$3.49,$3.68,$3.40
04/27/2020,$3.40,121944,$3.58,$3.58,$3.37
04/24/2020,$3.45,83839,$3.39,$3.51,$3.2795
04/23/2020,$3.38,104755,$3.49,$3.59,$3.37
04/22/2020,$3.39,153105,$3.67,$3.71,$3.34
04/21/2020,$3.62,112960,$3.54,$3.67,$3.43
04/20/2020,$3.58,284218,$3.47,$3.84,$3.45
04/17/2020,$3.47,198024,$3.59,$3.6374,$3.38
04/16/2020,$3.43,197129,$3.35,$3.44,$3.1901
04/15/2020,$3.30,282169,$3.56,$3.56,$3.11
04/14/2020,$3.45,469771,$3.64,$3.65,$3.271
04/13/2020,$3.33,300299,$3.01,$3.34,$2.93
04/09/2020,$3.01,361797,$2.91,$3.125,$2.83
04/08/2020,$2.81,90224,$2.85,$2.92,$2.77
04/07/2020,$2.83,148054,$3.05,$3.05,$2.81
04/06/2020,$3.00,189657,$2.70,$3.0234,$2.60
04/03/2020,$2.63,80211,$2.82,$2.9399,$2.57
04/02/2020,$2.87,288434,$2.59,$2.87,$2.54
04/01/2020,$2.58,194152,$2.52,$2.84,$2.52
03/31/2020,$2.72,137861,$2.69,$2.87,$2.551
03/30/2020,$2.75,254470,$2.92,$2.92,$2.72
03/27/2020,$2.85,580196,$2.84,$3.025,$2.69
03/26/2020,$2.86,193288,$2.85,$3.00,$2.78
03/25/2020,$2.84,362386,$3.10,$3.23,$2.77
03/24/2020,$3.08,449130,$2.86,$3.09,$2.84
03/23/2020,$2.81,309855,$2.50,$2.92,$2.50
03/20/2020,$2.62,365405,$2.81,$2.91,$2.56
03/19/2020,$2.77,300295,$2.56,$2.84,$2.55
03/18/2020,$2.61,505770,$2.60,$2.84,$2.50
03/17/2020,$2.72,359509,$2.26,$2.79,$2.26
03/16/2020,$2.25,1086998,$2.20,$2.70,$2.00
03/13/2020,$2.72,471867,$2.52,$2.78,$2.50
03/12/2020,$2.63,606472,$2.80,$2.90,$2.46
03/11/2020,$2.94,406177,$2.99,$3.03,$2.845
03/10/2020,$3.06,497400,$3.00,$3.085,$2.85
03/09/2020,$2.96,562892,$3.28,$3.32,$2.94
03/06/2020,$3.49,295387,$3.66,$3.66,$3.41
03/05/2020,$3.72,399864,$3.38,$3.77,$3.26
03/04/2020,$3.46,441778,$3.58,$3.61,$3.41
03/03/2020,$3.50,338149,$3.51,$3.67,$3.43
03/02/2020,$3.55,364533,$3.65,$3.67,$3.49
02/28/2020,$3.62,445160,$3.42,$3.65,$3.38
02/27/2020,$3.66,815192,$3.45,$3.70,$3.26
02/26/2020,$3.51,400413,$3.48,$3.66,$3.44
02/25/2020,$3.42,538733,$3.60,$3.6001,$3.41
02/24/2020,$3.58,563640,$3.62,$3.8354,$3.33
02/21/2020,$3.75,617930,$3.94,$3.97,$3.66
02/20/2020,$3.95,546978,$3.96,$4.01,$3.84
02/19/2020,$3.98,286557,$4.03,$4.0988,$3.90
02/18/2020,$4.02,771186,$4.13,$4.37,$3.93
02/14/2020,$4.02,524619,$3.96,$4.05,$3.82
02/13/2020,$3.97,597099,$4.13,$4.17,$3.87
02/12/2020,$4.17,492844,$4.19,$4.24,$4.06
02/11/2020,$4.16,489836,$4.22,$4.28,$4.02
02/10/2020,$4.19,269479,$4.06,$4.22,$4.01
02/07/2020,$4.08,392021,$4.05,$4.17,$4.01
02/06/2020,$4.15,865544,$4.50,$4.57,$4.00
02/05/2020,$4.50,1714377,$4.04,$4.65,$4.0201
02/04/2020,$4.04,972352,$3.95,$4.0524,$3.80
02/03/2020,$4.04,703862,$3.91,$4.05,$3.91
01/31/2020,$3.90,582957,$4.00,$4.00,$3.82
01/30/2020,$4.00,678089,$3.98,$4.05,$3.90
01/29/2020,$4.05,2055072,$4.08,$4.345,$3.98
01/28/2020,$3.96,1677633,$3.68,$4.19,$3.68
01/27/2020,$3.68,931524,$3.84,$3.89,$3.62
01/24/2020,$3.92,2035042,$4.03,$4.0873,$3.81
01/23/2020,$4.03,833923,$4.03,$4.13,$4.00
01/22/2020,$4.00,4032274,$4.38,$4.60,$4.00
01/21/2020,$4.14,1663441,$4.43,$4.43,$3.70
01/17/2020,$4.52,1885690,$4.51,$4.83,$4.30
01/16/2020,$4.49,2990299,$4.18,$4.72,$4.11
01/15/2020,$4.44,4749922,$3.67,$4.50,$3.48
01/14/2020,$4.04,22129750,$5.53,$6.00,$3.90
01/13/2020,$3.99,56072470,$2.20,$5.84,$2.10
01/10/2020,$1.33,325304,$1.38,$1.42,$1.30
01/09/2020,$1.37,385103,$1.27,$1.43,$1.26
01/08/2020,$1.26,144042,$1.25,$1.29,$1.23
01/07/2020,$1.27,164336,$1.22,$1.27,$1.20
01/06/2020,$1.21,220709,$1.20,$1.21,$1.16
01/03/2020,$1.20,230816,$1.23,$1.23,$1.16
01/02/2020,$1.22,274748,$1.22,$1.25,$1.15
12/31/2019,$1.20,413256,$1.21,$1.27,$1.16
12/30/2019,$1.16,670612,$1.39,$1.39,$1.15
12/27/2019,$1.38,341809,$1.40,$1.40,$1.37
12/26/2019,$1.38,463405,$1.37,$1.41,$1.32
12/24/2019,$1.35,291163,$1.35,$1.39,$1.30
12/23/2019,$1.33,487966,$1.36,$1.38,$1.28
12/20/2019,$1.31,1777157,$1.38,$1.394,$1.28
12/19/2019,$1.39,1181583,$1.36,$1.44,$1.31
12/18/2019,$1.34,614395,$1.28,$1.38,$1.23
12/17/2019,$1.28,658647,$1.36,$1.37,$1.18
12/16/2019,$1.33,623282,$1.25,$1.39,$1.20
12/13/2019,$1.22,281515,$1.26,$1.29,$1.17
12/12/2019,$1.24,499461,$1.23,$1.30,$1.16
12/11/2019,$1.22,441693,$1.15,$1.30,$1.13
12/10/2019,$1.15,234005,$1.16,$1.19,$1.12
12/09/2019,$1.14,235643,$1.18,$1.18,$1.09
12/06/2019,$1.12,703547,$1.15,$1.19,$1.03
12/05/2019,$1.14,518218,$1.23,$1.23,$1.08
12/04/2019,$1.22,477181,$1.26,$1.29,$1.17
12/03/2019,$1.26,604731,$1.29,$1.29,$1.17
12/02/2019,$1.19,640040,$1.16,$1.21,$1.04
11/29/2019,$1.17,339131,$0.9699,$1.17,$0.96
11/27/2019,$0.9551,205810,$0.9091,$0.96,$0.861
11/26/2019,$0.9014,221983,$0.8743,$0.92,$0.85
11/25/2019,$0.88,599310,$0.84,$0.97,$0.84
11/22/2019,$0.8356,236873,$0.8348,$0.8765,$0.79
11/21/2019,$0.8203,333158,$0.8851,$0.94,$0.81
11/20/2019,$0.87,601546,$0.80,$0.91,$0.75
11/19/2019,$0.81,446470,$0.74,$0.82,$0.74
11/18/2019,$0.7642,207696,$0.76,$0.80,$0.7302
11/15/2019,$0.725,341333,$0.819,$0.85,$0.709
11/14/2019,$0.80,398377,$0.8488,$0.8968,$0.7818
11/13/2019,$0.8501,140335,$0.8617,$0.9057,$0.8025
11/12/2019,$0.856,457966,$0.845,$0.9192,$0.824
11/11/2019,$0.8175,386103,$0.90,$0.95,$0.80
11/08/2019,$0.8842,266224,$0.90,$0.97,$0.85
11/07/2019,$0.8999,213907,$0.92,$0.97,$0.89
11/06/2019,$0.9201,557799,$0.95,$1.04,$0.90
11/05/2019,$1.10,406592,$1.17,$1.17,$1.08
11/04/2019,$1.10,452567,$1.00,$1.10,$0.98
11/01/2019,$0.96,291112,$0.8799,$0.97,$0.8779
10/31/2019,$0.8799,257229,$0.88,$0.94,$0.86
10/30/2019,$0.88,245660,$0.885,$0.90,$0.862
10/29/2019,$0.89,148377,$0.881,$0.90,$0.87
10/28/2019,$0.898,139576,$0.90,$0.90,$0.8708
10/25/2019,$0.8864,356158,$0.8893,$0.90,$0.8287
10/24/2019,$0.894,317841,$0.9964,$0.9999,$0.8603
10/23/2019,$0.9944,107835,$0.9974,$1.01,$0.975
10/22/2019,$0.997,180273,$0.993,$1.01,$0.975
10/21/2019,$0.99,155962,$0.9947,$1.02,$0.9679
10/18/2019,$0.969,1076963,$1.07,$1.10,$0.95
10/17/2019,$0.9999,255765,$1.02,$1.0736,$0.97
10/16/2019,$1.00,202466,$1.03,$1.05,$0.98
10/15/2019,$1.02,264268,$1.04,$1.09,$1.00
10/14/2019,$1.02,261822,$1.06,$1.11,$1.02
10/11/2019,$1.06,1095932,$1.09,$1.17,$1.06
10/10/2019,$1.08,395800,$1.06,$1.13,$1.02
10/09/2019,$1.08,358711,$1.05,$1.14,$1.01
10/08/2019,$1.01,1264633,$1.06,$1.12,$0.96
10/07/2019,$1.10,504147,$1.24,$1.25,$1.07
10/04/2019,$1.22,211462,$1.26,$1.2953,$1.20
10/03/2019,$1.28,237798,$1.37,$1.3997,$1.28
10/02/2019,$1.40,150936,$1.40,$1.4535,$1.32
10/01/2019,$1.43,274469,$1.53,$1.60,$1.40
09/30/2019,$1.51,206554,$1.50,$1.57,$1.45
09/27/2019,$1.47,429083,$1.57,$1.70,$1.42
09/26/2019,$1.56,468806,$1.67,$1.72,$1.56
09/25/2019,$1.67,137383,$1.56,$1.71,$1.55
09/24/2019,$1.59,103593,$1.65,$1.6512,$1.53
09/23/2019,$1.65,266518,$1.75,$1.78,$1.61
09/20/2019,$1.77,187716,$1.77,$1.78,$1.6899
09/19/2019,$1.75,144932,$1.78,$1.78,$1.68
09/18/2019,$1.75,95645,$1.77,$1.7833,$1.71
09/17/2019,$1.80,135671,$1.80,$1.82,$1.70
09/16/2019,$1.80,132595,$1.84,$1.86,$1.75
09/13/2019,$1.84,151230,$1.92,$1.97,$1.81
09/12/2019,$1.93,152223,$1.92,$1.95,$1.82
09/11/2019,$1.94,397600,$2.19,$2.25,$1.91
09/10/2019,$2.11,626539,$1.71,$2.14,$1.71
09/09/2019,$1.70,179717,$1.56,$1.76,$1.56
09/06/2019,$1.57,401959,$1.65,$1.68,$1.54
09/05/2019,$1.66,214112,$1.68,$1.80,$1.62
09/04/2019,$1.65,395428,$1.59,$1.66,$1.55
09/03/2019,$1.56,298735,$1.60,$1.6401,$1.51
08/30/2019,$1.61,270906,$1.61,$1.68,$1.53
08/29/2019,$1.60,115060,$1.62,$1.65,$1.54
08/28/2019,$1.60,178979,$1.54,$1.67,$1.52
08/27/2019,$1.53,446225,$1.48,$1.58,$1.37
08/26/2019,$1.43,177172,$1.47,$1.60,$1.41
08/23/2019,$1.43,290889,$1.44,$1.55,$1.40
08/22/2019,$1.44,279036,$1.60,$1.69,$1.44
08/21/2019,$1.58,549674,$1.62,$1.66,$1.55
08/20/2019,$1.62,159294,$1.75,$1.815,$1.62
08/19/2019,$1.75,186296,$1.68,$1.80,$1.65
08/16/2019,$1.63,322424,$1.45,$1.78,$1.44
08/15/2019,$1.46,331223,$1.51,$1.61,$1.45
08/14/2019,$1.52,359278,$1.70,$1.72,$1.51
08/13/2019,$1.75,237516,$1.73,$1.77,$1.70
08/12/2019,$1.71,536865,$1.90,$1.96,$1.61
08/09/2019,$1.94,340961,$1.98,$2.00,$1.85
08/08/2019,$1.98,384504,$2.02,$2.10,$1.97
08/07/2019,$2.03,328086,$2.05,$2.05,$1.98
08/06/2019,$2.105,775080,$2.25,$2.32,$1.90
08/05/2019,$2.20,822390,$2.51,$2.56,$2.07
08/02/2019,$2.51,1834683,$2.87,$2.87,$2.26
08/01/2019,$2.95,481200,$3.49,$3.49,$2.85
07/31/2019,$3.29,190685,$3.26,$3.4021,$3.21
07/30/2019,$3.28,167731,$3.13,$3.33,$3.04
07/29/2019,$3.12,89621,$3.18,$3.2783,$3.07
07/26/2019,$3.18,239323,$3.01,$3.20,$2.94
07/25/2019,$3.01,527846,$3.32,$3.3236,$3.00
07/24/2019,$3.31,226163,$3.49,$3.49,$3.30
07/23/2019,$3.49,174868,$3.73,$3.7851,$3.45
07/22/2019,$3.65,541505,$3.31,$3.84,$3.20
07/19/2019,$3.27,183338,$3.45,$3.4729,$3.24
07/18/2019,$3.44,142246,$3.39,$3.45,$3.35
07/17/2019,$3.35,199781,$3.46,$3.47,$3.33
07/16/2019,$3.49,105975,$3.47,$3.59,$3.44
07/15/2019,$3.50,90959,$3.50,$3.59,$3.38
07/12/2019,$3.45,96227,$3.48,$3.50,$3.38
07/11/2019,$3.44,246170,$3.54,$3.62,$3.38
07/10/2019,$3.53,172043,$3.64,$3.69,$3.4201
07/09/2019,$3.66,292075,$3.53,$3.75,$3.48
07/08/2019,$3.52,136597,$3.65,$3.76,$3.47
07/05/2019,$3.70,110458,$3.79,$3.90,$3.66
07/03/2019,$3.79,69271,$3.80,$3.83,$3.70
07/02/2019,$3.81,106278,$3.67,$3.864,$3.67
07/01/2019,$3.65,281564,$4.09,$4.10,$3.60
06/28/2019,$4.02,121726,$3.93,$4.04,$3.91
06/27/2019,$3.99,174124,$4.06,$4.14,$3.91
06/26/2019,$4.05,265009,$3.98,$4.09,$3.861
06/25/2019,$3.98,273662,$3.81,$4.01,$3.76
06/24/2019,$3.79,171049,$3.70,$3.83,$3.55
06/21/2019,$3.66,154541,$3.51,$3.70,$3.44
06/20/2019,$3.49,280651,$3.57,$3.59,$3.43
06/19/2019,$3.46,208882,$3.50,$3.57,$3.45
06/18/2019,$3.50,312531,$3.69,$3.78,$3.48
06/17/2019,$3.66,253445,$3.64,$3.79,$3.51
06/14/2019,$3.60,182096,$3.68,$3.71,$3.51
06/13/2019,$3.70,139842,$3.58,$3.70,$3.46
06/12/2019,$3.57,244900,$3.61,$3.62,$3.40
06/11/2019,$3.63,313659,$4.01,$4.01,$3.53
06/10/2019,$3.95,337762,$3.62,$4.02,$3.51
06/07/2019,$3.56,166164,$3.60,$3.63,$3.50
06/06/2019,$3.57,212858,$3.83,$3.85,$3.52
06/05/2019,$3.80,199517,$3.68,$3.82,$3.5815
06/04/2019,$3.64,159968,$3.54,$3.67,$3.46
06/03/2019,$3.49,184815,$3.49,$3.49,$3.30
05/31/2019,$3.46,267867,$3.45,$3.48,$3.30
05/30/2019,$3.40,295339,$3.30,$3.48,$3.24
05/29/2019,$3.23,613422,$3.47,$3.47,$3.20
05/28/2019,$3.52,270751,$3.65,$3.78,$3.50
05/24/2019,$3.67,114216,$3.59,$3.7382,$3.59
05/23/2019,$3.63,353703,$3.68,$3.75,$3.51
05/22/2019,$3.72,180870,$3.90,$3.99,$3.68
05/21/2019,$3.92,294418,$3.63,$4.06,$3.62
05/20/2019,$3.62,143306,$3.67,$3.73,$3.60
05/17/2019,$3.67,200057,$3.70,$3.75,$3.62
05/16/2019,$3.69,489825,$3.90,$3.90,$3.61
05/15/2019,$3.87,522545,$3.80,$3.97,$3.69
05/14/2019,$3.77,370333,$3.96,$4.07,$3.76
05/13/2019,$3.92,283378,$4.16,$4.20,$3.90
05/10/2019,$4.22,460264,$4.25,$4.40,$4.12
05/09/2019,$4.30,466148,$4.29,$4.35,$4.05
05/08/2019,$4.32,319333,$4.26,$4.43,$4.15
05/07/2019,$4.32,787702,$4.18,$4.65,$4.06
05/06/2019,$4.37,1530552,$4.89,$5.10,$4.18
05/03/2019,$4.64,784172,$4.65,$4.89,$4.57
05/02/2019,$4.80,437044,$4.78,$4.96,$4.5703
05/01/2019,$4.81,273023,$4.81,$5.07,$4.72
04/30/2019,$4.80,499574,$4.65,$4.92,$4.65
04/29/2019,$4.67,238265,$4.75,$4.87,$4.535
04/26/2019,$4.83,355164,$4.63,$4.87,$4.47
04/25/2019,$4.66,417714,$4.24,$4.79,$4.10
04/24/2019,$4.23,189260,$4.40,$4.40,$4.15
04/23/2019,$4.40,171385,$4.05,$4.40,$4.05
04/22/2019,$4.07,234653,$4.19,$4.19,$3.96
04/18/2019,$4.12,302059,$4.31,$4.34,$3.92
04/17/2019,$4.29,260766,$4.28,$4.34,$4.00
04/16/2019,$4.24,92350,$4.30,$4.34,$4.22
04/15/2019,$4.27,95118,$4.35,$4.3889,$4.21
04/12/2019,$4.31,106843,$4.45,$4.51,$4.27
04/11/2019,$4.38,237100,$4.59,$4.72,$4.30
04/10/2019,$4.56,180328,$4.61,$4.79,$4.47
04/09/2019,$4.57,202047,$4.99,$4.99,$4.56
04/08/2019,$4.97,176977,$5.08,$5.18,$4.80
04/05/2019,$5.09,130131,$4.99,$5.17,$4.94
04/04/2019,$4.96,423970,$5.30,$5.35,$4.75
04/03/2019,$5.41,844928,$4.84,$5.50,$4.775
04/02/2019,$4.70,239289,$4.48,$4.72,$4.26
04/01/2019,$4.34,346181,$4.40,$4.45,$4.25
03/29/2019,$4.30,275128,$4.13,$4.36,$4.0401
03/28/2019,$4.08,195358,$3.92,$4.15,$3.87
03/27/2019,$3.98,390229,$3.90,$4.03,$3.74
03/26/2019,$3.88,177989,$3.77,$3.99,$3.70
03/25/2019,$3.75,249809,$3.61,$3.85,$3.55
03/22/2019,$3.63,235807,$3.83,$3.83,$3.60
03/21/2019,$3.83,256256,$3.84,$3.89,$3.74
03/20/2019,$3.89,288504,$3.83,$3.91,$3.76
03/19/2019,$3.84,149609,$3.91,$3.94,$3.82
03/18/2019,$3.88,206547,$3.96,$4.1369,$3.87
03/15/2019,$3.97,252122,$3.94,$4.08,$3.86
03/14/2019,$3.93,327292,$3.94,$4.04,$3.825
03/13/2019,$3.93,151103,$4.06,$4.13,$3.90
03/12/2019,$4.03,165480,$3.91,$4.10,$3.88
03/11/2019,$3.90,224962,$3.80,$3.91,$3.79
03/08/2019,$3.72,502787,$4.07,$4.1999,$3.70
03/07/2019,$4.13,388814,$4.07,$4.20,$3.91
03/06/2019,$4.01,319776,$4.38,$4.392,$4.00
03/05/2019,$4.39,490322,$4.30,$4.59,$4.1385
03/04/2019,$4.27,431431,$4.60,$4.607,$4.24
03/01/2019,$4.57,230242,$4.42,$4.68,$4.35
02/28/2019,$4.39,470550,$4.70,$4.7448,$4.33
02/27/2019,$4.64,284499,$4.90,$5.15,$4.54
02/26/2019,$4.86,187660,$4.81,$5.06,$4.75
02/25/2019,$4.81,379956,$4.65,$4.94,$4.4815
02/22/2019,$4.57,311006,$4.64,$4.82,$4.48
02/21/2019,$4.66,187468,$4.71,$4.71,$4.55
02/20/2019,$4.71,194395,$4.72,$4.79,$4.625
02/19/2019,$4.71,176873,$4.92,$4.97,$4.68
02/15/2019,$4.94,223939,$4.84,$4.96,$4.65
02/14/2019,$4.84,251764,$4.82,$4.98,$4.75
02/13/2019,$4.82,330935,$5.37,$5.4299,$4.80
02/12/2019,$5.33,214754,$5.17,$5.37,$5.09
02/11/2019,$5.15,165582,$5.05,$5.18,$4.92
02/08/2019,$4.99,351451,$4.64,$5.00,$4.54
02/07/2019,$4.65,282611,$4.82,$4.89,$4.53
02/06/2019,$4.87,193598,$4.71,$4.9464,$4.60
02/05/2019,$4.68,209970,$4.89,$4.95,$4.65
02/04/2019,$4.86,202878,$5.11,$5.24,$4.85
02/01/2019,$5.06,253206,$4.90,$5.29,$4.8258
01/31/2019,$4.87,253512,$4.68,$5.00,$4.68
01/30/2019,$4.66,210760,$4.67,$4.76,$4.48
01/29/2019,$4.60,172448,$4.52,$4.7925,$4.50
01/28/2019,$4.50,260002,$4.67,$4.69,$4.40
01/25/2019,$4.69,100260,$4.49,$4.77,$4.4885
01/24/2019,$4.49,217819,$4.50,$4.73,$4.36
01/23/2019,$4.47,260295,$4.48,$4.739,$4.41
01/22/2019,$4.53,465896,$4.86,$4.87,$4.49
01/18/2019,$4.86,434215,$5.04,$5.085,$4.73
01/17/2019,$5.04,168285,$5.30,$5.30,$5.01
01/16/2019,$5.31,167966,$5.32,$5.97,$5.16
01/15/2019,$5.30,233088,$5.40,$5.52,$5.26
01/14/2019,$5.39,335090,$5.70,$5.70,$5.21
01/11/2019,$5.74,157237,$5.85,$5.96,$5.66
01/10/2019,$5.84,186577,$5.81,$5.95,$5.60
01/09/2019,$5.83,197483,$5.80,$5.88,$5.71
01/08/2019,$5.80,361362,$6.22,$6.31,$5.69
01/07/2019,$6.06,288668,$5.79,$6.17,$5.69
01/04/2019,$5.72,943904,$5.43,$6.0196,$5.42
01/03/2019,$5.34,399822,$5.45,$5.66,$5.19
01/02/2019,$5.54,414399,$5.63,$5.70,$5.31
12/31/2018,$5.75,697026,$5.08,$5.79,$5.025
12/28/2018,$5.15,1265411,$4.81,$5.16,$4.50
12/27/2018,$4.85,868635,$4.41,$4.86,$4.29
12/26/2018,$4.49,925954,$4.37,$4.5781,$4.0504
12/24/2018,$4.38,592060,$3.68,$4.38,$3.60
12/21/2018,$3.76,682372,$3.97,$4.04,$3.64
12/20/2018,$3.98,919431,$4.19,$4.23,$3.89
12/19/2018,$4.11,611931,$4.31,$4.52,$4.06
12/18/2018,$4.30,850083,$4.43,$4.6099,$4.18
12/17/2018,$4.40,1692298,$5.12,$5.12,$4.09
12/14/2018,$5.16,371966,$5.27,$5.385,$5.10
12/13/2018,$5.36,402053,$5.29,$5.3615,$5.17
12/12/2018,$5.25,1730586,$5.55,$5.59,$4.82
12/11/2018,$5.75,385034,$5.91,$6.0383,$5.58
12/10/2018,$5.87,245162,$5.71,$5.91,$5.62
12/07/2018,$5.72,375980,$5.74,$5.89,$5.50
12/06/2018,$5.75,675269,$5.83,$6.01,$5.59
12/04/2018,$5.96,833562,$6.23,$6.42,$5.63
12/03/2018,$6.25,855192,$6.23,$6.55,$6.17
11/30/2018,$6.16,687062,$5.89,$6.21,$5.62
11/29/2018,$5.95,840566,$5.17,$6.01,$5.15
11/28/2018,$5.15,1017548,$5.10,$5.18,$4.91
11/27/2018,$5.11,524329,$5.29,$5.29,$5.03
11/26/2018,$5.29,358190,$5.74,$5.74,$5.26
11/23/2018,$5.69,206112,$5.43,$5.72,$5.43
11/21/2018,$5.44,306603,$5.50,$5.79,$5.24
11/20/2018,$5.48,589106,$5.55,$5.87,$5.4022
11/19/2018,$5.65,554028,$5.40,$5.705,$5.1198
11/16/2018,$5.43,618043,$5.48,$5.56,$5.205
11/15/2018,$5.50,490607,$5.55,$5.86,$5.35
11/14/2018,$5.65,549372,$6.02,$6.13,$5.50
11/13/2018,$6.00,483508,$6.33,$6.57,$6.00
11/12/2018,$6.32,472042,$6.17,$6.48,$6.08
11/09/2018,$6.18,682929,$6.57,$6.7712,$6.02
11/08/2018,$6.66,320803,$6.69,$6.90,$6.50
11/07/2018,$6.65,681508,$6.60,$7.26,$6.52
11/06/2018,$6.53,1125226,$7.86,$8.04,$6.305
11/05/2018,$7.13,402714,$7.16,$7.30,$6.941
11/02/2018,$7.09,331981,$6.94,$7.13,$6.7212
11/01/2018,$6.86,646489,$6.20,$6.94,$6.16
10/31/2018,$6.20,303684,$6.03,$6.255,$5.97
10/30/2018,$6.00,382252,$5.89,$6.07,$5.73
10/29/2018,$5.94,501632,$6.03,$6.44,$5.76
10/26/2018,$6.23,717929,$6.62,$6.74,$5.93
10/25/2018,$6.54,583816,$6.62,$6.85,$6.49
10/24/2018,$6.485,1042504,$7.07,$7.46,$6.42
10/23/2018,$7.03,2135905,$7.55,$7.80,$6.72
10/22/2018,$7.55,3260170,$7.45,$10.11,$7.40
10/19/2018,$10.76,594791,$11.00,$11.07,$10.30
10/18/2018,$10.88,782365,$11.40,$11.50,$10.57
10/17/2018,$11.54,591401,$11.85,$11.85,$10.88
10/16/2018,$11.85,264907,$12.20,$12.36,$11.82
10/15/2018,$12.14,469657,$12.30,$12.38,$11.78
10/12/2018,$12.41,466897,$12.88,$13.0987,$12.23
10/11/2018,$12.61,598176,$12.49,$13.135,$12.16
10/10/2018,$12.46,564900,$13.21,$13.62,$12.45
10/09/2018,$13.34,719649,$13.06,$13.52,$11.85
10/08/2018,$13.20,339455,$13.89,$13.9821,$12.94
10/05/2018,$13.90,347784,$13.95,$14.54,$13.65
10/04/2018,$14.16,354872,$13.95,$14.25,$13.77
10/03/2018,$14.04,522418,$13.35,$14.25,$13.35
10/02/2018,$13.49,414501,$13.91,$14.04,$13.35
10/01/2018,$13.94,478915,$13.66,$14.24,$13.49
09/28/2018,$13.56,509059,$12.86,$13.82,$12.86
09/27/2018,$13.20,667134,$12.25,$13.41,$12.25
09/26/2018,$12.22,520918,$11.95,$12.23,$11.66
09/25/2018,$11.94,229192,$11.87,$12.25,$11.76
09/24/2018,$11.89,246737,$11.75,$12.08,$11.6301
09/21/2018,$11.71,272198,$11.95,$12.06,$11.64
09/20/2018,$11.97,308885,$11.79,$12.01,$11.6675
09/19/2018,$11.83,701119,$11.48,$11.9154,$11.4273
09/18/2018,$11.48,407322,$10.97,$11.60,$10.74
09/17/2018,$10.71,292326,$11.11,$11.16,$10.6615
09/14/2018,$11.07,407563,$11.01,$11.40,$10.95
09/13/2018,$11.02,384950,$11.15,$11.21,$10.82
09/12/2018,$11.19,272523,$11.08,$11.25,$10.98
09/11/2018,$11.15,355425,$11.05,$11.30,$10.68
09/10/2018,$10.86,451847,$10.90,$10.93,$10.00
09/07/2018,$10.58,313238,$11.00,$11.00,$10.43
09/06/2018,$11.08,543458,$10.89,$11.59,$10.72
09/05/2018,$10.86,909420,$11.24,$11.66,$10.615
09/04/2018,$10.94,511201,$11.49,$11.54,$10.45
08/31/2018,$11.52,428084,$10.85,$11.60,$10.6901
08/30/2018,$10.82,444795,$10.35,$11.0199,$10.09
08/29/2018,$10.30,250360,$10.41,$10.45,$9.9644
08/28/2018,$10.46,158824,$10.47,$10.59,$10.26
08/27/2018,$10.47,416743,$10.25,$10.88,$10.25
08/24/2018,$10.25,1516863,$9.20,$10.57,$9.10
08/23/2018,$9.23,705068,$9.04,$9.55,$8.8997
08/22/2018,$9.01,411276,$8.51,$9.10,$8.47
08/21/2018,$8.47,239784,$8.25,$8.52,$8.25
08/20/2018,$8.27,184495,$8.56,$8.65,$8.21
08/17/2018,$8.48,287750,$8.79,$8.79,$8.45
08/16/2018,$8.75,222047,$8.69,$8.92,$8.44
08/15/2018,$8.62,310624,$8.48,$8.67,$8.26
08/14/2018,$8.43,244838,$8.60,$8.7316,$8.38
08/13/2018,$8.63,220700,$8.78,$8.78,$8.524
08/10/2018,$8.78,152182,$8.96,$9.00,$8.76
08/09/2018,$8.95,232760,$8.78,$9.02,$8.66
08/08/2018,$8.78,386579,$8.88,$9.16,$8.58
08/07/2018,$8.88,396088,$8.81,$9.02,$8.67
08/06/2018,$8.77,464508,$8.84,$9.07,$8.30
08/03/2018,$8.84,958129,$9.99,$9.99,$8.81
08/02/2018,$9.79,1030288,$9.67,$9.999,$8.96
08/01/2018,$9.68,232579,$9.75,$10.09,$9.62
07/31/2018,$9.78,310114,$9.40,$9.96,$9.40
07/30/2018,$9.43,375686,$9.91,$9.91,$9.39
07/27/2018,$9.94,252681,$10.15,$10.15,$9.7526
07/26/2018,$10.19,278897,$9.99,$10.35,$9.78
07/25/2018,$10.04,440667,$10.09,$10.69,$9.84
07/24/2018,$10.08,604825,$10.35,$10.40,$9.86
07/23/2018,$10.35,683373,$10.38,$10.68,$9.91
07/20/2018,$10.44,535152,$10.93,$10.9545,$10.36
07/19/2018,$10.98,336454,$11.08,$11.28,$10.9025
07/18/2018,$11.10,433690,$11.55,$11.86,$10.72
07/17/2018,$11.41,696859,$10.95,$11.64,$10.68
07/16/2018,$10.96,201390,$11.34,$11.34,$10.831
07/13/2018,$11.34,568330,$11.11,$11.41,$10.62
07/12/2018,$11.08,198016,$11.08,$11.14,$10.95
07/11/2018,$10.91,237659,$11.08,$11.20,$10.88
07/10/2018,$11.20,292185,$11.23,$11.3693,$11.03
07/09/2018,$11.19,678896,$11.42,$11.50,$11.05
07/06/2018,$11.47,222580,$11.56,$11.785,$11.41
07/05/2018,$11.58,165332,$11.78,$11.78,$11.45
07/03/2018,$11.74,130452,$11.81,$12.00,$11.69
07/02/2018,$11.79,321938,$11.73,$11.95,$11.51
06/29/2018,$11.87,249241,$12.07,$12.15,$11.79
06/28/2018,$11.99,282354,$12.20,$12.23,$11.91
06/27/2018,$12.19,305161,$12.66,$12.8607,$12.12
06/26/2018,$12.61,359134,$12.86,$12.94,$12.07
06/25/2018,$12.89,303201,$12.95,$13.22,$12.73
06/22/2018,$13.00,361265,$13.08,$13.08,$12.56
06/21/2018,$13.08,450609,$12.90,$13.35,$12.70
06/20/2018,$12.90,949551,$11.85,$12.91,$11.82
06/19/2018,$11.74,561362,$12.18,$12.22,$11.73
06/18/2018,$12.38,233750,$12.44,$12.56,$12.18
06/15/2018,$12.51,563795,$12.28,$12.7202,$12.16
06/14/2018,$12.25,341836,$12.38,$12.39,$11.99
06/13/2018,$12.38,320959,$12.36,$12.48,$11.721
06/12/2018,$12.28,359577,$12.36,$12.735,$12.20
06/11/2018,$12.38,363413,$12.89,$12.93,$12.325
06/08/2018,$12.69,293892,$12.55,$12.80,$12.38
06/07/2018,$12.61,253457,$12.93,$12.93,$12.43
06/06/2018,$12.83,561990,$12.54,$13.50,$12.51
06/05/2018,$12.59,603814,$12.70,$12.84,$12.44
06/04/2018,$12.89,1489571,$13.54,$13.7156,$12.17
06/01/2018,$13.44,343153,$13.27,$13.54,$13.25
05/31/2018,$13.24,198497,$13.15,$13.32,$13.06
05/30/2018,$13.15,388079,$13.25,$13.66,$12.90
05/29/2018,$13.25,271250,$13.20,$13.4941,$13.03
05/25/2018,$13.31,189052,$13.17,$13.36,$13.02
05/24/2018,$13.25,266770,$13.13,$13.43,$12.95
05/23/2018,$13.20,378955,$12.32,$13.22,$12.32
05/22/2018,$12.45,247943,$12.23,$12.8588,$12.11
05/21/2018,$12.19,300563,$12.10,$12.41,$12.10
05/18/2018,$12.15,343399,$11.90,$12.50,$11.85
05/17/2018,$12.02,396715,$12.11,$12.459,$11.90
05/16/2018,$12.31,499076,$12.74,$12.95,$12.23
05/15/2018,$12.81,509152,$13.09,$13.14,$12.30
05/14/2018,$12.77,388910,$13.40,$13.52,$12.53
05/11/2018,$13.15,410382,$13.11,$13.35,$12.82
05/10/2018,$13.18,701161,$14.04,$14.625,$13.01
05/09/2018,$13.74,777307,$12.96,$14.20,$12.66
05/08/2018,$12.84,390297,$13.40,$13.61,$12.65
05/07/2018,$13.31,334176,$12.98,$13.72,$12.98
05/04/2018,$12.98,282651,$13.11,$13.369,$12.96
05/03/2018,$13.11,390519,$13.06,$13.65,$12.93
05/02/2018,$13.10,340885,$13.04,$13.32,$12.885
05/01/2018,$13.04,362499,$12.82,$13.10,$12.428
04/30/2018,$12.71,172269,$13.11,$13.19,$12.67
04/27/2018,$13.08,201344,$13.09,$13.2892,$12.86
04/26/2018,$13.10,406812,$12.64,$13.695,$12.5936
04/25/2018,$12.52,311452,$12.27,$12.78,$12.05
04/24/2018,$12.22,249843,$12.29,$12.59,$12.12
04/23/2018,$12.29,234099,$12.50,$12.59,$12.05
04/20/2018,$12.44,527052,$12.12,$12.66,$11.87
04/19/2018,$12.11,413568,$12.45,$12.97,$12.03
04/18/2018,$12.39,664740,$12.40,$13.0999,$12.11
04/17/2018,$12.34,320080,$12.42,$12.48,$12.02
04/16/2018,$12.36,484281,$12.45,$12.55,$12.08
04/13/2018,$12.45,504091,$12.61,$12.61,$11.81
04/12/2018,$12.47,963907,$11.59,$12.80,$11.59
04/11/2018,$11.57,603121,$10.96,$12.05,$10.80
04/10/2018,$11.05,419310,$10.60,$11.13,$10.50
04/09/2018,$10.47,475378,$10.55,$10.6999,$10.27
04/06/2018,$10.42,607272,$10.74,$11.36,$10.20
04/05/2018,$10.84,528982,$11.29,$11.5066,$10.60
04/04/2018,$11.23,404401,$10.61,$11.52,$10.61
04/03/2018,$10.84,698340,$11.10,$11.30,$10.42
04/02/2018,$11.05,611766,$11.25,$11.789,$10.92
03/29/2018,$11.23,684714,$10.60,$11.6275,$10.54
03/28/2018,$10.47,841904,$11.04,$11.05,$9.9001
03/27/2018,$11.16,1524170,$11.74,$12.0699,$11.08
03/26/2018,$11.56,789257,$12.06,$12.299,$11.10
03/23/2018,$11.50,590540,$11.57,$12.21,$11.40
03/22/2018,$11.47,813142,$11.22,$11.88,$10.93
03/21/2018,$11.40,832398,$10.23,$11.74,$9.95
03/20/2018,$10.36,1474421,$10.91,$11.07,$9.80
03/19/2018,$11.06,858702,$11.20,$11.4734,$10.64
03/16/2018,$11.06,1376286,$11.10,$11.549,$10.51
03/15/2018,$10.94,5941219,$9.71,$13.41,$9.50
03/14/2018,$9.21,623250,$8.79,$9.475,$8.71
03/13/2018,$8.74,338885,$9.06,$9.06,$8.67
03/12/2018,$9.06,365810,$9.16,$9.30,$8.95
03/09/2018,$9.09,775792,$8.45,$9.39,$8.40
03/08/2018,$8.41,675877,$8.04,$8.619,$8.03
03/07/2018,$8.00,670294,$7.86,$8.04,$7.55
03/06/2018,$7.91,304458,$7.95,$8.0501,$7.90
03/05/2018,$7.90,311145,$7.98,$8.13,$7.86
03/02/2018,$8.02,392702,$7.88,$8.1117,$7.655
03/01/2018,$8.04,1020457,$7.60,$8.275,$7.58
02/28/2018,$7.63,163922,$7.80,$7.80,$7.615
02/27/2018,$7.69,86037,$7.81,$7.85,$7.60
02/26/2018,$7.82,113143,$7.92,$7.9799,$7.73
02/23/2018,$7.88,296986,$7.69,$8.0336,$7.52
02/22/2018,$7.65,333088,$7.89,$8.20,$7.52
02/21/2018,$7.83,455924,$8.24,$8.32,$7.78
02/20/2018,$8.22,354391,$8.46,$8.70,$8.15
02/16/2018,$8.62,301201,$8.54,$8.79,$8.33
02/15/2018,$8.51,410837,$8.27,$8.71,$8.07
02/14/2018,$8.23,354185,$7.90,$8.42,$7.72
02/13/2018,$7.98,212983,$7.94,$8.05,$7.81
02/12/2018,$7.96,194982,$8.03,$8.18,$7.85
02/09/2018,$7.94,821286,$8.41,$8.45,$7.59
02/08/2018,$8.36,389763,$8.95,$9.13,$8.35
02/07/2018,$8.90,411267,$8.50,$9.12,$8.43
02/06/2018,$8.47,302649,$7.95,$8.50,$7.881
02/05/2018,$8.32,267118,$8.39,$8.63,$8.211
02/02/2018,$8.52,348693,$8.64,$8.77,$8.35
02/01/2018,$8.75,258941,$8.57,$8.90,$8.54
01/31/2018,$8.63,397853,$8.86,$8.94,$8.44
01/30/2018,$8.86,463915,$9.08,$9.20,$8.7139
01/29/2018,$9.05,437886,$9.00,$9.285,$9.00
01/26/2018,$9.08,708921,$9.10,$9.705,$8.99
01/25/2018,$9.13,462911,$9.08,$9.30,$8.90
01/24/2018,$9.00,578968,$9.66,$9.66,$8.83
01/23/2018,$9.43,1769649,$8.55,$9.50,$8.505
01/22/2018,$8.50,3052878,$8.48,$9.1099,$8.21
01/19/2018,$8.09,415025,$7.68,$8.15,$7.4605
01/18/2018,$7.64,347211,$7.84,$7.84,$7.561
01/17/2018,$7.89,1216234,$8.15,$8.80,$7.68
01/16/2018,$7.51,364328,$7.77,$7.87,$7.44
01/12/2018,$7.81,174489,$7.84,$7.93,$7.60
01/11/2018,$7.81,206134,$7.85,$7.9295,$7.64
01/10/2018,$7.86,123691,$7.78,$7.88,$7.52
01/09/2018,$7.84,175557,$8.00,$8.0523,$7.65
01/08/2018,$7.98,385670,$7.82,$8.1298,$7.82
01/05/2018,$7.71,121006,$7.55,$7.86,$7.55
01/04/2018,$7.52,146220,$7.57,$7.65,$7.29
01/03/2018,$7.57,397165,$7.10,$7.63,$7.10
01/02/2018,$7.10,183448,$6.69,$7.28,$6.6595
12/29/2017,$6.68,430264,$6.82,$7.06,$6.60
12/28/2017,$6.78,108040,$6.75,$6.8103,$6.681
12/27/2017,$6.80,151131,$6.70,$6.82,$6.63
12/26/2017,$6.76,198658,$7.05,$7.05,$6.71
12/22/2017,$7.00,187460,$7.00,$7.0612,$6.80
12/21/2017,$7.06,154927,$7.14,$7.214,$6.98
12/20/2017,$7.10,146908,$7.15,$7.20,$7.03
12/19/2017,$7.08,138043,$7.19,$7.35,$7.08
12/18/2017,$7.17,164024,$7.41,$7.45,$7.14
12/15/2017,$7.37,1208760,$7.45,$7.4752,$7.14
12/14/2017,$7.37,289013,$7.48,$7.505,$7.21
12/13/2017,$7.45,359486,$7.79,$7.79,$7.31
12/12/2017,$7.86,230411,$8.02,$8.02,$7.76
12/11/2017,$7.92,477909,$8.45,$8.66,$7.83
12/08/2017,$8.375,268603,$8.05,$8.38,$7.98
12/07/2017,$7.98,215136,$7.87,$8.06,$7.73
12/06/2017,$7.82,233146,$7.80,$7.98,$7.6508
12/05/2017,$7.80,132994,$7.96,$8.07,$7.75
12/04/2017,$7.93,146978,$8.23,$8.23,$7.878
12/01/2017,$8.10,283593,$8.21,$8.34,$7.83
11/30/2017,$8.28,678715,$7.86,$8.45,$7.77
11/29/2017,$7.82,201258,$8.29,$8.34,$7.75
11/28/2017,$8.23,98861,$8.18,$8.30,$7.9549
11/27/2017,$8.17,182294,$8.27,$8.66,$8.001
11/24/2017,$8.24,169519,$8.19,$8.71,$8.12
11/22/2017,$8.11,135938,$7.92,$8.16,$7.79
11/21/2017,$7.885,145752,$7.88,$7.96,$7.76
11/20/2017,$7.85,154214,$7.91,$7.95,$7.73
11/17/2017,$7.88,129620,$8.00,$8.01,$7.58
11/16/2017,$8.02,168472,$7.99,$8.14,$7.95
11/15/2017,$7.95,242332,$7.54,$8.14,$7.361
11/14/2017,$7.59,382872,$7.80,$7.849,$7.30
11/13/2017,$7.80,162905,$8.10,$8.10,$7.75
11/10/2017,$8.10,148310,$8.15,$8.35,$7.9295
11/09/2017,$8.08,191731,$8.26,$8.28,$7.86
11/08/2017,$8.18,160495,$8.16,$8.29,$8.07
11/07/2017,$8.17,267472,$8.44,$8.57,$8.08
11/06/2017,$8.44,343460,$8.29,$8.89,$8.29
11/03/2017,$8.17,384339,$7.95,$8.7465,$7.90
11/02/2017,$7.86,271777,$7.51,$7.98,$7.35
11/01/2017,$7.51,213838,$7.91,$7.95,$7.50
10/31/2017,$7.85,170133,$8.00,$8.04,$7.70
10/30/2017,$7.90,369161,$7.65,$7.94,$7.51
10/27/2017,$7.67,286101,$7.27,$7.78,$7.10
10/26/2017,$7.30,197116,$6.94,$7.39,$6.7901
10/25/2017,$6.97,265953,$7.05,$7.27,$6.827
10/24/2017,$7.05,479243,$6.81,$7.13,$6.71
10/23/2017,$6.82,248442,$7.15,$7.20,$6.661
10/20/2017,$7.15,151747,$7.10,$7.43,$7.02
10/19/2017,$7.10,285957,$7.06,$7.15,$6.92
10/18/2017,$7.03,247143,$7.02,$7.125,$6.79
10/17/2017,$7.01,263493,$7.28,$7.46,$6.98
10/16/2017,$7.33,399868,$7.70,$7.94,$7.07
10/13/2017,$7.64,122792,$7.77,$7.98,$7.57
10/12/2017,$7.76,256152,$7.88,$8.0041,$7.60
10/11/2017,$7.84,333383,$8.35,$8.37,$7.801
10/10/2017,$8.32,106873,$8.24,$8.4686,$8.00
10/09/2017,$8.23,92215,$8.14,$8.34,$8.11
10/06/2017,$8.16,444909,$8.44,$8.585,$8.10
10/05/2017,$8.53,126275,$8.73,$8.75,$8.41
10/04/2017,$8.74,224342,$8.62,$9.09,$8.62
10/03/2017,$8.70,414216,$8.78,$8.83,$8.35
10/02/2017,$8.71,476125,$8.29,$8.80,$8.11
09/29/2017,$8.19,318999,$8.22,$8.26,$8.09
09/28/2017,$8.16,280029,$8.00,$8.399,$8.00
09/27/2017,$8.02,216972,$8.10,$8.19,$8.00
09/26/2017,$8.08,482106,$8.56,$8.69,$8.011
09/25/2017,$8.58,461492,$7.76,$8.72,$7.76
09/22/2017,$7.93,567538,$8.16,$8.1964,$7.79
09/21/2017,$8.41,490050,$8.29,$8.44,$7.99
09/20/2017,$8.28,243597,$8.30,$8.54,$8.21
09/19/2017,$8.28,677757,$8.38,$8.57,$7.70
09/18/2017,$8.47,424987,$8.78,$8.7899,$8.42
09/15/2017,$8.77,268239,$8.86,$8.8639,$8.61
09/14/2017,$8.86,299602,$8.86,$9.04,$8.70
09/13/2017,$8.87,373889,$8.50,$9.08,$8.50
09/12/2017,$8.50,375484,$8.80,$8.8889,$8.28
09/11/2017,$8.85,1226714,$8.93,$9.29,$8.5101
09/08/2017,$8.93,1710060,$7.60,$8.95,$7.575
09/07/2017,$7.55,1046921,$7.27,$8.19,$7.02
09/06/2017,$6.74,201111,$6.80,$6.95,$6.62
09/05/2017,$6.80,409076,$6.50,$6.8388,$6.351
09/01/2017,$6.58,454398,$7.12,$7.20,$6.57
08/31/2017,$7.00,808205,$6.30,$7.09,$6.10
08/30/2017,$6.23,560933,$6.02,$6.39,$5.931
08/29/2017,$6.01,462408,$5.88,$6.32,$5.76
08/28/2017,$6.00,680214,$5.42,$6.10,$5.42
08/25/2017,$5.21,147611,$5.30,$5.33,$5.13
08/24/2017,$5.25,63322,$5.26,$5.3447,$5.16
08/23/2017,$5.24,196325,$5.05,$5.33,$4.97
08/22/2017,$5.04,64532,$4.93,$5.08,$4.84
08/21/2017,$4.93,193596,$4.96,$5.09,$4.85
08/18/2017,$5.05,172564,$5.16,$5.23,$5.03
08/17/2017,$5.22,371629,$5.16,$5.37,$5.10
08/16/2017,$5.14,320905,$5.18,$5.24,$5.00
08/15/2017,$5.18,100120,$5.17,$5.21,$4.98
08/14/2017,$5.16,64268,$5.16,$5.23,$5.05
08/11/2017,$5.11,242669,$5.10,$5.2313,$4.82
08/10/2017,$5.12,358819,$5.33,$5.43,$5.03
08/09/2017,$5.30,302618,$5.46,$5.54,$5.07
08/08/2017,$5.47,528742,$5.45,$5.68,$5.3828
08/07/2017,$5.52,122425,$5.39,$5.67,$5.30
08/04/2017,$5.43,166597,$5.44,$5.50,$5.27
08/03/2017,$5.40,108648,$5.10,$5.58,$5.10
08/02/2017,$5.34,106391,$5.30,$5.43,$5.07
08/01/2017,$5.29,443020,$5.25,$5.43,$5.01
07/31/2017,$5.25,218596,$5.47,$5.62,$5.18
07/28/2017,$5.39,53652,$5.324,$5.55,$5.32
07/27/2017,$5.35,133524,$5.42,$5.5774,$5.31
07/26/2017,$5.45,188194,$5.56,$5.6134,$5.41
07/25/2017,$5.58,115113,$5.73,$5.8017,$5.53
07/24/2017,$5.68,119937,$5.69,$5.97,$5.549
07/21/2017,$5.70,200574,$5.94,$6.10,$5.5656
07/20/2017,$5.94,113358,$5.88,$6.01,$5.8087
07/19/2017,$5.88,290399,$5.88,$6.09,$5.80
07/18/2017,$5.82,371850,$5.55,$6.03,$5.55
07/17/2017,$5.64,209148,$5.59,$5.70,$5.45
07/14/2017,$5.57,283287,$5.36,$5.70,$5.28
07/13/2017,$5.35,261962,$5.12,$5.50,$5.00
07/12/2017,$5.09,303357,$4.78,$5.32,$4.73
07/11/2017,$4.75,203064,$4.79,$4.88,$4.71
07/10/2017,$4.78,144953,$4.88,$4.9504,$4.72
07/07/2017,$4.89,275341,$4.88,$5.04,$4.75
07/06/2017,$4.85,192474,$4.53,$5.06,$4.48
07/05/2017,$4.53,150154,$4.45,$4.60,$4.40
07/03/2017,$4.44,169879,$4.50,$4.52,$4.36
06/30/2017,$4.49,274397,$4.60,$4.60,$4.41
06/29/2017,$4.59,176586,$4.77,$4.80,$4.50
06/28/2017,$4.78,114325,$4.71,$4.87,$4.60
06/27/2017,$4.69,122594,$4.81,$4.93,$4.68
06/26/2017,$4.82,131685,$4.92,$4.92,$4.73
06/23/2017,$4.92,159366,$4.89,$4.96,$4.69
06/22/2017,$4.89,328591,$4.55,$5.042,$4.4308
06/21/2017,$4.52,498134,$4.45,$4.70,$4.28
06/20/2017,$4.40,201761,$4.48,$4.70,$4.384
06/19/2017,$4.55,160573,$4.55,$4.65,$4.51
06/16/2017,$4.57,158674,$4.62,$4.62,$4.38
06/15/2017,$4.57,164043,$4.67,$4.70,$4.45
06/14/2017,$4.66,404164,$4.73,$4.80,$4.62
06/13/2017,$4.76,148056,$4.93,$4.93,$4.7057
06/12/2017,$4.90,116528,$4.97,$5.06,$4.85
06/09/2017,$4.96,179887,$5.07,$5.08,$4.8859
06/08/2017,$5.07,128301,$5.11,$5.2298,$5.01
06/07/2017,$5.10,158887,$5.22,$5.23,$5.01
06/06/2017,$5.11,204106,$5.21,$5.27,$5.01
06/05/2017,$5.23,342016,$5.30,$5.34,$5.00
06/02/2017,$5.32,253284,$5.49,$5.49,$5.21
06/01/2017,$5.44,217519,$5.29,$5.50,$5.20
05/31/2017,$5.28,304254,$5.40,$5.42,$5.08
05/30/2017,$5.33,414031,$5.36,$5.58,$5.261
05/26/2017,$5.32,202202,$5.30,$5.52,$5.27
05/25/2017,$5.30,171864,$5.32,$5.3799,$5.28
05/24/2017,$5.32,164346,$5.35,$5.41,$5.30
05/23/2017,$5.34,158841,$5.38,$5.4736,$5.32
05/22/2017,$5.41,135414,$5.43,$5.48,$5.32
05/19/2017,$5.39,97992,$5.45,$5.55,$5.34
05/18/2017,$5.41,283355,$5.53,$5.58,$5.16
05/17/2017,$5.51,406279,$5.55,$5.65,$5.35
05/16/2017,$5.54,397844,$5.13,$5.8072,$5.10
05/15/2017,$5.13,235761,$5.18,$5.27,$5.048
05/12/2017,$5.13,349687,$4.76,$5.27,$4.76
05/11/2017,$4.78,240932,$4.84,$4.88,$4.57
05/10/2017,$4.84,311171,$4.80,$5.05,$4.80
05/09/2017,$4.93,270332,$5.00,$5.03,$4.62
05/08/2017,$5.00,194720,$5.32,$5.32,$4.93
05/05/2017,$5.28,179854,$5.19,$5.30,$5.1101
05/04/2017,$5.18,206196,$5.30,$5.30,$5.01
05/03/2017,$5.25,131984,$5.28,$5.32,$5.20
05/02/2017,$5.30,215250,$5.41,$5.45,$5.161
05/01/2017,$5.36,135173,$5.39,$5.48,$5.30
04/28/2017,$5.39,142449,$5.55,$5.675,$5.35
04/27/2017,$5.56,155726,$5.57,$5.6734,$5.48
04/26/2017,$5.56,196529,$5.49,$5.75,$5.40
04/25/2017,$5.48,149791,$5.44,$5.52,$5.32
04/24/2017,$5.40,201715,$5.57,$5.62,$5.32
04/21/2017,$5.46,182358,$5.60,$5.70,$5.40
04/20/2017,$5.68,414820,$5.50,$5.82,$5.36
04/19/2017,$5.41,243124,$5.72,$5.72,$5.362
04/18/2017,$5.65,133751,$5.90,$5.90,$5.58
04/17/2017,$5.88,255735,$5.77,$5.89,$5.621
04/13/2017,$5.72,98384,$5.80,$5.80,$5.58
04/12/2017,$5.77,178280,$5.80,$5.87,$5.60
04/11/2017,$5.78,133693,$5.76,$5.8999,$5.71
04/10/2017,$5.76,157973,$5.74,$5.84,$5.70
04/07/2017,$5.70,232341,$5.47,$5.88,$5.43
04/06/2017,$5.50,480031,$6.01,$6.025,$5.40
04/05/2017,$6.01,568127,$6.07,$6.50,$5.91
04/04/2017,$6.07,451557,$5.87,$6.27,$5.5856
04/03/2017,$5.83,386697,$5.56,$5.97,$5.55
03/31/2017,$5.51,754929,$5.35,$5.78,$5.344
03/30/2017,$5.31,405940,$4.95,$5.32,$4.9024
03/29/2017,$4.93,533888,$4.92,$5.02,$4.77
03/28/2017,$4.59,189121,$4.55,$4.74,$4.55
03/27/2017,$4.57,234529,$4.24,$4.64,$4.151
03/24/2017,$4.28,175951,$4.25,$4.40,$4.23
03/23/2017,$4.27,94202,$4.29,$4.37,$4.20
03/22/2017,$4.30,2160883,$4.17,$4.35,$3.90
03/21/2017,$4.29,224552,$4.64,$4.70,$4.25
03/20/2017,$4.62,254515,$4.76,$4.78,$4.52
03/17/2017,$4.75,114412,$4.79,$4.82,$4.58
03/16/2017,$4.75,146217,$4.79,$4.79,$4.56
03/15/2017,$4.75,328177,$4.74,$4.8499,$4.47
03/14/2017,$4.73,383770,$5.02,$5.02,$4.51
03/13/2017,$4.89,1096285,$5.34,$5.65,$4.5725
03/10/2017,$4.61,514837,$4.29,$4.69,$4.22
03/09/2017,$4.23,99169,$4.30,$4.339,$4.16
03/08/2017,$4.24,80414,$4.20,$4.32,$4.20
03/07/2017,$4.20,105852,$4.36,$4.467,$4.13
03/06/2017,$4.35,176349,$4.57,$4.6396,$4.22
03/03/2017,$4.61,438144,$4.20,$4.70,$4.1452
03/02/2017,$4.17,361579,$4.01,$4.25,$4.01
03/01/2017,$3.96,123045,$4.05,$4.15,$3.96
02/28/2017,$4.03,47393,$4.12,$4.17,$4.01
02/27/2017,$4.11,51706,$4.00,$4.12,$3.98
02/24/2017,$3.95,33455,$3.93,$4.00,$3.91
02/23/2017,$3.95,160255,$4.06,$4.06,$3.88
02/22/2017,$4.06,64337,$4.20,$4.27,$4.02
02/21/2017,$4.20,115214,$4.16,$4.29,$4.15
02/17/2017,$4.11,40057,$4.13,$4.20,$4.08
02/16/2017,$4.19,74861,$4.39,$4.39,$4.11
02/15/2017,$4.36,73857,$4.20,$4.39,$4.12
02/14/2017,$4.19,77065,$4.11,$4.20,$4.04
02/13/2017,$4.11,86612,$4.32,$4.35,$4.10
02/10/2017,$4.31,87796,$4.29,$4.35,$4.1766
02/09/2017,$4.24,199173,$4.32,$4.46,$4.20
02/08/2017,$4.33,29465,$4.48,$4.48,$4.31
02/07/2017,$4.54,31846,$4.54,$4.5799,$4.411
02/06/2017,$4.53,58264,$4.47,$4.60,$4.45
02/03/2017,$4.54,71103,$4.57,$4.57,$4.3666
02/02/2017,$4.48,36591,$4.45,$4.56,$4.43
02/01/2017,$4.50,110786,$4.31,$4.58,$4.31
01/31/2017,$4.31,79074,$4.16,$4.40,$4.13
01/30/2017,$4.19,82569,$4.27,$4.315,$4.121
01/27/2017,$4.33,74813,$4.20,$4.33,$4.15
01/26/2017,$4.23,60375,$4.36,$4.37,$4.19
01/25/2017,$4.36,99869,$4.17,$4.44,$4.16
01/24/2017,$4.20,147082,$4.20,$4.23,$4.07
01/23/2017,$4.26,137997,$4.53,$4.55,$4.22
01/20/2017,$4.51,59657,$4.53,$4.58,$4.39
01/19/2017,$4.48,57211,$4.45,$4.58,$4.35
01/18/2017,$4.43,69349,$4.46,$4.5116,$4.32
01/17/2017,$4.43,99219,$4.40,$4.56,$4.32
01/13/2017,$4.53,145268,$4.29,$4.7099,$4.25
01/12/2017,$4.32,93666,$4.16,$4.40,$4.09
01/11/2017,$4.22,127726,$4.19,$4.47,$4.06
01/10/2017,$4.16,144920,$4.10,$4.466,$4.00
01/09/2017,$4.07,199906,$4.20,$4.2695,$4.02
01/06/2017,$4.07,119173,$4.16,$4.21,$4.05
01/05/2017,$4.13,196625,$4.13,$4.37,$4.04
01/04/2017,$4.14,340933,$4.13,$4.40,$4.11
01/03/2017,$4.12,96124,$4.11,$4.25,$4.01
12/30/2016,$4.05,145764,$4.00,$4.12,$3.85
12/29/2016,$4.05,117814,$4.06,$4.18,$4.01
12/28/2016,$4.04,111153,$4.11,$4.28,$4.00
12/27/2016,$4.16,48863,$4.09,$4.20,$4.09
12/23/2016,$4.05,75651,$3.91,$4.085,$3.91
12/22/2016,$3.99,133878,$3.95,$4.10,$3.95
12/21/2016,$4.00,648987,$4.01,$4.07,$3.95
12/20/2016,$4.05,192707,$3.81,$4.06,$3.81
12/19/2016,$3.83,124998,$3.95,$4.05,$3.81
12/16/2016,$3.95,158448,$3.79,$3.9832,$3.79
12/15/2016,$3.76,100084,$3.92,$3.97,$3.76
12/14/2016,$3.98,46637,$3.94,$3.98,$3.851
12/13/2016,$3.98,53054,$3.97,$4.09,$3.92
12/12/2016,$3.92,160302,$4.11,$4.37,$3.86
12/09/2016,$4.16,84090,$4.22,$4.47,$4.05
12/08/2016,$4.20,65054,$4.25,$4.32,$4.15
12/07/2016,$4.195,78892,$4.26,$4.45,$4.14
12/06/2016,$4.32,85577,$4.17,$4.50,$4.08
12/05/2016,$4.21,80220,$4.05,$4.40,$4.05
12/02/2016,$4.05,109191,$4.10,$4.32,$4.01
12/01/2016,$4.16,81076,$4.17,$4.32,$4.10
11/30/2016,$4.17,118115,$4.40,$4.485,$4.09
11/29/2016,$4.39,228531,$4.86,$4.86,$4.35
11/28/2016,$4.83,72444,$4.95,$4.99,$4.75
11/25/2016,$4.98,102816,$5.01,$5.08,$4.72
11/23/2016,$4.93,50830,$5.02,$5.07,$4.70
11/22/2016,$5.09,64352,$5.19,$5.19,$4.96
11/21/2016,$5.13,148974,$4.96,$5.27,$4.90
11/18/2016,$4.98,46138,$4.89,$5.07,$4.8701
11/17/2016,$4.88,180545,$4.88,$5.07,$4.76
11/16/2016,$4.85,129460,$4.87,$4.95,$4.70
11/15/2016,$4.87,262418,$5.17,$5.37,$4.86
11/14/2016,$5.20,349039,$5.05,$5.26,$4.891
11/11/2016,$5.01,147334,$4.98,$5.09,$4.7772
11/10/2016,$5.02,626192,$5.41,$5.74,$4.9101
11/09/2016,$4.87,169099,$4.38,$4.90,$4.28
11/08/2016,$4.49,83749,$4.34,$4.855,$4.30
11/07/2016,$4.3999,119292,$4.30,$4.42,$4.255
11/04/2016,$4.18,106984,$3.84,$4.31,$3.84
11/03/2016,$3.77,245609,$4.16,$4.16,$3.76
11/02/2016,$4.16,116807,$4.36,$4.41,$4.11
11/01/2016,$4.36,92930,$4.39,$4.49,$4.28
10/31/2016,$4.35,73238,$4.35,$4.47,$4.28
10/28/2016,$4.33,71566,$4.33,$4.50,$4.1673
10/27/2016,$4.37,510224,$4.96,$5.31,$4.07
10/26/2016,$4.91,141659,$5.01,$5.04,$4.80
10/25/2016,$5.01,100409,$4.73,$5.02,$4.73
10/24/2016,$4.91,322664,$5.12,$5.13,$4.65
10/21/2016,$5.19,88787,$5.28,$5.37,$5.18
10/20/2016,$5.32,104318,$5.21,$5.45,$5.18
10/19/2016,$5.26,188885,$5.33,$5.34,$5.10
10/18/2016,$5.25,370892,$5.25,$5.36,$5.12
10/17/2016,$5.26,222328,$5.51,$5.5599,$5.20
10/14/2016,$5.57,328286,$5.99,$6.1266,$5.42
10/13/2016,$5.90,142364,$6.02,$6.1102,$5.76
10/12/2016,$6.01,648555,$6.53,$6.85,$5.53
10/11/2016,$6.56,96690,$6.60,$6.78,$6.36
10/10/2016,$6.65,169014,$6.41,$6.80,$6.41
10/07/2016,$6.40,196867,$6.78,$6.83,$6.3199
10/06/2016,$6.79,67033,$6.93,$7.00,$6.62
10/05/2016,$6.97,105030,$6.957,$7.03,$6.84
10/04/2016,$6.92,146733,$6.66,$7.20,$6.66
10/03/2016,$6.62,614754,$7.08,$7.1956,$6.52
09/30/2016,$7.05,854688,$7.57,$8.3576,$7.00
09/29/2016,$7.19,205968,$7.40,$7.40,$7.01
09/28/2016,$7.30,142066,$7.25,$7.41,$7.21
09/27/2016,$7.20,403588,$7.15,$7.40,$7.08
09/26/2016,$7.13,74304,$7.24,$7.24,$7.01
09/23/2016,$7.12,88483,$7.23,$7.34,$7.00
09/22/2016,$7.12,123095,$7.122,$7.35,$6.98
09/21/2016,$7.23,189481,$7.10,$7.29,$6.90
09/20/2016,$7.08,74649,$7.10,$7.26,$7.00
09/19/2016,$7.13,69461,$7.40,$7.4825,$7.09
09/16/2016,$7.37,73284,$7.36,$7.4728,$7.03
09/15/2016,$7.41,160981,$7.51,$7.64,$7.31
09/14/2016,$7.50,63461,$7.13,$7.67,$7.13
09/13/2016,$7.12,63185,$7.42,$7.42,$6.99
09/12/2016,$7.50,49149,$7.26,$7.55,$7.17
09/09/2016,$7.35,99402,$7.33,$7.53,$7.20
09/08/2016,$7.31,167090,$7.18,$7.51,$7.18
09/07/2016,$7.24,155926,$6.82,$7.27,$6.8122
09/06/2016,$6.75,38290,$6.60,$6.89,$6.5201
09/02/2016,$6.62,64046,$6.63,$6.66,$6.45
09/01/2016,$6.62,119394,$6.65,$6.875,$6.41
08/31/2016,$6.70,151692,$7.12,$7.23,$6.60
08/30/2016,$7.15,28278,$7.09,$7.2027,$7.09
08/29/2016,$7.10,43461,$7.11,$7.27,$7.00
08/26/2016,$7.15,77232,$7.02,$7.27,$6.97
08/25/2016,$6.92,82319,$6.99,$7.33,$6.90
08/24/2016,$6.99,115273,$7.16,$7.52,$6.903
08/23/2016,$7.22,46285,$7.27,$7.3799,$7.03
08/22/2016,$7.21,91416,$6.94,$7.23,$6.94
08/19/2016,$6.96,97240,$6.95,$7.03,$6.91
08/18/2016,$7.06,79707,$7.27,$7.27,$7.01
08/17/2016,$7.24,59738,$7.49,$7.521,$7.18
08/16/2016,$7.46,44403,$7.70,$7.73,$7.43
08/15/2016,$7.69,49357,$7.64,$7.78,$7.57
08/12/2016,$7.61,82732,$7.39,$7.71,$7.39
08/11/2016,$7.38,124817,$7.61,$7.70,$7.17
08/10/2016,$7.61,129706,$8.05,$8.14,$7.52
08/09/2016,$8.08,168284,$7.79,$8.10,$7.78
08/08/2016,$7.85,399429,$8.40,$8.40,$7.60
08/05/2016,$8.71,84823,$8.48,$8.80,$8.48
08/04/2016,$8.48,158832,$8.89,$8.89,$8.45
08/03/2016,$8.78,81304,$8.76,$8.89,$8.6299
08/02/2016,$8.71,338063,$8.42,$8.75,$8.34
08/01/2016,$8.35,89716,$8.19,$8.57,$8.06
07/29/2016,$8.12,55704,$7.88,$8.14,$7.80
07/28/2016,$7.88,79543,$7.98,$8.0358,$7.67
07/27/2016,$8.04,105968,$7.90,$8.15,$7.74
07/26/2016,$7.84,56613,$7.50,$7.91,$7.50
07/25/2016,$7.48,71899,$7.60,$7.74,$7.36
07/22/2016,$7.58,160253,$7.66,$8.00,$7.51
07/21/2016,$7.70,203568,$7.15,$8.13,$7.15
07/20/2016,$7.11,511130,$7.31,$7.41,$6.96
07/19/2016,$7.33,196568,$7.77,$7.85,$7.26
07/18/2016,$7.80,127116,$8.07,$8.10,$7.71
07/15/2016,$8.03,135798,$8.11,$8.269,$7.93
07/14/2016,$8.14,62519,$8.43,$8.43,$8.13
07/13/2016,$8.40,98185,$8.85,$8.85,$8.37
07/12/2016,$8.72,126746,$8.95,$9.09,$8.58
07/11/2016,$8.94,159645,$8.90,$8.96,$8.71
07/08/2016,$8.80,148707,$8.79,$8.91,$8.40
07/07/2016,$8.78,118473,$8.78,$9.1092,$8.51
07/06/2016,$8.70,154582,$8.91,$9.06,$8.50
07/05/2016,$8.91,149620,$8.99,$8.99,$8.6503
07/01/2016,$9.13,153914,$8.10,$9.20,$8.10
06/30/2016,$8.15,67648,$8.445,$8.47,$8.06
06/29/2016,$8.26,209033,$8.32,$8.34,$7.9501
06/28/2016,$8.12,74438,$8.24,$8.36,$8.06
06/27/2016,$8.02,177840,$8.65,$8.65,$7.76
06/24/2016,$8.59,200080,$8.00,$8.99,$7.75
06/23/2016,$9.23,39065,$9.05,$9.33,$8.53
06/22/2016,$8.88,122802,$9.02,$9.29,$8.60
06/21/2016,$8.98,116831,$9.20,$9.5899,$8.95
06/20/2016,$9.10,340177,$9.21,$10.3699,$9.02
06/17/2016,$9.05,125686,$9.22,$9.46,$8.99
06/16/2016,$9.26,55355,$9.04,$9.33,$8.90
06/15/2016,$9.10,117623,$9.21,$9.53,$8.92
06/14/2016,$9.16,136649,$8.94,$9.26,$8.89
06/13/2016,$9.05,137007,$9.24,$9.52,$8.895
06/10/2016,$9.34,215077,$9.00,$9.99,$8.99
06/09/2016,$9.17,160892,$10.20,$10.5186,$9.14
06/08/2016,$10.28,82690,$10.83,$10.85,$10.24
06/07/2016,$10.89,78322,$10.95,$11.05,$10.80
06/06/2016,$11.03,270639,$11.48,$11.5881,$10.86
06/03/2016,$11.12,219982,$11.00,$11.2099,$10.71
06/02/2016,$11.06,186762,$10.24,$11.25,$10.07
06/01/2016,$10.20,156126,$10.29,$10.365,$10.00
05/31/2016,$10.29,130726,$9.81,$10.36,$9.80
05/27/2016,$9.85,88220,$10.05,$10.07,$9.75
05/26/2016,$10.00,164005,$10.48,$10.48,$9.88
05/25/2016,$10.27,77080,$10.55,$10.68,$10.12
05/24/2016,$10.43,162502,$10.63,$10.65,$10.37
05/23/2016,$10.55,330472,$10.19,$10.78,$10.16
05/20/2016,$10.11,83263,$9.66,$10.19,$9.44
05/19/2016,$9.55,177249,$9.39,$9.76,$9.04
05/18/2016,$9.32,71990,$9.00,$9.48,$8.84
05/17/2016,$9.04,56392,$9.04,$9.401,$9.00
05/16/2016,$9.22,70246,$8.57,$9.24,$8.41
05/13/2016,$8.40,54258,$8.19,$8.60,$8.105
05/12/2016,$8.25,192340,$8.83,$9.31,$8.155
05/11/2016,$8.85,67342,$9.82,$9.82,$8.83
05/10/2016,$9.87,77125,$9.59,$9.95,$9.48
05/09/2016,$9.53,86678,$8.76,$9.656,$8.5697
05/06/2016,$8.69,124155,$8.66,$8.82,$8.3007
05/05/2016,$8.75,130842,$9.13,$9.13,$8.69
05/04/2016,$9.15,105373,$9.70,$9.70,$9.10
05/03/2016,$9.71,157363,$9.85,$9.99,$9.51
05/02/2016,$9.77,67436,$9.81,$9.82,$9.37
04/29/2016,$9.69,177694,$9.35,$9.83,$9.09
04/28/2016,$9.45,83856,$9.24,$9.76,$9.16
04/27/2016,$9.42,71519,$9.45,$9.70,$9.24
04/26/2016,$9.45,145646,$9.82,$10.00,$9.23
04/25/2016,$9.84,112299,$10.25,$10.51,$9.79
04/22/2016,$10.38,214691,$9.3138,$10.75,$9.3138
04/21/2016,$9.44,158250,$8.82,$9.53,$8.63
04/20/2016,$8.92,168051,$9.26,$9.50,$8.82
04/19/2016,$9.19,139394,$9.50,$9.68,$9.00
04/18/2016,$9.31,101446,$9.59,$9.77,$9.24
04/15/2016,$9.63,141451,$9.50,$9.79,$9.34
04/14/2016,$9.48,50593,$9.43,$9.68,$9.40
04/13/2016,$9.41,112251,$9.16,$9.62,$9.02
04/12/2016,$9.11,104904,$9.28,$9.42,$8.9501
04/11/2016,$9.29,94488,$9.95,$10.28,$9.25
04/08/2016,$9.82,148426,$10.11,$10.57,$9.69
04/07/2016,$9.99,307420,$9.70,$10.30,$9.70
04/06/2016,$9.48,172026,$8.93,$9.62,$8.93
04/05/2016,$8.85,153247,$8.62,$9.09,$8.42
04/04/2016,$8.62,245487,$8.35,$9.0995,$8.35
04/01/2016,$8.30,124117,$8.11,$8.42,$8.02
03/31/2016,$8.13,274836,$7.81,$8.24,$7.81
03/30/2016,$7.74,321921,$8.21,$8.49,$7.65
03/29/2016,$7.99,165162,$7.86,$8.08,$7.50
03/28/2016,$7.80,123793,$7.97,$8.11,$7.66
03/24/2016,$7.92,142483,$7.77,$8.01,$7.45
03/23/2016,$7.76,211448,$8.45,$8.6143,$7.70
03/22/2016,$8.40,168047,$7.87,$8.45,$7.87
03/21/2016,$7.82,154884,$7.48,$8.35,$7.48
03/18/2016,$7.61,107697,$7.51,$7.79,$7.41
03/17/2016,$7.53,165530,$7.90,$8.055,$7.46
03/16/2016,$7.91,134550,$7.86,$8.08,$7.83
03/15/2016,$7.87,236979,$8.06,$8.1125,$7.71
03/14/2016,$8.13,295281,$8.18,$8.35,$7.84
03/11/2016,$8.23,303666,$7.76,$8.52,$7.66
03/10/2016,$7.76,221549,$8.34,$8.49,$7.55
03/09/2016,$8.34,313983,$8.94,$8.94,$8.10
03/08/2016,$8.92,329147,$9.09,$9.73,$8.70
03/07/2016,$9.06,297533,$8.20,$9.4899,$8.20
03/04/2016,$8.24,176006,$8.31,$8.55,$7.90
03/03/2016,$8.33,137281,$8.44,$8.96,$8.25
03/02/2016,$8.38,132331,$7.43,$8.55,$7.43
03/01/2016,$7.45,145203,$7.25,$7.47,$7.12
02/29/2016,$7.19,128634,$7.90,$7.90,$7.06
02/26/2016,$7.82,163673,$7.74,$8.095,$7.30
02/25/2016,$7.67,368252,$7.51,$7.98,$7.50
02/24/2016,$7.38,156992,$7.48,$7.48,$7.01
02/23/2016,$7.63,100102,$8.39,$8.46,$7.54
02/22/2016,$8.39,95933,$8.31,$8.55,$8.1437
02/19/2016,$8.22,98795,$8.18,$8.38,$7.90
02/18/2016,$8.27,137063,$8.55,$8.75,$8.04
02/17/2016,$8.53,279167,$8.38,$9.15,$8.38
02/16/2016,$8.34,283060,$7.95,$8.73,$7.95
02/12/2016,$7.85,177005,$7.48,$8.15,$7.435
02/11/2016,$7.50,144247,$6.94,$7.68,$6.64
02/10/2016,$7.05,149670,$6.60,$7.36,$6.60
02/09/2016,$6.52,608546,$7.06,$7.20,$6.19
02/08/2016,$7.15,246507,$7.13,$7.16,$6.75
02/05/2016,$7.12,125794,$7.57,$7.6799,$7.07
02/04/2016,$7.55,314944,$7.35,$7.90,$7.13
02/03/2016,$7.40,301785,$8.00,$8.10,$7.0101
02/02/2016,$7.93,385443,$7.48,$8.10,$7.39
02/01/2016,$7.39,326118,$7.09,$7.425,$6.96
01/29/2016,$7.07,238086,$7.19,$7.56,$6.90
01/28/2016,$7.23,352155,$7.78,$7.81,$7.13
01/27/2016,$7.76,263424,$8.38,$8.41,$7.72
01/26/2016,$8.34,168870,$8.46,$8.99,$8.21
01/25/2016,$8.50,180213,$8.72,$9.28,$8.46
01/22/2016,$8.81,157137,$8.10,$8.83,$8.10
01/21/2016,$8.02,218346,$8.05,$8.19,$7.70
01/20/2016,$8.05,486173,$7.58,$8.63,$7.31
01/19/2016,$7.62,297820,$7.83,$8.077,$7.45
01/15/2016,$7.66,414106,$7.52,$7.96,$7.345
01/14/2016,$7.55,673181,$7.13,$8.33,$6.75
01/13/2016,$7.18,546867,$8.45,$8.822,$7.14
01/12/2016,$8.51,774794,$9.51,$9.7292,$7.81
01/11/2016,$9.42,820495,$10.61,$10.63,$9.05
01/08/2016,$10.53,544652,$10.75,$10.88,$10.22
01/07/2016,$10.65,825793,$11.34,$11.818,$10.17
01/06/2016,$11.68,810061,$12.15,$12.38,$11.64
01/05/2016,$12.29,551571,$11.85,$12.85,$11.53
01/04/2016,$11.82,341500,$12.04,$12.04,$11.33
12/31/2015,$12.06,169607,$12.12,$12.28,$11.75
12/30/2015,$12.18,280623,$11.36,$12.35,$11.20
12/29/2015,$11.35,205193,$10.75,$11.47,$10.54
12/28/2015,$10.62,280270,$11.00,$11.13,$10.57
12/24/2015,$11.00,277225,$10.87,$11.3999,$10.87
12/23/2015,$11.03,3011957,$10.34,$12.20,$10.05
12/22/2015,$10.06,148386,$9.99,$10.2399,$9.76
12/21/2015,$9.90,93470,$9.56,$10.02,$9.0301
12/18/2015,$9.49,123333,$8.85,$9.56,$8.75
12/17/2015,$8.86,161154,$9.16,$9.16,$8.62
12/16/2015,$9.15,144208,$8.95,$9.34,$8.68
12/15/2015,$8.88,329364,$9.06,$9.18,$8.27
12/14/2015,$9.05,264271,$9.63,$9.6544,$8.61
12/11/2015,$9.71,192505,$9.91,$9.94,$9.515
12/10/2015,$10.00,167598,$9.81,$10.03,$9.62
12/09/2015,$9.87,130166,$9.95,$10.02,$9.61
12/08/2015,$9.95,94265,$10.06,$10.115,$9.79
12/07/2015,$10.07,197717,$10.65,$10.65,$9.67
12/04/2015,$10.59,247061,$10.30,$10.659,$9.8601
12/03/2015,$10.30,509801,$9.88,$10.70,$9.88
12/02/2015,$9.91,631718,$9.34,$10.15,$9.33
12/01/2015,$9.39,381887,$9.28,$9.49,$9.05
11/30/2015,$9.04,243831,$9.15,$9.38,$8.75
11/27/2015,$9.10,74589,$8.95,$9.16,$8.77
11/25/2015,$8.92,259608,$8.89,$9.11,$8.75
11/24/2015,$8.92,155084,$8.98,$9.215,$8.75
11/23/2015,$9.01,106494,$8.97,$9.28,$8.60
11/20/2015,$8.96,104072,$8.77,$8.98,$8.4428
11/19/2015,$8.80,261693,$9.03,$9.20,$8.49
11/18/2015,$9.11,632521,$9.40,$9.40,$9.02
11/17/2015,$9.89,177760,$9.60,$10.40,$9.53
11/16/2015,$9.52,151882,$10.62,$10.8882,$9.105
11/13/2015,$10.87,94082,$10.50,$11.30,$10.50
11/12/2015,$10.64,160044,$11.10,$11.45,$10.56
11/11/2015,$11.06,124802,$11.21,$11.52,$10.96
11/10/2015,$11.33,171582,$11.02,$11.52,$10.89
11/09/2015,$11.01,115059,$11.70,$11.71,$10.9401
11/06/2015,$11.67,238313,$13.01,$13.11,$11.3201
11/05/2015,$13.12,457464,$12.85,$14.78,$11.975
11/04/2015,$11.59,144227,$11.20,$11.61,$11.11
11/03/2015,$11.12,170150,$11.13,$11.68,$10.95
11/02/2015,$11.24,228833,$10.56,$11.60,$10.56
10/30/2015,$10.66,86475,$10.50,$11.23,$10.50
10/29/2015,$10.51,132193,$10.40,$10.75,$10.36
10/28/2015,$10.49,81732,$10.44,$10.73,$10.3215
10/27/2015,$10.51,266999,$10.00,$10.89,$9.85
10/26/2015,$10.10,141207,$9.62,$10.1732,$9.25
10/23/2015,$9.71,201387,$9.57,$10.51,$9.48
10/22/2015,$9.52,174771,$9.00,$9.67,$8.74
10/21/2015,$9.13,371561,$9.49,$9.88,$8.71
10/20/2015,$9.49,555258,$8.50,$9.79,$8.40
10/19/2015,$8.20,1132467,$7.33,$8.72,$7.12
10/16/2015,$7.28,152327,$7.58,$7.60,$7.15
10/15/2015,$7.53,520698,$7.53,$7.83,$7.07
10/14/2015,$7.53,270367,$7.95,$8.33,$7.3191
10/13/2015,$7.96,391619,$7.75,$8.48,$7.25
10/12/2015,$7.59,368819,$8.05,$8.42,$7.13
10/09/2015,$8.01,130042,$8.29,$8.29,$7.86
10/08/2015,$8.21,141779,$8.73,$8.73,$8.005
10/07/2015,$8.71,134503,$8.96,$9.48,$8.41
10/06/2015,$8.92,464039,$8.98,$9.90,$8.38
10/05/2015,$8.83,344735,$9.32,$9.5501,$8.78
